customer_id,transaction_id,transaction_amount,payment_method,payment_status,failure_reason,attempt_number,previous_successful_payments,previous_failed_payments,customer_tenure_days,recovery_attempted,recovery_action,recovered,recovered_amount
CUST_00447,TXN_000001,13.75,card,failed,insufficient_funds,1,6,1,365,True,send_reminder,False,0.0
CUST_03870,TXN_000002,21.48,netbanking,failed,network_error,1,6,1,331,True,send_reminder,True,21.48
CUST_03273,TXN_000003,41.17,card,success,,2,10,2,305,False,,False,0.0
CUST_02194,TXN_000004,20.03,netbanking,failed,insufficient_funds,1,7,0,859,True,retry_payment,False,0.0
CUST_02165,TXN_000005,26.5,card,success,,1,9,1,1225,False,,False,0.0
CUST_04293,TXN_000006,47.14,card,success,,3,6,2,711,False,,False,0.0
CUST_00430,TXN_000007,25.05,card,success,,3,11,1,168,False,,False,0.0
CUST_03487,TXN_000008,39.68,upi,success,,3,12,0,672,False,,False,0.0
CUST_01008,TXN_000009,118.41,card,success,,1,11,0,1202,False,,False,0.0
CUST_00471,TXN_000010,28.86,card,success,,3,3,5,1465,False,,False,0.0
CUST_02632,TXN_000011,85.07,card,success,,2,9,0,709,False,,False,0.0
CUST_04878,TXN_000012,51.81,card,success,,1,9,3,1052,False,,False,0.0
CUST_03679,TXN_000013,10.24,wallet,success,,1,8,1,135,False,,False,0.0
CUST_03805,TXN_000014,13.71,upi,success,,3,8,0,1185,False,,False,0.0
CUST_03587,TXN_000015,17.0,card,failed,authentication_failed,1,9,1,103,True,send_reminder,True,17.0
CUST_03930,TXN_000016,16.71,card,success,,2,9,2,489,False,,False,0.0
CUST_02566,TXN_000017,30.81,card,success,,2,12,0,460,False,,False,0.0
CUST_00641,TXN_000018,54.15,card,failed,card_declined,3,7,2,745,True,send_reminder,True,54.15
CUST_04198,TXN_000019,90.39,card,success,,3,5,0,404,False,,False,0.0
CUST_02252,TXN_000020,42.37,card,success,,3,4,0,1287,False,,False,0.0
CUST_02502,TXN_000021,23.18,card,success,,2,7,0,881,False,,False,0.0
CUST_01854,TXN_000022,6.26,card,failed,insufficient_funds,2,7,2,939,False,,False,0.0
CUST_00913,TXN_000023,35.04,netbanking,success,,1,7,0,1236,False,,False,0.0
CUST_04633,TXN_000024,33.81,card,success,,3,5,1,393,False,,False,0.0
CUST_03908,TXN_000025,38.33,upi,success,,3,10,2,807,False,,False,0.0
CUST_03219,TXN_000026,178.57,upi,success,,1,11,0,124,False,,False,0.0
CUST_02012,TXN_000027,89.34,netbanking,success,,1,7,3,1423,False,,False,0.0
CUST_04113,TXN_000028,62.06,card,success,,3,14,1,1431,False,,False,0.0
CUST_02727,TXN_000029,15.34,netbanking,failed,card_declined,3,5,3,711,False,,False,0.0
CUST_02217,TXN_000030,21.97,netbanking,failed,expired_card,3,9,2,548,True,send_reminder,True,21.97
CUST_02252,TXN_000031,30.7,wallet,success,,1,3,1,1473,False,,False,0.0
CUST_01136,TXN_000032,17.81,netbanking,success,,3,9,0,944,False,,False,0.0
CUST_00461,TXN_000033,49.42,card,failed,network_error,2,6,1,446,False,,False,0.0
CUST_02773,TXN_000034,44.06,wallet,success,,1,12,0,548,False,,False,0.0
CUST_04439,TXN_000035,13.86,netbanking,success,,2,6,4,461,False,,False,0.0
CUST_00320,TXN_000036,86.27,card,success,,3,8,3,236,False,,False,0.0
CUST_04291,TXN_000037,35.94,card,success,,3,7,1,856,False,,False,0.0
CUST_04138,TXN_000038,8.3,wallet,success,,1,6,1,80,False,,False,0.0
CUST_01384,TXN_000039,31.78,card,success,,3,9,1,974,False,,False,0.0
CUST_03158,TXN_000040,41.47,netbanking,success,,3,8,3,130,False,,False,0.0
CUST_00826,TXN_000041,72.11,card,success,,3,9,1,629,False,,False,0.0
CUST_03790,TXN_000042,25.28,upi,success,,3,11,2,956,False,,False,0.0
CUST_03502,TXN_000043,64.22,card,failed,authentication_failed,2,14,2,308,True,update_payment_method,True,64.22
CUST_01773,TXN_000044,38.46,upi,success,,1,6,3,473,False,,False,0.0
CUST_00340,TXN_000045,11.56,upi,success,,1,8,1,755,False,,False,0.0
CUST_04853,TXN_000046,10.67,wallet,success,,2,3,0,1298,False,,False,0.0
CUST_02228,TXN_000047,81.29,card,success,,1,9,3,868,False,,False,0.0
CUST_04465,TXN_000048,86.21,card,success,,2,9,0,881,False,,False,0.0
CUST_03389,TXN_000049,42.88,card,success,,1,8,1,889,False,,False,0.0
CUST_03892,TXN_000050,109.57,card,success,,3,6,1,580,False,,False,0.0
CUST_03799,TXN_000051,77.11,wallet,success,,1,7,2,416,False,,False,0.0
CUST_00973,TXN_000052,57.22,card,success,,1,13,2,1432,False,,False,0.0
CUST_01820,TXN_000053,15.97,card,success,,2,7,2,207,False,,False,0.0
CUST_02334,TXN_000054,132.31,netbanking,success,,3,4,0,1004,False,,False,0.0
CUST_02489,TXN_000055,50.86,card,success,,2,6,0,552,False,,False,0.0
CUST_00219,TXN_000056,24.32,card,success,,3,8,1,1180,False,,False,0.0
CUST_02733,TXN_000057,19.4,upi,success,,1,5,2,1008,False,,False,0.0
CUST_00772,TXN_000058,40.67,card,success,,3,6,4,454,False,,False,0.0
CUST_03717,TXN_000059,8.7,netbanking,success,,1,7,0,403,False,,False,0.0
CUST_03415,TXN_000060,57.96,upi,success,,2,3,0,983,False,,False,0.0
CUST_04612,TXN_000061,15.44,card,failed,insufficient_funds,2,8,3,811,True,update_payment_method,False,0.0
CUST_03724,TXN_000062,44.54,upi,failed,expired_card,2,11,2,55,True,retry_payment,True,44.54
CUST_01833,TXN_000063,21.82,netbanking,success,,3,10,1,458,False,,False,0.0
CUST_04837,TXN_000064,26.8,card,success,,1,7,0,249,False,,False,0.0
CUST_02054,TXN_000065,18.07,upi,success,,3,12,2,260,False,,False,0.0
CUST_01629,TXN_000066,29.11,card,success,,3,9,2,770,False,,False,0.0
CUST_04527,TXN_000067,150.13,upi,success,,2,11,1,577,False,,False,0.0
CUST_01852,TXN_000068,100.29,upi,success,,1,9,1,335,False,,False,0.0
CUST_00382,TXN_000069,43.97,card,success,,2,10,1,104,False,,False,0.0
CUST_02348,TXN_000070,32.45,upi,failed,network_error,1,7,4,758,False,,False,0.0
CUST_03978,TXN_000071,65.06,card,success,,3,10,2,446,False,,False,0.0
CUST_00948,TXN_000072,81.78,upi,success,,1,9,1,328,False,,False,0.0
CUST_02315,TXN_000073,17.05,upi,failed,insufficient_funds,1,10,0,202,True,send_reminder,False,0.0
CUST_00650,TXN_000074,31.13,card,success,,3,15,2,753,False,,False,0.0
CUST_03432,TXN_000075,7.71,card,success,,3,9,0,649,False,,False,0.0
CUST_02379,TXN_000076,81.33,wallet,success,,2,10,1,1028,False,,False,0.0
CUST_01651,TXN_000077,172.78,card,success,,1,5,2,190,False,,False,0.0
CUST_01135,TXN_000078,35.31,card,success,,3,8,3,132,False,,False,0.0
CUST_02822,TXN_000079,6.05,card,success,,1,13,2,71,False,,False,0.0
CUST_03349,TXN_000080,53.9,upi,success,,1,12,0,1058,False,,False,0.0
CUST_04701,TXN_000081,16.07,card,success,,3,9,0,335,False,,False,0.0
CUST_02186,TXN_000082,19.48,netbanking,failed,card_declined,2,9,4,1257,False,,False,0.0
CUST_00804,TXN_000083,54.67,upi,success,,1,7,2,449,False,,False,0.0
CUST_04163,TXN_000084,40.59,card,failed,network_error,2,5,0,1338,True,offer_support,False,0.0
CUST_03149,TXN_000085,22.41,upi,success,,2,17,3,177,False,,False,0.0
CUST_03501,TXN_000086,19.69,card,failed,network_error,2,6,1,355,False,,False,0.0
CUST_00487,TXN_000087,36.62,card,success,,3,6,1,1220,False,,False,0.0
CUST_01562,TXN_000088,23.87,upi,success,,1,9,0,424,False,,False,0.0
CUST_03839,TXN_000089,13.63,card,failed,network_error,2,4,2,1153,True,send_reminder,True,13.63
CUST_04161,TXN_000090,25.38,netbanking,failed,card_declined,2,8,2,80,True,offer_support,True,25.38
CUST_02176,TXN_000091,43.45,upi,success,,3,11,0,449,False,,False,0.0
CUST_04024,TXN_000092,28.72,card,success,,2,3,3,1416,False,,False,0.0
CUST_04208,TXN_000093,10.69,wallet,success,,1,9,2,331,False,,False,0.0
CUST_01938,TXN_000094,73.06,upi,success,,3,10,1,1377,False,,False,0.0
CUST_04490,TXN_000095,3.7,card,success,,1,12,2,426,False,,False,0.0
CUST_01442,TXN_000096,23.17,upi,success,,2,9,5,1273,False,,False,0.0
CUST_01198,TXN_000097,20.16,wallet,success,,2,16,0,469,False,,False,0.0
CUST_03412,TXN_000098,37.28,card,success,,1,7,1,1011,False,,False,0.0
CUST_03184,TXN_000099,51.9,card,failed,insufficient_funds,1,9,1,874,True,retry_payment,True,51.9
CUST_00699,TXN_000100,81.57,upi,success,,1,6,1,550,False,,False,0.0
CUST_04163,TXN_000101,18.73,card,success,,3,6,2,655,False,,False,0.0
CUST_01000,TXN_000102,52.95,card,success,,1,6,1,946,False,,False,0.0
CUST_04024,TXN_000103,38.73,upi,success,,2,9,1,1130,False,,False,0.0
CUST_00037,TXN_000104,8.42,netbanking,success,,1,8,0,934,False,,False,0.0
CUST_03984,TXN_000105,151.48,upi,success,,3,6,1,116,False,,False,0.0
CUST_03934,TXN_000106,10.47,card,success,,3,10,1,1038,False,,False,0.0
CUST_03902,TXN_000107,46.32,card,failed,expired_card,1,9,1,736,True,update_payment_method,False,0.0
CUST_03324,TXN_000108,45.24,card,success,,3,18,0,1219,False,,False,0.0
CUST_02358,TXN_000109,41.29,card,success,,2,5,2,425,False,,False,0.0
CUST_03526,TXN_000110,22.29,upi,success,,1,7,0,456,False,,False,0.0
CUST_01386,TXN_000111,64.19,card,success,,1,9,1,970,False,,False,0.0
CUST_03903,TXN_000112,9.5,netbanking,success,,3,7,4,261,False,,False,0.0
CUST_02778,TXN_000113,31.42,upi,success,,2,8,1,1116,False,,False,0.0
CUST_02295,TXN_000114,21.09,upi,success,,1,14,2,665,False,,False,0.0
CUST_02528,TXN_000115,19.26,netbanking,success,,2,9,1,1441,False,,False,0.0
CUST_02844,TXN_000116,46.67,upi,success,,3,12,3,135,False,,False,0.0
CUST_00187,TXN_000117,78.41,netbanking,success,,2,5,1,541,False,,False,0.0
CUST_00699,TXN_000118,25.16,netbanking,failed,card_declined,1,8,0,435,False,,False,0.0
CUST_01228,TXN_000119,61.84,upi,success,,1,2,3,480,False,,False,0.0
CUST_00573,TXN_000120,34.46,card,success,,2,9,0,1330,False,,False,0.0
CUST_02198,TXN_000121,16.21,card,failed,network_error,2,9,3,1452,False,,False,0.0
CUST_03342,TXN_000122,26.94,netbanking,success,,3,7,2,810,False,,False,0.0
CUST_03272,TXN_000123,26.06,card,success,,3,6,1,1051,False,,False,0.0
CUST_02356,TXN_000124,18.97,wallet,success,,1,7,0,874,False,,False,0.0
CUST_04275,TXN_000125,46.66,card,success,,3,9,0,404,False,,False,0.0
CUST_02826,TXN_000126,39.95,upi,success,,1,7,2,942,False,,False,0.0
CUST_00396,TXN_000127,9.28,card,success,,1,8,3,818,False,,False,0.0
CUST_03825,TXN_000128,8.84,wallet,success,,3,8,0,915,False,,False,0.0
CUST_02873,TXN_000129,46.51,card,failed,expired_card,3,5,4,644,True,update_payment_method,True,46.51
CUST_03173,TXN_000130,17.25,card,success,,3,14,0,615,False,,False,0.0
CUST_02827,TXN_000131,42.17,netbanking,success,,2,4,1,1036,False,,False,0.0
CUST_02768,TXN_000132,61.85,card,failed,expired_card,3,15,0,865,True,offer_support,True,61.85
CUST_00453,TXN_000133,11.98,card,success,,2,9,1,789,False,,False,0.0
CUST_02796,TXN_000134,10.71,netbanking,success,,2,9,1,1144,False,,False,0.0
CUST_03974,TXN_000135,126.41,netbanking,success,,3,7,1,407,False,,False,0.0
CUST_01520,TXN_000136,43.87,card,success,,1,5,1,65,False,,False,0.0
CUST_03014,TXN_000137,23.68,upi,success,,3,7,1,1395,False,,False,0.0
CUST_00155,TXN_000138,15.69,card,success,,2,6,2,304,False,,False,0.0
CUST_01738,TXN_000139,22.01,card,success,,1,8,0,592,False,,False,0.0
CUST_02184,TXN_000140,12.78,upi,success,,3,9,2,274,False,,False,0.0
CUST_04913,TXN_000141,67.14,card,failed,network_error,2,9,4,280,False,,False,0.0
CUST_01073,TXN_000142,17.79,upi,success,,1,6,1,31,False,,False,0.0
CUST_01383,TXN_000143,79.43,card,success,,3,12,1,110,False,,False,0.0
CUST_02043,TXN_000144,24.03,netbanking,success,,1,6,0,784,False,,False,0.0
CUST_04963,TXN_000145,14.37,upi,success,,2,3,2,1110,False,,False,0.0
CUST_04267,TXN_000146,23.55,card,success,,3,4,3,465,False,,False,0.0
CUST_00174,TXN_000147,4.06,wallet,success,,1,5,0,1296,False,,False,0.0
CUST_01170,TXN_000148,30.07,netbanking,success,,3,13,1,447,False,,False,0.0
CUST_04108,TXN_000149,28.9,card,success,,2,8,0,8,False,,False,0.0
CUST_00292,TXN_000150,64.06,wallet,success,,2,11,1,1244,False,,False,0.0
CUST_04278,TXN_000151,7.32,card,success,,1,6,1,266,False,,False,0.0
CUST_01407,TXN_000152,83.89,card,success,,3,7,0,1125,False,,False,0.0
CUST_04588,TXN_000153,63.85,card,failed,insufficient_funds,1,5,1,1188,False,,False,0.0
CUST_01468,TXN_000154,90.16,card,success,,1,9,2,924,False,,False,0.0
CUST_02172,TXN_000155,31.75,upi,success,,1,14,0,1491,False,,False,0.0
CUST_03309,TXN_000156,74.52,upi,success,,2,4,2,347,False,,False,0.0
CUST_00632,TXN_000157,10.21,netbanking,success,,3,12,1,663,False,,False,0.0
CUST_02785,TXN_000158,58.58,card,success,,3,8,5,326,False,,False,0.0
CUST_02525,TXN_000159,17.87,card,failed,network_error,3,5,0,782,True,offer_support,True,17.87
CUST_03919,TXN_000160,8.84,card,success,,1,10,1,655,False,,False,0.0
CUST_04980,TXN_000161,13.47,card,failed,expired_card,2,5,1,452,False,,False,0.0
CUST_03321,TXN_000162,33.26,wallet,success,,2,8,2,1328,False,,False,0.0
CUST_02046,TXN_000163,17.13,upi,failed,expired_card,2,7,3,1339,False,,False,0.0
CUST_02032,TXN_000164,44.74,netbanking,failed,insufficient_funds,2,4,1,384,False,,False,0.0
CUST_02090,TXN_000165,7.79,upi,success,,1,6,0,249,False,,False,0.0
CUST_04070,TXN_000166,6.04,card,success,,2,17,0,1066,False,,False,0.0
CUST_01606,TXN_000167,99.28,card,success,,2,4,0,1410,False,,False,0.0
CUST_00835,TXN_000168,68.24,card,success,,3,6,1,1453,False,,False,0.0
CUST_01672,TXN_000169,14.3,netbanking,success,,3,20,1,248,False,,False,0.0
CUST_00114,TXN_000170,33.04,card,success,,3,8,1,1436,False,,False,0.0
CUST_00531,TXN_000171,74.86,card,success,,2,2,0,1051,False,,False,0.0
CUST_00451,TXN_000172,46.31,upi,success,,2,12,0,379,False,,False,0.0
CUST_03857,TXN_000173,37.28,card,success,,3,7,1,327,False,,False,0.0
CUST_03612,TXN_000174,79.53,upi,success,,3,6,3,262,False,,False,0.0
CUST_03484,TXN_000175,18.46,card,success,,3,8,0,649,False,,False,0.0
CUST_02309,TXN_000176,33.95,upi,success,,3,13,2,721,False,,False,0.0
CUST_03585,TXN_000177,32.65,card,success,,2,7,0,229,False,,False,0.0
CUST_00807,TXN_000178,26.62,netbanking,success,,3,6,0,1249,False,,False,0.0
CUST_04503,TXN_000179,24.24,upi,success,,2,11,1,932,False,,False,0.0
CUST_02505,TXN_000180,35.1,card,success,,3,10,0,122,False,,False,0.0
CUST_04690,TXN_000181,34.04,netbanking,success,,3,9,4,384,False,,False,0.0
CUST_00762,TXN_000182,14.31,netbanking,success,,1,8,0,973,False,,False,0.0
CUST_02487,TXN_000183,62.89,upi,success,,3,6,4,1370,False,,False,0.0
CUST_03481,TXN_000184,15.16,wallet,success,,3,5,3,655,False,,False,0.0
CUST_02478,TXN_000185,27.81,netbanking,success,,3,8,2,376,False,,False,0.0
CUST_02231,TXN_000186,26.15,card,success,,1,5,1,83,False,,False,0.0
CUST_00831,TXN_000187,44.1,card,failed,authentication_failed,2,16,0,521,False,,False,0.0
CUST_01905,TXN_000188,6.08,card,success,,1,5,3,288,False,,False,0.0
CUST_01194,TXN_000189,67.54,upi,success,,1,6,0,1460,False,,False,0.0
CUST_01508,TXN_000190,19.27,wallet,success,,2,5,1,1065,False,,False,0.0
CUST_03418,TXN_000191,87.88,upi,success,,3,11,1,670,False,,False,0.0
CUST_03151,TXN_000192,22.59,card,success,,1,9,1,821,False,,False,0.0
CUST_03036,TXN_000193,31.85,wallet,success,,3,11,2,739,False,,False,0.0
CUST_01809,TXN_000194,153.09,upi,success,,1,4,2,522,False,,False,0.0
CUST_04798,TXN_000195,26.53,card,success,,1,11,2,173,False,,False,0.0
CUST_00439,TXN_000196,89.22,wallet,success,,2,5,1,304,False,,False,0.0
CUST_01713,TXN_000197,34.17,card,success,,1,12,2,841,False,,False,0.0
CUST_00590,TXN_000198,46.17,upi,success,,1,5,1,1389,False,,False,0.0
CUST_01695,TXN_000199,35.02,upi,success,,3,7,2,226,False,,False,0.0
CUST_04809,TXN_000200,65.25,wallet,success,,3,4,2,685,False,,False,0.0
CUST_01831,TXN_000201,19.14,card,success,,1,8,1,1187,False,,False,0.0
CUST_04542,TXN_000202,15.07,card,success,,3,9,2,888,False,,False,0.0
CUST_02475,TXN_000203,19.87,upi,success,,1,5,0,665,False,,False,0.0
CUST_03498,TXN_000204,35.87,netbanking,success,,3,8,0,611,False,,False,0.0
CUST_02287,TXN_000205,27.75,card,success,,3,9,0,1392,False,,False,0.0
CUST_01330,TXN_000206,58.45,card,success,,1,11,1,193,False,,False,0.0
CUST_03821,TXN_000207,94.05,wallet,success,,1,8,1,25,False,,False,0.0
CUST_04845,TXN_000208,15.17,netbanking,success,,2,6,0,1369,False,,False,0.0
CUST_01318,TXN_000209,18.41,card,success,,3,6,2,713,False,,False,0.0
CUST_03893,TXN_000210,10.5,card,success,,1,7,2,694,False,,False,0.0
CUST_01306,TXN_000211,168.06,upi,failed,network_error,3,11,0,241,True,update_payment_method,False,0.0
CUST_03584,TXN_000212,42.26,upi,success,,2,11,1,1118,False,,False,0.0
CUST_03945,TXN_000213,48.61,upi,success,,3,10,3,769,False,,False,0.0
CUST_02247,TXN_000214,11.33,netbanking,success,,1,2,2,565,False,,False,0.0
CUST_03684,TXN_000215,33.08,card,failed,network_error,2,9,1,1266,True,update_payment_method,False,0.0
CUST_01361,TXN_000216,49.77,netbanking,success,,2,5,4,816,False,,False,0.0
CUST_00397,TXN_000217,27.05,card,success,,2,7,0,1370,False,,False,0.0
CUST_00482,TXN_000218,78.3,netbanking,failed,authentication_failed,1,4,2,564,False,,False,0.0
CUST_02235,TXN_000219,210.5,card,success,,2,11,3,70,False,,False,0.0
CUST_04513,TXN_000220,15.52,card,success,,3,10,1,245,False,,False,0.0
CUST_00638,TXN_000221,14.62,card,success,,3,9,1,96,False,,False,0.0
CUST_02279,TXN_000222,16.41,card,failed,insufficient_funds,1,7,1,592,True,update_payment_method,False,0.0
CUST_03520,TXN_000223,119.7,card,success,,1,8,1,645,False,,False,0.0
CUST_01012,TXN_000224,76.24,upi,success,,2,5,5,1304,False,,False,0.0
CUST_03608,TXN_000225,29.71,netbanking,success,,1,12,3,695,False,,False,0.0
CUST_01530,TXN_000226,34.1,upi,failed,expired_card,1,9,0,724,True,send_reminder,True,34.1
CUST_04043,TXN_000227,17.23,upi,success,,1,9,2,65,False,,False,0.0
CUST_02896,TXN_000228,67.49,card,success,,2,11,1,1110,False,,False,0.0
CUST_02734,TXN_000229,24.44,netbanking,success,,1,8,3,701,False,,False,0.0
CUST_00884,TXN_000230,26.89,card,success,,3,7,0,472,False,,False,0.0
CUST_02316,TXN_000231,53.89,card,success,,1,5,1,156,False,,False,0.0
CUST_04283,TXN_000232,28.49,card,success,,1,8,1,499,False,,False,0.0
CUST_00098,TXN_000233,27.44,card,success,,2,6,3,1125,False,,False,0.0
CUST_03792,TXN_000234,33.4,upi,success,,1,7,2,88,False,,False,0.0
CUST_02464,TXN_000235,62.57,card,success,,2,12,0,735,False,,False,0.0
CUST_03597,TXN_000236,123.62,card,success,,1,8,2,357,False,,False,0.0
CUST_03316,TXN_000237,52.9,netbanking,success,,3,6,0,661,False,,False,0.0
CUST_02161,TXN_000238,62.97,card,success,,2,12,3,633,False,,False,0.0
CUST_01544,TXN_000239,28.22,upi,success,,1,7,1,937,False,,False,0.0
CUST_03136,TXN_000240,18.8,card,success,,2,3,1,301,False,,False,0.0
CUST_00701,TXN_000241,55.88,netbanking,success,,2,8,4,555,False,,False,0.0
CUST_02920,TXN_000242,37.98,upi,success,,3,6,2,1350,False,,False,0.0
CUST_00474,TXN_000243,10.61,card,success,,3,5,2,1095,False,,False,0.0
CUST_03249,TXN_000244,25.47,netbanking,failed,card_declined,3,6,1,1003,True,offer_support,False,0.0
CUST_03144,TXN_000245,30.99,card,success,,3,8,1,836,False,,False,0.0
CUST_00423,TXN_000246,22.01,card,success,,1,7,1,603,False,,False,0.0
CUST_03787,TXN_000247,108.35,upi,success,,3,8,3,332,False,,False,0.0
CUST_02079,TXN_000248,48.61,upi,success,,3,6,1,876,False,,False,0.0
CUST_03934,TXN_000249,99.34,card,failed,network_error,1,7,1,1202,False,,False,0.0
CUST_00209,TXN_000250,40.88,card,success,,3,6,3,1281,False,,False,0.0
CUST_00898,TXN_000251,35.34,card,success,,2,14,0,445,False,,False,0.0
CUST_02470,TXN_000252,15.65,upi,failed,insufficient_funds,2,8,0,507,True,update_payment_method,True,15.65
CUST_00941,TXN_000253,33.43,wallet,success,,3,7,3,182,False,,False,0.0
CUST_01649,TXN_000254,33.46,card,success,,2,6,3,476,False,,False,0.0
CUST_03303,TXN_000255,11.09,wallet,failed,expired_card,3,13,1,630,True,send_reminder,True,11.09
CUST_00723,TXN_000256,21.51,card,success,,3,8,3,730,False,,False,0.0
CUST_03388,TXN_000257,25.57,netbanking,success,,2,4,0,673,False,,False,0.0
CUST_00517,TXN_000258,46.1,wallet,success,,2,11,0,1196,False,,False,0.0
CUST_00876,TXN_000259,47.9,upi,failed,expired_card,3,11,4,1379,True,offer_support,True,47.9
CUST_02938,TXN_000260,20.8,card,success,,2,5,1,1202,False,,False,0.0
CUST_03967,TXN_000261,48.19,card,success,,3,8,1,1048,False,,False,0.0
CUST_00853,TXN_000262,28.63,card,failed,insufficient_funds,1,6,2,665,True,update_payment_method,False,0.0
CUST_01500,TXN_000263,3.33,upi,success,,3,9,2,883,False,,False,0.0
CUST_04625,TXN_000264,22.47,wallet,success,,2,4,1,109,False,,False,0.0
CUST_04948,TXN_000265,78.51,card,success,,3,7,3,1320,False,,False,0.0
CUST_02905,TXN_000266,8.62,card,success,,2,8,0,1122,False,,False,0.0
CUST_02235,TXN_000267,36.24,card,success,,2,9,2,1361,False,,False,0.0
CUST_01735,TXN_000268,117.71,upi,failed,authentication_failed,1,7,2,1154,True,offer_support,True,117.71
CUST_03062,TXN_000269,18.02,upi,failed,expired_card,1,7,1,1441,True,update_payment_method,True,18.02
CUST_02954,TXN_000270,33.17,card,success,,3,5,2,9,False,,False,0.0
CUST_01474,TXN_000271,11.67,netbanking,success,,2,6,0,995,False,,False,0.0
CUST_00114,TXN_000272,121.73,card,success,,1,4,3,797,False,,False,0.0
CUST_00758,TXN_000273,30.98,upi,success,,1,7,1,1488,False,,False,0.0
CUST_04792,TXN_000274,34.37,card,success,,1,12,2,378,False,,False,0.0
CUST_02091,TXN_000275,97.85,card,success,,3,8,1,825,False,,False,0.0
CUST_02412,TXN_000276,56.21,upi,success,,2,5,0,82,False,,False,0.0
CUST_02336,TXN_000277,16.44,upi,success,,2,8,0,485,False,,False,0.0
CUST_03913,TXN_000278,19.73,card,failed,card_declined,3,1,1,1220,True,update_payment_method,True,19.73
CUST_00325,TXN_000279,49.2,netbanking,success,,2,11,1,1079,False,,False,0.0
CUST_00414,TXN_000280,20.1,upi,success,,1,6,1,1140,False,,False,0.0
CUST_01379,TXN_000281,6.09,card,success,,2,6,3,585,False,,False,0.0
CUST_02433,TXN_000282,31.73,wallet,success,,3,5,1,40,False,,False,0.0
CUST_03355,TXN_000283,10.13,wallet,success,,3,4,2,55,False,,False,0.0
CUST_02454,TXN_000284,120.67,card,success,,2,6,2,215,False,,False,0.0
CUST_02206,TXN_000285,38.15,wallet,success,,1,8,0,592,False,,False,0.0
CUST_04689,TXN_000286,16.05,netbanking,success,,1,10,0,1128,False,,False,0.0
CUST_00805,TXN_000287,18.94,card,success,,1,3,1,666,False,,False,0.0
CUST_02859,TXN_000288,7.3,upi,success,,1,10,2,634,False,,False,0.0
CUST_02711,TXN_000289,13.74,card,success,,3,7,1,222,False,,False,0.0
CUST_02367,TXN_000290,74.67,upi,success,,2,5,2,288,False,,False,0.0
CUST_04038,TXN_000291,197.44,wallet,failed,card_declined,1,8,2,911,True,retry_payment,True,197.44
CUST_01335,TXN_000292,59.21,card,success,,2,4,1,1136,False,,False,0.0
CUST_04768,TXN_000293,30.76,upi,success,,2,8,0,1299,False,,False,0.0
CUST_01658,TXN_000294,23.44,card,success,,1,8,2,16,False,,False,0.0
CUST_02725,TXN_000295,15.41,upi,success,,3,9,1,443,False,,False,0.0
CUST_02603,TXN_000296,172.05,netbanking,success,,2,7,0,133,False,,False,0.0
CUST_04249,TXN_000297,28.47,card,success,,2,8,1,417,False,,False,0.0
CUST_02195,TXN_000298,179.92,upi,success,,2,13,4,527,False,,False,0.0
CUST_01423,TXN_000299,100.97,card,success,,3,11,1,901,False,,False,0.0
CUST_00109,TXN_000300,8.23,upi,success,,3,9,1,712,False,,False,0.0
CUST_01819,TXN_000301,19.44,upi,success,,1,7,2,1283,False,,False,0.0
CUST_04131,TXN_000302,19.39,upi,success,,3,8,1,779,False,,False,0.0
CUST_00050,TXN_000303,31.07,card,success,,1,9,2,231,False,,False,0.0
CUST_04480,TXN_000304,31.56,upi,success,,1,6,2,1154,False,,False,0.0
CUST_02714,TXN_000305,363.94,upi,success,,2,10,2,401,False,,False,0.0
CUST_00702,TXN_000306,13.99,upi,success,,2,6,1,1364,False,,False,0.0
CUST_01511,TXN_000307,39.77,upi,success,,2,10,0,282,False,,False,0.0
CUST_02770,TXN_000308,54.23,netbanking,success,,1,6,0,1479,False,,False,0.0
CUST_01579,TXN_000309,33.07,card,success,,2,10,0,1463,False,,False,0.0
CUST_00543,TXN_000310,36.17,card,success,,2,8,3,1317,False,,False,0.0
CUST_03330,TXN_000311,14.36,wallet,success,,1,3,2,542,False,,False,0.0
CUST_03361,TXN_000312,36.06,card,success,,2,10,2,521,False,,False,0.0
CUST_00595,TXN_000313,49.86,wallet,success,,1,11,0,744,False,,False,0.0
CUST_01406,TXN_000314,43.04,upi,success,,3,7,2,363,False,,False,0.0
CUST_01220,TXN_000315,52.26,wallet,success,,3,4,2,429,False,,False,0.0
CUST_03297,TXN_000316,102.52,upi,success,,2,4,4,399,False,,False,0.0
CUST_03651,TXN_000317,70.08,netbanking,success,,1,13,3,1356,False,,False,0.0
CUST_03635,TXN_000318,35.06,upi,success,,3,14,1,951,False,,False,0.0
CUST_04693,TXN_000319,12.97,upi,success,,2,10,5,97,False,,False,0.0
CUST_03843,TXN_000320,20.49,card,success,,2,9,3,268,False,,False,0.0
CUST_01604,TXN_000321,27.78,card,success,,3,11,1,648,False,,False,0.0
CUST_00539,TXN_000322,40.52,card,success,,2,10,1,986,False,,False,0.0
CUST_03073,TXN_000323,22.59,wallet,success,,3,8,3,634,False,,False,0.0
CUST_04580,TXN_000324,15.66,card,success,,1,7,1,297,False,,False,0.0
CUST_04875,TXN_000325,12.8,netbanking,failed,network_error,2,4,1,849,True,update_payment_method,False,0.0
CUST_01151,TXN_000326,8.84,upi,success,,1,6,1,1166,False,,False,0.0
CUST_01183,TXN_000327,27.44,card,success,,2,4,2,11,False,,False,0.0
CUST_00188,TXN_000328,10.22,wallet,success,,3,9,3,1021,False,,False,0.0
CUST_00707,TXN_000329,14.87,card,success,,2,6,3,1053,False,,False,0.0
CUST_02774,TXN_000330,24.16,upi,failed,network_error,3,7,3,216,True,offer_support,True,24.16
CUST_02734,TXN_000331,11.37,upi,failed,expired_card,3,7,2,800,False,,False,0.0
CUST_01855,TXN_000332,44.87,card,success,,1,14,0,269,False,,False,0.0
CUST_01550,TXN_000333,59.87,card,success,,3,13,0,1104,False,,False,0.0
CUST_04149,TXN_000334,21.34,upi,success,,2,7,0,670,False,,False,0.0
CUST_02300,TXN_000335,23.34,card,success,,2,11,1,332,False,,False,0.0
CUST_04041,TXN_000336,50.9,netbanking,success,,1,4,1,592,False,,False,0.0
CUST_04816,TXN_000337,18.71,upi,failed,insufficient_funds,1,10,2,1343,True,offer_support,False,0.0
CUST_01586,TXN_000338,17.7,card,success,,2,8,1,816,False,,False,0.0
CUST_01014,TXN_000339,86.25,card,failed,authentication_failed,3,8,2,588,False,,False,0.0
CUST_04764,TXN_000340,67.18,card,success,,3,12,2,873,False,,False,0.0
CUST_03174,TXN_000341,53.58,netbanking,success,,2,13,1,743,False,,False,0.0
CUST_01455,TXN_000342,69.44,upi,failed,authentication_failed,1,9,2,526,False,,False,0.0
CUST_03109,TXN_000343,6.81,card,success,,2,13,1,747,False,,False,0.0
CUST_02575,TXN_000344,97.81,upi,success,,1,6,1,532,False,,False,0.0
CUST_04527,TXN_000345,45.32,upi,success,,3,8,3,818,False,,False,0.0
CUST_01280,TXN_000346,74.34,upi,success,,3,7,0,1436,False,,False,0.0
CUST_04956,TXN_000347,45.14,card,success,,3,4,1,1164,False,,False,0.0
CUST_04680,TXN_000348,34.44,card,success,,1,9,2,552,False,,False,0.0
CUST_00904,TXN_000349,26.57,card,failed,card_declined,2,9,2,617,True,retry_payment,False,0.0
CUST_00823,TXN_000350,44.42,upi,success,,1,11,0,1297,False,,False,0.0
CUST_02666,TXN_000351,25.81,upi,success,,1,13,2,279,False,,False,0.0
CUST_00225,TXN_000352,66.31,card,success,,2,4,1,930,False,,False,0.0
CUST_01494,TXN_000353,9.31,card,success,,2,9,2,680,False,,False,0.0
CUST_02176,TXN_000354,21.47,upi,success,,3,3,2,836,False,,False,0.0
CUST_04846,TXN_000355,170.01,card,success,,1,13,2,1439,False,,False,0.0
CUST_04961,TXN_000356,20.07,upi,success,,3,6,3,814,False,,False,0.0
CUST_00758,TXN_000357,27.36,card,success,,3,15,2,354,False,,False,0.0
CUST_04458,TXN_000358,16.35,card,success,,3,10,2,263,False,,False,0.0
CUST_00455,TXN_000359,43.32,upi,failed,authentication_failed,1,6,1,615,True,offer_support,False,0.0
CUST_03743,TXN_000360,18.37,card,failed,insufficient_funds,2,7,2,821,False,,False,0.0
CUST_04228,TXN_000361,28.55,upi,success,,2,15,1,1393,False,,False,0.0
CUST_04454,TXN_000362,65.31,card,success,,3,11,3,1316,False,,False,0.0
CUST_01117,TXN_000363,18.93,card,success,,3,5,1,1247,False,,False,0.0
CUST_04467,TXN_000364,62.23,upi,failed,card_declined,2,9,2,917,True,update_payment_method,True,62.23
CUST_00580,TXN_000365,63.93,card,success,,3,8,1,1459,False,,False,0.0
CUST_02594,TXN_000366,77.01,upi,failed,card_declined,2,9,0,935,True,offer_support,False,0.0
CUST_02348,TXN_000367,37.06,netbanking,failed,network_error,1,9,1,1019,True,update_payment_method,True,37.06
CUST_01580,TXN_000368,442.75,wallet,success,,1,11,1,207,False,,False,0.0
CUST_00111,TXN_000369,76.99,card,failed,card_declined,2,10,0,407,True,retry_payment,True,76.99
CUST_03860,TXN_000370,42.94,card,success,,1,4,0,1153,False,,False,0.0
CUST_01678,TXN_000371,16.43,card,success,,1,4,2,1022,False,,False,0.0
CUST_03308,TXN_000372,30.64,netbanking,success,,2,12,0,82,False,,False,0.0
CUST_02051,TXN_000373,103.65,card,success,,1,12,1,1370,False,,False,0.0
CUST_01868,TXN_000374,130.01,card,success,,3,9,0,1163,False,,False,0.0
CUST_04431,TXN_000375,108.06,upi,success,,1,6,4,177,False,,False,0.0
CUST_00473,TXN_000376,62.06,card,success,,2,12,3,173,False,,False,0.0
CUST_03683,TXN_000377,12.13,upi,success,,3,11,0,176,False,,False,0.0
CUST_03734,TXN_000378,48.9,upi,success,,3,10,2,1006,False,,False,0.0
CUST_01900,TXN_000379,12.27,upi,success,,3,7,4,1189,False,,False,0.0
CUST_01313,TXN_000380,10.07,upi,success,,1,6,0,337,False,,False,0.0
CUST_00027,TXN_000381,40.1,card,success,,2,3,3,1482,False,,False,0.0
CUST_04684,TXN_000382,50.33,upi,success,,1,9,1,1304,False,,False,0.0
CUST_04738,TXN_000383,68.22,upi,failed,insufficient_funds,1,11,1,304,True,retry_payment,True,68.22
CUST_01205,TXN_000384,49.29,card,success,,3,8,7,480,False,,False,0.0
CUST_00160,TXN_000385,50.67,netbanking,success,,1,5,1,1396,False,,False,0.0
CUST_00614,TXN_000386,15.06,netbanking,success,,1,6,0,1346,False,,False,0.0
CUST_00339,TXN_000387,30.45,wallet,failed,network_error,1,9,1,212,False,,False,0.0
CUST_04155,TXN_000388,9.92,upi,success,,2,6,1,73,False,,False,0.0
CUST_04459,TXN_000389,6.67,card,success,,3,5,3,1388,False,,False,0.0
CUST_00767,TXN_000390,59.89,card,success,,1,9,2,377,False,,False,0.0
CUST_03733,TXN_000391,18.13,card,success,,1,2,0,594,False,,False,0.0
CUST_00897,TXN_000392,66.55,card,success,,3,10,1,199,False,,False,0.0
CUST_01836,TXN_000393,80.37,card,success,,1,9,1,1198,False,,False,0.0
CUST_02997,TXN_000394,20.18,card,success,,1,8,1,1210,False,,False,0.0
CUST_03599,TXN_000395,53.1,card,success,,1,12,1,23,False,,False,0.0
CUST_04372,TXN_000396,19.51,netbanking,success,,3,6,2,263,False,,False,0.0
CUST_00224,TXN_000397,7.56,card,success,,3,8,3,1454,False,,False,0.0
CUST_00982,TXN_000398,36.55,upi,success,,1,12,2,98,False,,False,0.0
CUST_01403,TXN_000399,22.72,netbanking,success,,1,8,1,1377,False,,False,0.0
CUST_01552,TXN_000400,23.29,upi,success,,1,9,2,483,False,,False,0.0
CUST_04990,TXN_000401,160.82,card,success,,2,9,1,447,False,,False,0.0
CUST_03887,TXN_000402,9.77,upi,success,,3,4,0,467,False,,False,0.0
CUST_01602,TXN_000403,44.98,netbanking,success,,3,4,1,222,False,,False,0.0
CUST_04859,TXN_000404,14.94,netbanking,success,,2,7,0,1168,False,,False,0.0
CUST_02497,TXN_000405,68.48,card,success,,3,12,1,338,False,,False,0.0
CUST_02504,TXN_000406,42.05,card,success,,1,11,3,96,False,,False,0.0
CUST_02169,TXN_000407,44.86,upi,success,,3,7,1,191,False,,False,0.0
CUST_00720,TXN_000408,15.55,card,success,,2,9,1,1246,False,,False,0.0
CUST_04671,TXN_000409,17.95,netbanking,success,,3,5,4,1408,False,,False,0.0
CUST_00070,TXN_000410,69.53,upi,success,,1,10,2,212,False,,False,0.0
CUST_00872,TXN_000411,136.54,netbanking,success,,3,6,2,1187,False,,False,0.0
CUST_01149,TXN_000412,48.63,wallet,success,,1,11,1,453,False,,False,0.0
CUST_01397,TXN_000413,16.15,upi,success,,3,3,0,443,False,,False,0.0
CUST_00659,TXN_000414,43.43,wallet,success,,1,5,0,1133,False,,False,0.0
CUST_00090,TXN_000415,230.9,upi,success,,1,5,0,466,False,,False,0.0
CUST_03388,TXN_000416,35.94,card,failed,expired_card,2,7,3,1087,True,send_reminder,True,35.94
CUST_04846,TXN_000417,106.64,netbanking,success,,2,11,3,976,False,,False,0.0
CUST_00610,TXN_000418,18.32,upi,success,,1,4,2,1262,False,,False,0.0
CUST_01483,TXN_000419,32.02,wallet,success,,1,9,2,1296,False,,False,0.0
CUST_02532,TXN_000420,54.36,card,success,,3,2,1,449,False,,False,0.0
CUST_04637,TXN_000421,45.51,card,success,,1,8,2,64,False,,False,0.0
CUST_03471,TXN_000422,17.94,netbanking,success,,3,6,0,1403,False,,False,0.0
CUST_03831,TXN_000423,17.33,card,failed,expired_card,1,8,4,515,True,retry_payment,False,0.0
CUST_02906,TXN_000424,73.01,upi,success,,1,4,0,736,False,,False,0.0
CUST_02085,TXN_000425,85.9,upi,failed,insufficient_funds,1,5,0,1421,False,,False,0.0
CUST_00999,TXN_000426,111.02,card,success,,2,5,0,138,False,,False,0.0
CUST_04321,TXN_000427,140.21,card,success,,2,12,1,691,False,,False,0.0
CUST_04020,TXN_000428,36.88,netbanking,failed,insufficient_funds,2,4,1,217,True,offer_support,False,0.0
CUST_00126,TXN_000429,25.82,card,success,,3,5,0,740,False,,False,0.0
CUST_03577,TXN_000430,97.59,upi,success,,2,8,0,215,False,,False,0.0
CUST_00422,TXN_000431,58.58,upi,success,,1,7,0,510,False,,False,0.0
CUST_03695,TXN_000432,15.09,upi,success,,2,9,2,718,False,,False,0.0
CUST_04129,TXN_000433,14.48,card,success,,1,12,2,1327,False,,False,0.0
CUST_00656,TXN_000434,49.08,card,success,,2,9,2,718,False,,False,0.0
CUST_02169,TXN_000435,28.74,netbanking,success,,2,9,5,834,False,,False,0.0
CUST_00619,TXN_000436,32.42,card,success,,1,5,1,840,False,,False,0.0
CUST_02836,TXN_000437,78.1,card,success,,3,14,1,1454,False,,False,0.0
CUST_04637,TXN_000438,60.78,wallet,failed,card_declined,2,9,2,330,False,,False,0.0
CUST_00405,TXN_000439,95.96,card,success,,1,10,1,318,False,,False,0.0
CUST_01988,TXN_000440,7.06,card,success,,1,2,1,557,False,,False,0.0
CUST_04865,TXN_000441,40.56,wallet,failed,network_error,1,12,1,115,False,,False,0.0
CUST_01505,TXN_000442,57.73,card,success,,3,5,1,505,False,,False,0.0
CUST_00661,TXN_000443,9.76,card,success,,1,6,2,77,False,,False,0.0
CUST_02443,TXN_000444,19.61,card,success,,2,4,2,863,False,,False,0.0
CUST_02542,TXN_000445,16.91,netbanking,failed,insufficient_funds,2,9,3,348,True,send_reminder,False,0.0
CUST_03314,TXN_000446,33.7,netbanking,success,,2,5,1,981,False,,False,0.0
CUST_01569,TXN_000447,121.79,netbanking,success,,2,6,2,37,False,,False,0.0
CUST_04778,TXN_000448,167.01,wallet,failed,insufficient_funds,2,6,0,169,True,retry_payment,False,0.0
CUST_02605,TXN_000449,17.26,card,success,,3,7,0,916,False,,False,0.0
CUST_01432,TXN_000450,50.46,upi,success,,1,7,0,1174,False,,False,0.0
CUST_04801,TXN_000451,51.78,card,success,,2,6,1,373,False,,False,0.0
CUST_04624,TXN_000452,45.15,wallet,success,,1,8,2,537,False,,False,0.0
CUST_02496,TXN_000453,45.57,wallet,success,,1,8,2,829,False,,False,0.0
CUST_00125,TXN_000454,42.22,card,success,,1,10,1,460,False,,False,0.0
CUST_02985,TXN_000455,127.75,netbanking,success,,3,6,3,1420,False,,False,0.0
CUST_02776,TXN_000456,80.0,upi,success,,3,8,0,687,False,,False,0.0
CUST_00741,TXN_000457,14.18,card,failed,insufficient_funds,1,9,1,964,False,,False,0.0
CUST_03170,TXN_000458,62.59,upi,success,,2,4,2,77,False,,False,0.0
CUST_04204,TXN_000459,67.62,wallet,success,,3,7,1,105,False,,False,0.0
CUST_00530,TXN_000460,42.61,card,success,,1,12,4,253,False,,False,0.0
CUST_03616,TXN_000461,81.87,card,success,,2,11,1,1126,False,,False,0.0
CUST_00702,TXN_000462,38.49,wallet,failed,insufficient_funds,2,17,3,915,True,offer_support,False,0.0
CUST_03744,TXN_000463,38.88,card,success,,3,9,0,609,False,,False,0.0
CUST_02096,TXN_000464,36.49,card,success,,2,6,1,1311,False,,False,0.0
CUST_00033,TXN_000465,6.59,upi,success,,3,6,0,24,False,,False,0.0
CUST_04831,TXN_000466,31.05,upi,success,,2,5,1,592,False,,False,0.0
CUST_00830,TXN_000467,19.4,card,success,,1,8,1,768,False,,False,0.0
CUST_02980,TXN_000468,12.82,card,success,,2,10,2,324,False,,False,0.0
CUST_00908,TXN_000469,104.29,netbanking,success,,3,11,4,1005,False,,False,0.0
CUST_04665,TXN_000470,49.57,upi,success,,3,10,2,1261,False,,False,0.0
CUST_03691,TXN_000471,32.33,upi,success,,1,9,0,1432,False,,False,0.0
CUST_04022,TXN_000472,21.08,netbanking,success,,2,10,2,429,False,,False,0.0
CUST_02160,TXN_000473,41.97,card,success,,1,4,1,457,False,,False,0.0
CUST_02337,TXN_000474,73.2,netbanking,success,,2,7,1,218,False,,False,0.0
CUST_03171,TXN_000475,17.09,netbanking,success,,3,9,3,911,False,,False,0.0
CUST_03924,TXN_000476,32.99,wallet,success,,3,7,3,1085,False,,False,0.0
CUST_04235,TXN_000477,66.32,card,success,,2,10,1,1144,False,,False,0.0
CUST_00090,TXN_000478,7.04,card,success,,3,7,0,242,False,,False,0.0
CUST_03318,TXN_000479,31.62,upi,success,,2,7,2,1118,False,,False,0.0
CUST_00546,TXN_000480,23.49,wallet,success,,2,13,1,808,False,,False,0.0
CUST_01440,TXN_000481,29.75,wallet,success,,1,12,2,665,False,,False,0.0
CUST_04147,TXN_000482,22.17,card,success,,1,8,2,140,False,,False,0.0
CUST_01253,TXN_000483,36.97,upi,success,,2,10,0,504,False,,False,0.0
CUST_03984,TXN_000484,154.3,card,success,,1,8,3,284,False,,False,0.0
CUST_02315,TXN_000485,25.56,upi,success,,1,7,2,1102,False,,False,0.0
CUST_01163,TXN_000486,41.82,netbanking,success,,1,12,2,931,False,,False,0.0
CUST_01671,TXN_000487,163.33,netbanking,failed,network_error,2,9,0,595,True,send_reminder,False,0.0
CUST_02654,TXN_000488,21.33,card,success,,3,13,2,282,False,,False,0.0
CUST_03825,TXN_000489,141.42,wallet,success,,3,7,2,165,False,,False,0.0
CUST_03030,TXN_000490,33.26,card,success,,2,7,5,151,False,,False,0.0
CUST_04666,TXN_000491,137.76,upi,success,,3,10,3,836,False,,False,0.0
CUST_04338,TXN_000492,60.35,upi,success,,1,9,2,335,False,,False,0.0
CUST_03767,TXN_000493,42.34,upi,success,,2,7,4,381,False,,False,0.0
CUST_03015,TXN_000494,31.42,netbanking,success,,1,5,3,1499,False,,False,0.0
CUST_01449,TXN_000495,20.1,upi,success,,1,10,1,1108,False,,False,0.0
CUST_02063,TXN_000496,35.19,card,success,,2,16,0,1017,False,,False,0.0
CUST_00595,TXN_000497,67.89,card,success,,1,7,1,649,False,,False,0.0
CUST_01871,TXN_000498,32.77,upi,success,,2,12,0,58,False,,False,0.0
CUST_04632,TXN_000499,25.71,upi,failed,card_declined,3,4,1,733,True,send_reminder,False,0.0
CUST_02129,TXN_000500,27.1,upi,success,,3,6,0,1186,False,,False,0.0
CUST_00569,TXN_000501,73.26,card,success,,2,8,0,636,False,,False,0.0
CUST_03260,TXN_000502,88.25,card,success,,3,7,1,1117,False,,False,0.0
CUST_04813,TXN_000503,19.42,netbanking,success,,3,10,3,1140,False,,False,0.0
CUST_04337,TXN_000504,19.4,upi,success,,1,9,2,1006,False,,False,0.0
CUST_01371,TXN_000505,44.86,upi,success,,2,6,1,542,False,,False,0.0
CUST_02270,TXN_000506,112.4,upi,success,,3,5,0,624,False,,False,0.0
CUST_02655,TXN_000507,82.83,card,success,,2,9,1,675,False,,False,0.0
CUST_01239,TXN_000508,12.16,card,success,,2,6,3,1060,False,,False,0.0
CUST_01344,TXN_000509,26.81,card,failed,expired_card,2,13,3,278,True,send_reminder,True,26.81
CUST_01184,TXN_000510,15.73,upi,success,,2,8,1,682,False,,False,0.0
CUST_04972,TXN_000511,26.74,card,failed,authentication_failed,2,6,1,1135,True,update_payment_method,True,26.74
CUST_03730,TXN_000512,119.53,card,success,,2,8,2,346,False,,False,0.0
CUST_04204,TXN_000513,10.61,wallet,success,,3,5,3,1397,False,,False,0.0
CUST_04083,TXN_000514,9.07,card,success,,3,8,2,1280,False,,False,0.0
CUST_04795,TXN_000515,17.07,upi,success,,2,8,1,1206,False,,False,0.0
CUST_00527,TXN_000516,41.67,card,success,,1,14,1,966,False,,False,0.0
CUST_04408,TXN_000517,54.41,card,success,,2,7,1,194,False,,False,0.0
CUST_00333,TXN_000518,46.99,card,success,,1,5,2,131,False,,False,0.0
CUST_02377,TXN_000519,84.82,netbanking,success,,1,5,1,1128,False,,False,0.0
CUST_02972,TXN_000520,8.08,upi,failed,authentication_failed,1,8,1,975,False,,False,0.0
CUST_01789,TXN_000521,85.68,upi,success,,1,5,1,639,False,,False,0.0
CUST_00731,TXN_000522,25.8,wallet,success,,3,8,2,144,False,,False,0.0
CUST_00962,TXN_000523,59.45,card,success,,2,6,1,333,False,,False,0.0
CUST_04123,TXN_000524,11.49,upi,success,,3,5,3,1101,False,,False,0.0
CUST_01594,TXN_000525,33.25,card,success,,3,5,1,4,False,,False,0.0
CUST_01552,TXN_000526,40.01,upi,success,,1,6,1,1138,False,,False,0.0
CUST_04616,TXN_000527,83.48,netbanking,success,,1,13,2,1338,False,,False,0.0
CUST_00720,TXN_000528,9.32,card,success,,1,8,3,922,False,,False,0.0
CUST_04576,TXN_000529,33.94,wallet,success,,1,12,1,511,False,,False,0.0
CUST_04604,TXN_000530,13.9,upi,failed,authentication_failed,1,10,1,215,False,,False,0.0
CUST_02993,TXN_000531,49.62,card,failed,network_error,2,9,2,738,True,send_reminder,True,49.62
CUST_00828,TXN_000532,61.67,card,success,,3,11,2,1267,False,,False,0.0
CUST_00780,TXN_000533,92.73,upi,success,,1,3,0,460,False,,False,0.0
CUST_01424,TXN_000534,21.58,upi,success,,2,5,1,493,False,,False,0.0
CUST_02887,TXN_000535,69.53,card,failed,expired_card,1,1,2,1126,False,,False,0.0
CUST_00768,TXN_000536,98.37,upi,success,,3,8,2,15,False,,False,0.0
CUST_02278,TXN_000537,8.89,card,success,,3,10,1,275,False,,False,0.0
CUST_00578,TXN_000538,54.05,wallet,failed,insufficient_funds,3,9,1,1346,True,send_reminder,False,0.0
CUST_02701,TXN_000539,71.29,card,success,,2,9,1,418,False,,False,0.0
CUST_00106,TXN_000540,26.92,upi,success,,3,8,3,864,False,,False,0.0
CUST_03545,TXN_000541,12.57,netbanking,success,,1,11,0,997,False,,False,0.0
CUST_00277,TXN_000542,70.41,upi,success,,2,14,2,1024,False,,False,0.0
CUST_00974,TXN_000543,12.68,netbanking,success,,1,9,1,725,False,,False,0.0
CUST_00874,TXN_000544,28.71,wallet,success,,3,8,1,978,False,,False,0.0
CUST_04155,TXN_000545,32.07,card,success,,1,3,2,528,False,,False,0.0
CUST_00267,TXN_000546,58.7,card,failed,network_error,2,6,1,1206,True,retry_payment,True,58.7
CUST_02146,TXN_000547,20.06,upi,success,,1,5,0,326,False,,False,0.0
CUST_02956,TXN_000548,19.15,card,success,,3,4,1,557,False,,False,0.0
CUST_02580,TXN_000549,35.84,upi,failed,expired_card,2,8,2,1441,True,retry_payment,True,35.84
CUST_03403,TXN_000550,74.08,card,success,,2,10,0,1324,False,,False,0.0
CUST_04015,TXN_000551,206.43,wallet,success,,3,9,1,92,False,,False,0.0
CUST_01968,TXN_000552,9.91,upi,failed,network_error,3,7,1,1403,True,retry_payment,True,9.91
CUST_04141,TXN_000553,42.62,upi,success,,2,8,0,279,False,,False,0.0
CUST_01590,TXN_000554,13.88,card,failed,card_declined,2,11,1,173,True,send_reminder,True,13.88
CUST_04922,TXN_000555,74.82,wallet,failed,card_declined,1,13,0,1028,True,update_payment_method,True,74.82
CUST_02523,TXN_000556,15.63,upi,success,,3,9,2,1312,False,,False,0.0
CUST_03680,TXN_000557,19.3,netbanking,success,,3,7,2,443,False,,False,0.0
CUST_04375,TXN_000558,20.67,netbanking,success,,2,5,3,235,False,,False,0.0
CUST_03963,TXN_000559,31.16,card,success,,2,6,0,957,False,,False,0.0
CUST_04255,TXN_000560,42.89,card,success,,3,8,3,709,False,,False,0.0
CUST_02683,TXN_000561,48.76,card,success,,1,10,1,1064,False,,False,0.0
CUST_00218,TXN_000562,32.96,upi,success,,1,11,0,1349,False,,False,0.0
CUST_02465,TXN_000563,11.43,upi,success,,1,6,1,1165,False,,False,0.0
CUST_00908,TXN_000564,59.28,card,success,,2,8,1,1167,False,,False,0.0
CUST_04445,TXN_000565,31.74,wallet,success,,3,9,0,291,False,,False,0.0
CUST_01184,TXN_000566,83.88,card,success,,1,6,3,1068,False,,False,0.0
CUST_01141,TXN_000567,18.8,netbanking,success,,3,5,2,436,False,,False,0.0
CUST_01247,TXN_000568,9.19,upi,success,,3,8,1,429,False,,False,0.0
CUST_03213,TXN_000569,32.23,card,success,,3,9,1,92,False,,False,0.0
CUST_02856,TXN_000570,93.39,card,success,,3,12,1,758,False,,False,0.0
CUST_04744,TXN_000571,37.67,upi,success,,2,10,3,1470,False,,False,0.0
CUST_02081,TXN_000572,28.23,netbanking,success,,2,11,2,261,False,,False,0.0
CUST_01412,TXN_000573,16.51,card,success,,2,5,1,263,False,,False,0.0
CUST_00247,TXN_000574,135.13,upi,success,,2,4,2,1491,False,,False,0.0
CUST_00036,TXN_000575,14.53,upi,failed,insufficient_funds,3,12,0,1048,False,,False,0.0
CUST_01868,TXN_000576,18.54,card,success,,3,6,0,105,False,,False,0.0
CUST_04629,TXN_000577,52.25,upi,success,,3,9,1,1129,False,,False,0.0
CUST_02619,TXN_000578,7.5,card,success,,2,10,0,1167,False,,False,0.0
CUST_04467,TXN_000579,91.81,netbanking,success,,2,12,3,880,False,,False,0.0
CUST_00509,TXN_000580,54.56,upi,failed,network_error,1,3,1,365,False,,False,0.0
CUST_00467,TXN_000581,67.99,card,success,,2,13,0,1136,False,,False,0.0
CUST_04167,TXN_000582,51.75,netbanking,failed,network_error,3,13,1,863,False,,False,0.0
CUST_00534,TXN_000583,29.11,card,success,,3,4,0,106,False,,False,0.0
CUST_00260,TXN_000584,14.15,wallet,success,,2,5,0,1173,False,,False,0.0
CUST_02021,TXN_000585,29.6,upi,success,,2,7,2,1122,False,,False,0.0
CUST_04624,TXN_000586,15.18,card,success,,1,10,1,200,False,,False,0.0
CUST_03447,TXN_000587,48.86,upi,success,,2,9,2,352,False,,False,0.0
CUST_00496,TXN_000588,63.14,card,success,,2,11,0,804,False,,False,0.0
CUST_04185,TXN_000589,107.93,netbanking,success,,1,0,6,663,False,,False,0.0
CUST_04218,TXN_000590,44.59,wallet,success,,1,3,1,1310,False,,False,0.0
CUST_04003,TXN_000591,69.38,upi,success,,2,10,2,955,False,,False,0.0
CUST_04513,TXN_000592,26.11,upi,success,,3,7,1,463,False,,False,0.0
CUST_01200,TXN_000593,22.59,upi,success,,3,2,1,1361,False,,False,0.0
CUST_04897,TXN_000594,48.37,card,success,,2,7,2,395,False,,False,0.0
CUST_01604,TXN_000595,24.31,card,success,,1,8,2,1010,False,,False,0.0
CUST_04010,TXN_000596,41.07,wallet,failed,network_error,2,4,2,804,True,retry_payment,False,0.0
CUST_02897,TXN_000597,14.17,card,success,,1,5,3,337,False,,False,0.0
CUST_03897,TXN_000598,16.36,card,success,,1,5,2,1373,False,,False,0.0
CUST_03139,TXN_000599,55.05,card,success,,2,7,0,1381,False,,False,0.0
CUST_03212,TXN_000600,67.31,wallet,failed,expired_card,3,3,1,213,False,,False,0.0
CUST_03081,TXN_000601,15.05,wallet,failed,expired_card,1,5,3,272,True,send_reminder,False,0.0
CUST_03895,TXN_000602,56.63,card,success,,3,9,2,775,False,,False,0.0
CUST_03695,TXN_000603,21.62,card,success,,2,7,1,137,False,,False,0.0
CUST_00673,TXN_000604,33.56,netbanking,success,,3,13,1,70,False,,False,0.0
CUST_04130,TXN_000605,102.88,card,success,,2,7,2,569,False,,False,0.0
CUST_02680,TXN_000606,63.18,wallet,success,,2,12,2,33,False,,False,0.0
CUST_01616,TXN_000607,62.6,wallet,success,,2,12,3,1318,False,,False,0.0
CUST_02571,TXN_000608,152.48,netbanking,success,,2,12,0,1338,False,,False,0.0
CUST_04834,TXN_000609,18.86,card,success,,1,2,2,642,False,,False,0.0
CUST_04288,TXN_000610,15.05,upi,success,,2,15,0,516,False,,False,0.0
CUST_04168,TXN_000611,18.58,wallet,success,,3,8,2,834,False,,False,0.0
CUST_02314,TXN_000612,27.02,card,success,,1,8,3,1281,False,,False,0.0
CUST_03920,TXN_000613,5.03,netbanking,success,,1,13,6,227,False,,False,0.0
CUST_01926,TXN_000614,28.05,card,success,,1,10,1,279,False,,False,0.0
CUST_03431,TXN_000615,21.42,wallet,success,,2,9,1,299,False,,False,0.0
CUST_03198,TXN_000616,61.99,upi,success,,2,7,1,300,False,,False,0.0
CUST_01249,TXN_000617,43.9,card,failed,authentication_failed,2,4,2,1236,False,,False,0.0
CUST_01333,TXN_000618,20.48,upi,success,,3,6,2,444,False,,False,0.0
CUST_00306,TXN_000619,53.09,card,failed,card_declined,3,12,0,822,False,,False,0.0
CUST_00699,TXN_000620,59.06,card,success,,1,5,1,1299,False,,False,0.0
CUST_02168,TXN_000621,17.91,wallet,success,,1,7,2,375,False,,False,0.0
CUST_02389,TXN_000622,22.32,card,failed,authentication_failed,3,6,1,1071,True,send_reminder,True,22.32
CUST_00826,TXN_000623,5.58,wallet,success,,1,6,2,596,False,,False,0.0
CUST_02085,TXN_000624,13.84,card,success,,2,6,2,957,False,,False,0.0
CUST_03021,TXN_000625,18.28,upi,failed,authentication_failed,1,14,3,585,False,,False,0.0
CUST_01163,TXN_000626,35.14,wallet,success,,2,10,2,406,False,,False,0.0
CUST_01691,TXN_000627,15.54,upi,success,,1,10,2,665,False,,False,0.0
CUST_01838,TXN_000628,21.96,netbanking,failed,authentication_failed,1,7,1,511,True,retry_payment,True,21.96
CUST_02525,TXN_000629,12.43,wallet,success,,1,9,0,866,False,,False,0.0
CUST_01832,TXN_000630,37.97,upi,success,,2,7,2,322,False,,False,0.0
CUST_03684,TXN_000631,46.55,netbanking,success,,1,10,2,941,False,,False,0.0
CUST_01638,TXN_000632,45.69,card,success,,2,6,1,127,False,,False,0.0
CUST_02170,TXN_000633,33.44,card,success,,1,6,1,1474,False,,False,0.0
CUST_01897,TXN_000634,9.65,card,success,,1,8,1,409,False,,False,0.0
CUST_00915,TXN_000635,20.17,netbanking,success,,3,7,1,968,False,,False,0.0
CUST_03429,TXN_000636,23.91,upi,success,,3,2,1,877,False,,False,0.0
CUST_01177,TXN_000637,23.98,upi,success,,3,8,1,662,False,,False,0.0
CUST_01485,TXN_000638,35.16,wallet,success,,3,8,1,1377,False,,False,0.0
CUST_03963,TXN_000639,103.59,card,success,,3,11,1,306,False,,False,0.0
CUST_04744,TXN_000640,63.41,wallet,success,,1,4,2,267,False,,False,0.0
CUST_03354,TXN_000641,15.03,card,success,,3,6,1,1242,False,,False,0.0
CUST_04581,TXN_000642,56.98,card,failed,authentication_failed,1,4,3,606,True,retry_payment,True,56.98
CUST_04271,TXN_000643,55.27,upi,success,,3,6,1,1131,False,,False,0.0
CUST_02405,TXN_000644,17.38,card,failed,authentication_failed,2,9,0,1161,False,,False,0.0
CUST_03851,TXN_000645,65.31,upi,success,,3,11,1,685,False,,False,0.0
CUST_01642,TXN_000646,29.13,netbanking,success,,3,9,1,749,False,,False,0.0
CUST_02303,TXN_000647,10.72,netbanking,failed,insufficient_funds,3,6,3,1384,True,retry_payment,True,10.72
CUST_02677,TXN_000648,47.66,card,success,,3,5,3,483,False,,False,0.0
CUST_04802,TXN_000649,39.39,card,failed,insufficient_funds,2,10,0,667,True,offer_support,True,39.39
CUST_04242,TXN_000650,27.6,card,success,,3,4,1,1216,False,,False,0.0
CUST_02446,TXN_000651,32.14,upi,success,,1,13,6,813,False,,False,0.0
CUST_03263,TXN_000652,18.63,card,success,,2,5,1,129,False,,False,0.0
CUST_01012,TXN_000653,53.95,card,success,,3,8,4,340,False,,False,0.0
CUST_04022,TXN_000654,31.98,netbanking,success,,3,9,2,32,False,,False,0.0
CUST_02765,TXN_000655,37.83,wallet,success,,3,11,1,679,False,,False,0.0
CUST_02664,TXN_000656,44.07,netbanking,success,,2,11,2,897,False,,False,0.0
CUST_03831,TXN_000657,13.15,card,success,,2,7,3,516,False,,False,0.0
CUST_03164,TXN_000658,16.19,upi,success,,1,14,0,574,False,,False,0.0
CUST_00363,TXN_000659,5.65,card,success,,1,11,2,336,False,,False,0.0
CUST_01441,TXN_000660,52.03,card,success,,3,8,2,967,False,,False,0.0
CUST_00884,TXN_000661,12.56,card,failed,insufficient_funds,1,4,1,794,False,,False,0.0
CUST_03674,TXN_000662,36.82,wallet,success,,2,7,3,136,False,,False,0.0
CUST_00176,TXN_000663,44.56,upi,success,,1,11,3,545,False,,False,0.0
CUST_01012,TXN_000664,53.62,card,success,,3,4,4,792,False,,False,0.0
CUST_02987,TXN_000665,12.64,upi,success,,1,8,1,764,False,,False,0.0
CUST_03474,TXN_000666,31.43,wallet,success,,2,11,2,822,False,,False,0.0
CUST_02517,TXN_000667,125.99,card,success,,3,8,0,1024,False,,False,0.0
CUST_04303,TXN_000668,130.51,netbanking,success,,3,14,2,1358,False,,False,0.0
CUST_04594,TXN_000669,72.96,card,success,,1,10,0,1452,False,,False,0.0
CUST_00661,TXN_000670,43.38,card,failed,network_error,2,6,1,1311,True,offer_support,True,43.38
CUST_04762,TXN_000671,14.82,netbanking,success,,2,11,0,592,False,,False,0.0
CUST_03072,TXN_000672,58.84,card,success,,1,10,2,1436,False,,False,0.0
CUST_03181,TXN_000673,29.18,upi,success,,3,6,1,246,False,,False,0.0
CUST_00476,TXN_000674,51.85,card,success,,3,8,1,1206,False,,False,0.0
CUST_03109,TXN_000675,19.96,upi,failed,card_declined,3,9,1,867,True,update_payment_method,True,19.96
CUST_03628,TXN_000676,28.84,upi,success,,2,6,1,1055,False,,False,0.0
CUST_02904,TXN_000677,37.76,netbanking,success,,2,9,0,205,False,,False,0.0
CUST_00423,TXN_000678,40.33,netbanking,success,,1,9,1,750,False,,False,0.0
CUST_02616,TXN_000679,49.15,upi,success,,1,4,0,1207,False,,False,0.0
CUST_04679,TXN_000680,20.84,card,success,,2,6,2,885,False,,False,0.0
CUST_03617,TXN_000681,11.31,card,success,,1,7,4,1434,False,,False,0.0
CUST_00687,TXN_000682,121.49,upi,success,,3,5,4,747,False,,False,0.0
CUST_04799,TXN_000683,242.6,upi,success,,1,8,0,1123,False,,False,0.0
CUST_04794,TXN_000684,47.37,card,success,,3,12,1,253,False,,False,0.0
CUST_00847,TXN_000685,11.48,wallet,success,,2,5,2,734,False,,False,0.0
CUST_04004,TXN_000686,17.84,card,failed,card_declined,3,5,1,1377,True,retry_payment,True,17.84
CUST_02034,TXN_000687,49.76,card,success,,1,8,0,762,False,,False,0.0
CUST_02968,TXN_000688,96.82,wallet,success,,3,12,1,369,False,,False,0.0
CUST_02226,TXN_000689,12.55,upi,success,,2,8,3,956,False,,False,0.0
CUST_03913,TXN_000690,29.98,upi,success,,3,9,0,632,False,,False,0.0
CUST_04983,TXN_000691,38.74,card,success,,1,10,1,351,False,,False,0.0
CUST_03975,TXN_000692,66.13,card,success,,1,4,2,296,False,,False,0.0
CUST_04656,TXN_000693,25.16,upi,success,,3,5,0,276,False,,False,0.0
CUST_04730,TXN_000694,9.48,card,success,,2,4,3,194,False,,False,0.0
CUST_00451,TXN_000695,54.43,upi,success,,2,6,4,831,False,,False,0.0
CUST_01267,TXN_000696,81.44,card,success,,2,11,1,725,False,,False,0.0
CUST_03609,TXN_000697,31.0,card,success,,2,6,3,1234,False,,False,0.0
CUST_02950,TXN_000698,45.8,card,success,,3,9,0,291,False,,False,0.0
CUST_00251,TXN_000699,22.66,card,success,,2,10,1,74,False,,False,0.0
CUST_00476,TXN_000700,16.83,card,success,,1,6,0,1326,False,,False,0.0
CUST_02603,TXN_000701,75.27,netbanking,success,,1,8,0,1030,False,,False,0.0
CUST_03081,TXN_000702,45.15,upi,success,,3,9,0,850,False,,False,0.0
CUST_00839,TXN_000703,49.02,card,failed,expired_card,2,5,2,420,False,,False,0.0
CUST_00857,TXN_000704,110.13,upi,success,,3,6,2,1056,False,,False,0.0
CUST_00647,TXN_000705,14.24,card,success,,1,5,1,430,False,,False,0.0
CUST_02825,TXN_000706,21.29,card,success,,1,5,4,1163,False,,False,0.0
CUST_00040,TXN_000707,37.58,netbanking,failed,insufficient_funds,1,8,1,438,True,retry_payment,False,0.0
CUST_02862,TXN_000708,21.08,upi,success,,2,10,2,872,False,,False,0.0
CUST_02380,TXN_000709,61.96,upi,success,,2,7,1,537,False,,False,0.0
CUST_02330,TXN_000710,28.51,card,success,,1,9,2,201,False,,False,0.0
CUST_03396,TXN_000711,14.97,card,success,,3,7,0,1271,False,,False,0.0
CUST_02613,TXN_000712,34.9,netbanking,success,,2,6,0,1252,False,,False,0.0
CUST_03639,TXN_000713,37.95,upi,success,,2,10,3,224,False,,False,0.0
CUST_03819,TXN_000714,69.95,upi,failed,authentication_failed,2,10,1,1412,True,update_payment_method,True,69.95
CUST_04600,TXN_000715,45.35,wallet,success,,2,6,2,747,False,,False,0.0
CUST_03996,TXN_000716,47.89,card,success,,3,9,3,319,False,,False,0.0
CUST_02589,TXN_000717,42.79,netbanking,failed,network_error,1,10,1,509,True,retry_payment,True,42.79
CUST_02461,TXN_000718,28.49,upi,failed,card_declined,2,6,2,484,True,update_payment_method,True,28.49
CUST_01179,TXN_000719,18.67,card,success,,2,5,3,179,False,,False,0.0
CUST_02998,TXN_000720,41.72,card,success,,3,3,4,575,False,,False,0.0
CUST_00696,TXN_000721,25.37,upi,failed,authentication_failed,2,7,2,1267,True,retry_payment,True,25.37
CUST_04656,TXN_000722,127.98,card,success,,2,9,2,225,False,,False,0.0
CUST_04225,TXN_000723,96.91,upi,success,,3,10,2,1289,False,,False,0.0
CUST_00599,TXN_000724,54.94,upi,success,,3,6,0,127,False,,False,0.0
CUST_03929,TXN_000725,44.83,upi,success,,3,6,0,59,False,,False,0.0
CUST_00586,TXN_000726,30.87,upi,success,,3,6,4,197,False,,False,0.0
CUST_03606,TXN_000727,12.07,upi,success,,1,8,3,1021,False,,False,0.0
CUST_00439,TXN_000728,27.86,upi,failed,card_declined,2,11,1,447,True,update_payment_method,True,27.86
CUST_02441,TXN_000729,35.91,netbanking,success,,3,14,1,1407,False,,False,0.0
CUST_03289,TXN_000730,39.79,card,failed,network_error,1,13,0,297,False,,False,0.0
CUST_03644,TXN_000731,48.21,wallet,failed,insufficient_funds,2,11,1,532,True,send_reminder,True,48.21
CUST_02093,TXN_000732,69.2,card,success,,3,6,0,849,False,,False,0.0
CUST_04608,TXN_000733,19.03,card,success,,1,11,0,94,False,,False,0.0
CUST_03871,TXN_000734,19.17,upi,failed,card_declined,3,7,1,928,True,retry_payment,False,0.0
CUST_01042,TXN_000735,105.71,card,success,,1,6,0,1009,False,,False,0.0
CUST_03356,TXN_000736,61.36,card,success,,3,15,3,959,False,,False,0.0
CUST_03652,TXN_000737,24.22,card,failed,insufficient_funds,2,8,2,484,False,,False,0.0
CUST_01668,TXN_000738,30.39,upi,success,,1,4,0,1437,False,,False,0.0
CUST_03691,TXN_000739,30.5,upi,failed,card_declined,1,9,0,420,True,update_payment_method,True,30.5
CUST_04491,TXN_000740,33.96,card,success,,3,9,1,990,False,,False,0.0
CUST_04085,TXN_000741,48.33,upi,success,,3,12,1,762,False,,False,0.0
CUST_03812,TXN_000742,251.64,card,success,,1,14,0,598,False,,False,0.0
CUST_03172,TXN_000743,38.54,wallet,success,,2,7,0,1481,False,,False,0.0
CUST_01353,TXN_000744,56.27,card,success,,2,9,2,435,False,,False,0.0
CUST_03976,TXN_000745,8.59,upi,failed,expired_card,1,9,0,1338,False,,False,0.0
CUST_01821,TXN_000746,22.47,upi,success,,3,9,2,51,False,,False,0.0
CUST_02661,TXN_000747,88.5,upi,success,,1,16,1,239,False,,False,0.0
CUST_01572,TXN_000748,45.69,wallet,success,,2,11,0,442,False,,False,0.0
CUST_01565,TXN_000749,0.99,card,success,,1,11,0,1381,False,,False,0.0
CUST_00788,TXN_000750,56.78,upi,success,,1,15,1,828,False,,False,0.0
CUST_04806,TXN_000751,153.63,card,success,,3,9,1,1029,False,,False,0.0
CUST_00739,TXN_000752,6.71,upi,success,,2,6,0,344,False,,False,0.0
CUST_00432,TXN_000753,111.67,card,failed,authentication_failed,3,8,2,1396,True,retry_payment,True,111.67
CUST_04680,TXN_000754,3.61,card,success,,1,11,0,1335,False,,False,0.0
CUST_02775,TXN_000755,70.13,card,success,,1,11,2,620,False,,False,0.0
CUST_02190,TXN_000756,32.89,card,success,,2,10,2,704,False,,False,0.0
CUST_03687,TXN_000757,5.05,wallet,success,,1,10,0,548,False,,False,0.0
CUST_01917,TXN_000758,47.32,netbanking,failed,insufficient_funds,1,7,3,1167,True,update_payment_method,False,0.0
CUST_00640,TXN_000759,83.15,card,success,,2,6,2,1113,False,,False,0.0
CUST_03648,TXN_000760,44.31,upi,success,,2,4,2,1088,False,,False,0.0
CUST_00880,TXN_000761,52.87,upi,success,,1,6,1,1426,False,,False,0.0
CUST_02765,TXN_000762,23.82,card,success,,2,7,1,852,False,,False,0.0
CUST_04745,TXN_000763,7.47,card,success,,2,3,0,472,False,,False,0.0
CUST_04680,TXN_000764,57.6,upi,success,,3,6,2,288,False,,False,0.0
CUST_01804,TXN_000765,134.26,card,failed,network_error,1,17,5,1379,False,,False,0.0
CUST_03901,TXN_000766,81.75,upi,success,,2,7,7,204,False,,False,0.0
CUST_03063,TXN_000767,6.75,card,success,,3,4,1,182,False,,False,0.0
CUST_02397,TXN_000768,9.86,card,success,,2,9,3,1093,False,,False,0.0
CUST_00700,TXN_000769,16.83,upi,success,,1,11,3,239,False,,False,0.0
CUST_01882,TXN_000770,9.26,upi,success,,3,12,2,172,False,,False,0.0
CUST_03259,TXN_000771,34.31,wallet,success,,1,9,2,859,False,,False,0.0
CUST_04933,TXN_000772,45.36,card,success,,3,7,2,640,False,,False,0.0
CUST_00025,TXN_000773,10.55,upi,success,,3,10,2,1086,False,,False,0.0
CUST_03589,TXN_000774,61.66,wallet,success,,3,11,2,862,False,,False,0.0
CUST_04231,TXN_000775,53.56,upi,success,,3,6,2,979,False,,False,0.0
CUST_04756,TXN_000776,21.36,wallet,success,,2,8,1,74,False,,False,0.0
CUST_02119,TXN_000777,28.85,wallet,success,,3,7,2,1073,False,,False,0.0
CUST_00593,TXN_000778,6.96,netbanking,success,,1,9,3,18,False,,False,0.0
CUST_01355,TXN_000779,25.39,wallet,success,,1,8,2,212,False,,False,0.0
CUST_04252,TXN_000780,33.31,upi,success,,2,4,3,343,False,,False,0.0
CUST_04389,TXN_000781,37.9,upi,success,,3,2,4,393,False,,False,0.0
CUST_03185,TXN_000782,44.84,wallet,success,,3,5,1,1276,False,,False,0.0
CUST_00614,TXN_000783,40.26,netbanking,success,,3,4,3,386,False,,False,0.0
CUST_00610,TXN_000784,26.8,card,success,,3,4,2,138,False,,False,0.0
CUST_02391,TXN_000785,41.64,card,success,,2,11,1,160,False,,False,0.0
CUST_02941,TXN_000786,73.82,card,success,,1,15,0,139,False,,False,0.0
CUST_00162,TXN_000787,30.68,netbanking,success,,1,14,1,210,False,,False,0.0
CUST_03430,TXN_000788,42.69,card,success,,1,7,2,1004,False,,False,0.0
CUST_02723,TXN_000789,28.53,card,success,,3,7,1,924,False,,False,0.0
CUST_00062,TXN_000790,19.74,upi,success,,3,10,4,763,False,,False,0.0
CUST_00479,TXN_000791,50.32,card,failed,network_error,3,8,2,772,True,send_reminder,True,50.32
CUST_02272,TXN_000792,21.24,wallet,success,,3,11,1,626,False,,False,0.0
CUST_03613,TXN_000793,45.1,upi,success,,2,6,1,211,False,,False,0.0
CUST_04127,TXN_000794,33.87,card,success,,3,3,1,1021,False,,False,0.0
CUST_02157,TXN_000795,25.97,card,failed,card_declined,1,10,1,66,True,update_payment_method,True,25.97
CUST_01477,TXN_000796,25.47,netbanking,success,,1,9,1,313,False,,False,0.0
CUST_04841,TXN_000797,22.05,upi,success,,2,13,1,329,False,,False,0.0
CUST_02293,TXN_000798,8.88,upi,success,,3,11,1,727,False,,False,0.0
CUST_01577,TXN_000799,44.98,card,success,,2,6,2,798,False,,False,0.0
CUST_02212,TXN_000800,39.85,wallet,success,,2,8,0,1136,False,,False,0.0
CUST_00061,TXN_000801,65.35,netbanking,success,,2,6,1,1302,False,,False,0.0
CUST_01510,TXN_000802,21.65,upi,success,,2,6,0,827,False,,False,0.0
CUST_02578,TXN_000803,150.85,card,success,,1,12,0,1434,False,,False,0.0
CUST_04592,TXN_000804,24.44,wallet,success,,1,11,2,1305,False,,False,0.0
CUST_03691,TXN_000805,16.44,upi,success,,2,8,1,1021,False,,False,0.0
CUST_03906,TXN_000806,14.96,card,success,,1,10,2,695,False,,False,0.0
CUST_02724,TXN_000807,8.27,wallet,success,,1,7,3,732,False,,False,0.0
CUST_00553,TXN_000808,112.85,netbanking,success,,2,8,2,879,False,,False,0.0
CUST_01955,TXN_000809,99.17,upi,success,,2,13,0,1168,False,,False,0.0
CUST_04985,TXN_000810,53.55,netbanking,failed,expired_card,1,8,2,1205,True,update_payment_method,True,53.55
CUST_00221,TXN_000811,16.17,card,success,,3,8,2,191,False,,False,0.0
CUST_04396,TXN_000812,141.04,upi,success,,2,7,0,371,False,,False,0.0
CUST_03422,TXN_000813,24.99,card,success,,1,5,1,328,False,,False,0.0
CUST_01420,TXN_000814,26.7,upi,success,,1,4,0,948,False,,False,0.0
CUST_03890,TXN_000815,104.56,card,success,,1,12,0,195,False,,False,0.0
CUST_04184,TXN_000816,56.1,card,success,,2,7,4,1068,False,,False,0.0
CUST_00217,TXN_000817,192.65,wallet,success,,1,11,2,257,False,,False,0.0
CUST_00532,TXN_000818,40.41,card,success,,3,7,1,93,False,,False,0.0
CUST_03329,TXN_000819,24.1,netbanking,success,,2,15,2,918,False,,False,0.0
CUST_04995,TXN_000820,20.3,card,success,,3,8,1,18,False,,False,0.0
CUST_00120,TXN_000821,7.56,card,success,,1,9,2,1327,False,,False,0.0
CUST_03328,TXN_000822,26.5,card,failed,expired_card,1,9,2,1209,True,offer_support,True,26.5
CUST_00683,TXN_000823,82.74,card,success,,2,8,0,1405,False,,False,0.0
CUST_03250,TXN_000824,53.47,upi,success,,3,7,1,1151,False,,False,0.0
CUST_03116,TXN_000825,33.66,card,success,,3,6,4,1020,False,,False,0.0
CUST_00453,TXN_000826,14.94,upi,success,,1,8,2,920,False,,False,0.0
CUST_03403,TXN_000827,39.71,upi,success,,1,8,2,152,False,,False,0.0
CUST_04485,TXN_000828,74.46,card,success,,2,5,2,536,False,,False,0.0
CUST_04317,TXN_000829,46.74,card,success,,2,10,2,25,False,,False,0.0
CUST_00145,TXN_000830,37.84,card,success,,1,8,2,842,False,,False,0.0
CUST_01230,TXN_000831,17.5,card,success,,3,10,0,1216,False,,False,0.0
CUST_01204,TXN_000832,66.27,card,success,,3,14,0,608,False,,False,0.0
CUST_02267,TXN_000833,2.7,upi,success,,2,5,1,157,False,,False,0.0
CUST_00715,TXN_000834,44.98,upi,success,,1,10,1,755,False,,False,0.0
CUST_04271,TXN_000835,258.85,netbanking,success,,2,10,1,508,False,,False,0.0
CUST_03884,TXN_000836,9.91,netbanking,failed,expired_card,3,12,1,278,False,,False,0.0
CUST_04041,TXN_000837,27.3,upi,success,,3,9,0,492,False,,False,0.0
CUST_00991,TXN_000838,32.91,card,success,,3,8,2,462,False,,False,0.0
CUST_00073,TXN_000839,22.87,card,success,,3,3,0,1233,False,,False,0.0
CUST_04553,TXN_000840,75.88,upi,success,,2,5,2,53,False,,False,0.0
CUST_01445,TXN_000841,48.33,card,success,,2,6,0,686,False,,False,0.0
CUST_03281,TXN_000842,37.41,card,success,,3,9,2,307,False,,False,0.0
CUST_04547,TXN_000843,62.67,wallet,failed,card_declined,1,8,1,1319,False,,False,0.0
CUST_00181,TXN_000844,33.56,card,failed,card_declined,2,8,2,873,True,send_reminder,True,33.56
CUST_00028,TXN_000845,421.53,card,success,,3,8,2,1329,False,,False,0.0
CUST_00028,TXN_000846,37.38,wallet,success,,3,8,2,194,False,,False,0.0
CUST_00782,TXN_000847,38.71,card,success,,1,3,2,291,False,,False,0.0
CUST_00259,TXN_000848,8.43,card,success,,3,9,0,961,False,,False,0.0
CUST_04100,TXN_000849,21.44,card,success,,1,11,0,124,False,,False,0.0
CUST_03030,TXN_000850,82.92,card,success,,1,4,0,717,False,,False,0.0
CUST_04900,TXN_000851,11.38,wallet,success,,3,8,1,914,False,,False,0.0
CUST_04007,TXN_000852,5.89,upi,success,,1,6,2,1179,False,,False,0.0
CUST_04815,TXN_000853,33.98,upi,failed,network_error,1,3,1,105,True,update_payment_method,False,0.0
CUST_01193,TXN_000854,99.15,card,success,,3,3,1,373,False,,False,0.0
CUST_01439,TXN_000855,34.26,card,success,,3,3,1,1226,False,,False,0.0
CUST_04247,TXN_000856,25.31,upi,success,,1,9,1,1323,False,,False,0.0
CUST_01225,TXN_000857,7.49,card,failed,insufficient_funds,2,4,1,1078,True,offer_support,True,7.49
CUST_00287,TXN_000858,47.55,card,success,,3,10,3,763,False,,False,0.0
CUST_03345,TXN_000859,56.21,upi,success,,2,14,0,639,False,,False,0.0
CUST_04005,TXN_000860,7.96,netbanking,success,,1,5,1,1,False,,False,0.0
CUST_04841,TXN_000861,82.07,wallet,success,,1,9,3,1276,False,,False,0.0
CUST_04639,TXN_000862,61.1,netbanking,success,,2,10,4,534,False,,False,0.0
CUST_00602,TXN_000863,81.93,upi,success,,1,6,0,53,False,,False,0.0
CUST_03860,TXN_000864,52.82,netbanking,failed,insufficient_funds,2,6,0,721,True,retry_payment,False,0.0
CUST_04230,TXN_000865,55.87,wallet,success,,1,7,1,545,False,,False,0.0
CUST_03490,TXN_000866,50.23,card,success,,2,9,0,802,False,,False,0.0
CUST_04099,TXN_000867,66.34,card,success,,1,3,3,733,False,,False,0.0
CUST_04190,TXN_000868,7.73,card,success,,3,9,3,149,False,,False,0.0
CUST_02233,TXN_000869,9.97,wallet,success,,1,8,1,967,False,,False,0.0
CUST_00201,TXN_000870,18.38,wallet,success,,1,7,1,98,False,,False,0.0
CUST_02281,TXN_000871,29.85,netbanking,success,,1,10,3,606,False,,False,0.0
CUST_01009,TXN_000872,45.17,card,failed,network_error,2,12,2,678,True,retry_payment,False,0.0
CUST_00569,TXN_000873,42.94,wallet,success,,3,9,2,1033,False,,False,0.0
CUST_00625,TXN_000874,80.94,card,failed,expired_card,1,11,2,213,True,retry_payment,True,80.94
CUST_03487,TXN_000875,83.0,card,success,,3,7,1,766,False,,False,0.0
CUST_02523,TXN_000876,16.48,upi,success,,1,12,1,317,False,,False,0.0
CUST_02699,TXN_000877,40.08,netbanking,success,,1,9,2,198,False,,False,0.0
CUST_03726,TXN_000878,16.81,netbanking,success,,1,10,0,1404,False,,False,0.0
CUST_02741,TXN_000879,28.49,card,success,,3,7,0,543,False,,False,0.0
CUST_03150,TXN_000880,42.84,card,success,,2,7,7,602,False,,False,0.0
CUST_00431,TXN_000881,2.17,upi,success,,2,8,4,1461,False,,False,0.0
CUST_04255,TXN_000882,227.92,card,success,,2,5,1,800,False,,False,0.0
CUST_02244,TXN_000883,52.1,netbanking,failed,network_error,1,4,1,1110,False,,False,0.0
CUST_00776,TXN_000884,20.56,card,success,,1,13,1,850,False,,False,0.0
CUST_04066,TXN_000885,154.76,card,success,,3,10,1,642,False,,False,0.0
CUST_03673,TXN_000886,25.08,card,success,,3,3,2,775,False,,False,0.0
CUST_00266,TXN_000887,36.82,upi,success,,1,11,3,69,False,,False,0.0
CUST_00966,TXN_000888,22.43,netbanking,success,,2,9,2,1470,False,,False,0.0
CUST_00079,TXN_000889,124.16,card,success,,3,6,4,835,False,,False,0.0
CUST_01354,TXN_000890,30.45,card,success,,3,6,2,704,False,,False,0.0
CUST_00500,TXN_000891,37.32,wallet,success,,1,4,3,628,False,,False,0.0
CUST_03549,TXN_000892,86.75,upi,success,,1,9,1,582,False,,False,0.0
CUST_02613,TXN_000893,52.88,card,success,,2,3,3,1072,False,,False,0.0
CUST_04901,TXN_000894,31.71,card,success,,3,8,2,438,False,,False,0.0
CUST_03747,TXN_000895,80.5,wallet,success,,1,9,0,916,False,,False,0.0
CUST_03058,TXN_000896,252.34,upi,success,,1,4,0,1077,False,,False,0.0
CUST_02547,TXN_000897,42.69,card,success,,3,10,3,1030,False,,False,0.0
CUST_00273,TXN_000898,36.36,card,success,,2,7,4,581,False,,False,0.0
CUST_00351,TXN_000899,37.96,card,success,,1,8,0,1240,False,,False,0.0
CUST_03081,TXN_000900,94.48,card,success,,3,7,2,1225,False,,False,0.0
CUST_00022,TXN_000901,20.5,card,failed,card_declined,3,10,2,797,True,update_payment_method,False,0.0
CUST_00212,TXN_000902,26.51,card,success,,3,1,2,309,False,,False,0.0
CUST_01096,TXN_000903,9.68,card,success,,3,4,0,806,False,,False,0.0
CUST_04420,TXN_000904,12.84,card,success,,2,5,1,39,False,,False,0.0
CUST_02295,TXN_000905,21.88,upi,success,,1,6,3,915,False,,False,0.0
CUST_03548,TXN_000906,31.67,upi,success,,3,5,0,1176,False,,False,0.0
CUST_02058,TXN_000907,136.36,netbanking,success,,2,5,2,483,False,,False,0.0
CUST_00866,TXN_000908,50.85,card,success,,2,16,1,9,False,,False,0.0
CUST_01856,TXN_000909,15.96,netbanking,failed,expired_card,1,6,0,338,False,,False,0.0
CUST_00459,TXN_000910,18.5,wallet,success,,1,8,1,1172,False,,False,0.0
CUST_03851,TXN_000911,99.46,wallet,success,,1,10,3,396,False,,False,0.0
CUST_00918,TXN_000912,81.56,card,success,,2,7,1,1120,False,,False,0.0
CUST_01882,TXN_000913,33.87,card,success,,1,1,3,684,False,,False,0.0
CUST_04900,TXN_000914,23.24,upi,success,,3,5,0,1096,False,,False,0.0
CUST_02960,TXN_000915,81.45,card,failed,authentication_failed,2,4,2,1453,True,retry_payment,False,0.0
CUST_02293,TXN_000916,14.96,card,success,,1,8,2,443,False,,False,0.0
CUST_02715,TXN_000917,45.31,card,failed,authentication_failed,2,11,2,1051,False,,False,0.0
CUST_03920,TXN_000918,204.0,upi,failed,insufficient_funds,3,6,3,684,True,retry_payment,True,204.0
CUST_01273,TXN_000919,39.03,netbanking,success,,1,9,1,454,False,,False,0.0
CUST_03182,TXN_000920,17.81,card,failed,insufficient_funds,3,11,2,957,False,,False,0.0
CUST_04363,TXN_000921,45.98,wallet,success,,3,9,2,596,False,,False,0.0
CUST_02862,TXN_000922,22.74,netbanking,success,,2,6,1,229,False,,False,0.0
CUST_02233,TXN_000923,10.86,card,success,,1,11,1,192,False,,False,0.0
CUST_00726,TXN_000924,58.02,card,failed,authentication_failed,2,8,1,1127,False,,False,0.0
CUST_01242,TXN_000925,80.99,card,success,,3,10,0,982,False,,False,0.0
CUST_04730,TXN_000926,25.82,wallet,success,,1,12,2,811,False,,False,0.0
CUST_02706,TXN_000927,24.49,upi,success,,3,9,0,735,False,,False,0.0
CUST_01507,TXN_000928,15.34,upi,success,,1,14,5,522,False,,False,0.0
CUST_02092,TXN_000929,29.37,upi,success,,2,5,4,467,False,,False,0.0
CUST_02890,TXN_000930,21.12,card,success,,2,14,3,161,False,,False,0.0
CUST_02688,TXN_000931,14.75,wallet,success,,1,9,1,795,False,,False,0.0
CUST_03499,TXN_000932,150.47,wallet,success,,2,12,1,151,False,,False,0.0
CUST_01288,TXN_000933,48.1,upi,success,,2,6,2,1065,False,,False,0.0
CUST_03246,TXN_000934,52.35,upi,success,,1,6,2,328,False,,False,0.0
CUST_02213,TXN_000935,67.14,card,success,,1,10,1,1066,False,,False,0.0
CUST_04703,TXN_000936,61.36,card,success,,2,11,2,1491,False,,False,0.0
CUST_00790,TXN_000937,23.8,card,success,,1,6,2,141,False,,False,0.0
CUST_00743,TXN_000938,41.18,upi,success,,2,5,1,639,False,,False,0.0
CUST_02308,TXN_000939,26.7,netbanking,success,,1,8,0,586,False,,False,0.0
CUST_02542,TXN_000940,47.03,wallet,success,,1,6,0,867,False,,False,0.0
CUST_03454,TXN_000941,43.53,card,failed,card_declined,2,10,2,439,False,,False,0.0
CUST_02020,TXN_000942,24.38,card,success,,3,9,1,934,False,,False,0.0
CUST_04568,TXN_000943,11.43,card,failed,authentication_failed,2,3,0,798,False,,False,0.0
CUST_02371,TXN_000944,37.23,wallet,success,,2,9,3,928,False,,False,0.0
CUST_00647,TXN_000945,28.12,netbanking,success,,3,11,1,93,False,,False,0.0
CUST_00596,TXN_000946,7.3,upi,success,,2,9,1,753,False,,False,0.0
CUST_04867,TXN_000947,49.71,upi,success,,3,5,1,574,False,,False,0.0
CUST_00671,TXN_000948,71.68,upi,failed,card_declined,2,5,1,1109,True,update_payment_method,True,71.68
CUST_04739,TXN_000949,250.31,card,success,,1,7,5,435,False,,False,0.0
CUST_01391,TXN_000950,24.22,card,success,,2,3,1,1157,False,,False,0.0
CUST_00467,TXN_000951,21.52,card,success,,2,9,2,702,False,,False,0.0
CUST_01524,TXN_000952,13.63,card,success,,2,12,0,994,False,,False,0.0
CUST_03073,TXN_000953,39.13,upi,success,,1,8,1,259,False,,False,0.0
CUST_02140,TXN_000954,38.93,card,success,,3,13,0,294,False,,False,0.0
CUST_03928,TXN_000955,17.3,upi,success,,1,8,1,523,False,,False,0.0
CUST_03055,TXN_000956,28.79,upi,success,,3,7,1,1055,False,,False,0.0
CUST_02004,TXN_000957,6.8,upi,success,,2,7,2,576,False,,False,0.0
CUST_03173,TXN_000958,69.48,wallet,success,,3,8,1,905,False,,False,0.0
CUST_04857,TXN_000959,17.88,card,success,,1,14,1,1160,False,,False,0.0
CUST_02059,TXN_000960,32.21,upi,success,,1,9,2,300,False,,False,0.0
CUST_00768,TXN_000961,10.58,card,success,,1,5,0,118,False,,False,0.0
CUST_02044,TXN_000962,20.78,upi,success,,3,7,1,969,False,,False,0.0
CUST_04200,TXN_000963,26.48,upi,success,,1,4,4,717,False,,False,0.0
CUST_01088,TXN_000964,32.82,card,success,,2,10,1,129,False,,False,0.0
CUST_04745,TXN_000965,48.61,card,success,,1,3,0,846,False,,False,0.0
CUST_02941,TXN_000966,104.72,upi,success,,1,8,1,718,False,,False,0.0
CUST_03008,TXN_000967,59.51,upi,success,,3,9,1,1269,False,,False,0.0
CUST_01585,TXN_000968,71.5,upi,success,,1,4,1,693,False,,False,0.0
CUST_04602,TXN_000969,105.31,card,success,,3,10,0,1322,False,,False,0.0
CUST_00181,TXN_000970,52.24,upi,failed,insufficient_funds,3,8,3,776,True,update_payment_method,True,52.24
CUST_01494,TXN_000971,32.16,upi,failed,card_declined,3,10,0,643,True,retry_payment,False,0.0
CUST_02092,TXN_000972,74.24,card,success,,2,5,1,1198,False,,False,0.0
CUST_02386,TXN_000973,78.13,upi,success,,3,12,0,1267,False,,False,0.0
CUST_02371,TXN_000974,55.64,upi,success,,3,8,0,463,False,,False,0.0
CUST_00740,TXN_000975,10.34,netbanking,success,,3,9,2,451,False,,False,0.0
CUST_01128,TXN_000976,16.89,card,success,,2,9,2,789,False,,False,0.0
CUST_00477,TXN_000977,26.58,card,success,,2,9,0,688,False,,False,0.0
CUST_02862,TXN_000978,61.79,wallet,failed,card_declined,3,4,0,888,False,,False,0.0
CUST_01754,TXN_000979,32.55,netbanking,success,,1,4,2,1072,False,,False,0.0
CUST_02829,TXN_000980,82.23,card,success,,2,5,0,646,False,,False,0.0
CUST_02948,TXN_000981,94.84,wallet,success,,1,7,3,683,False,,False,0.0
CUST_03510,TXN_000982,86.43,card,success,,2,8,2,1484,False,,False,0.0
CUST_02735,TXN_000983,86.87,netbanking,success,,1,6,1,1326,False,,False,0.0
CUST_03240,TXN_000984,14.45,card,success,,1,8,1,1226,False,,False,0.0
CUST_02936,TXN_000985,48.72,card,failed,expired_card,1,6,3,382,False,,False,0.0
CUST_03262,TXN_000986,20.37,wallet,success,,3,9,1,1348,False,,False,0.0
CUST_03083,TXN_000987,8.85,card,success,,3,4,3,732,False,,False,0.0
CUST_01581,TXN_000988,26.31,netbanking,success,,2,6,0,151,False,,False,0.0
CUST_01232,TXN_000989,95.56,upi,success,,2,6,1,1172,False,,False,0.0
CUST_03937,TXN_000990,47.88,card,success,,1,9,3,594,False,,False,0.0
CUST_01714,TXN_000991,166.38,wallet,success,,1,4,1,1341,False,,False,0.0
CUST_02746,TXN_000992,38.16,upi,success,,1,9,3,1068,False,,False,0.0
CUST_00985,TXN_000993,234.68,netbanking,failed,network_error,1,8,3,1124,True,offer_support,True,234.68
CUST_02157,TXN_000994,38.17,netbanking,success,,2,5,1,1050,False,,False,0.0
CUST_02648,TXN_000995,33.72,card,success,,3,3,1,1498,False,,False,0.0
CUST_03130,TXN_000996,11.9,card,success,,1,6,2,927,False,,False,0.0
CUST_02632,TXN_000997,80.52,card,success,,2,4,1,500,False,,False,0.0
CUST_01803,TXN_000998,22.16,upi,success,,2,13,2,797,False,,False,0.0
CUST_04808,TXN_000999,19.73,card,success,,1,6,1,22,False,,False,0.0
CUST_02564,TXN_001000,92.29,card,success,,2,8,3,1308,False,,False,0.0
CUST_04041,TXN_001001,83.64,netbanking,success,,2,6,1,796,False,,False,0.0
CUST_03683,TXN_001002,81.91,card,success,,3,3,1,1299,False,,False,0.0
CUST_02792,TXN_001003,24.79,upi,success,,2,8,4,1240,False,,False,0.0
CUST_04432,TXN_001004,31.79,upi,success,,2,6,2,1035,False,,False,0.0
CUST_00642,TXN_001005,31.57,card,success,,3,1,4,537,False,,False,0.0
CUST_04605,TXN_001006,61.93,card,success,,3,9,3,960,False,,False,0.0
CUST_04251,TXN_001007,114.76,card,success,,2,9,3,398,False,,False,0.0
CUST_02518,TXN_001008,44.46,upi,success,,2,9,2,807,False,,False,0.0
CUST_03667,TXN_001009,160.76,card,success,,2,7,3,276,False,,False,0.0
CUST_02601,TXN_001010,67.88,netbanking,failed,authentication_failed,3,9,0,232,False,,False,0.0
CUST_01344,TXN_001011,27.44,netbanking,success,,1,5,0,1323,False,,False,0.0
CUST_03999,TXN_001012,64.26,card,success,,1,12,7,81,False,,False,0.0
CUST_01230,TXN_001013,129.64,netbanking,success,,3,9,0,480,False,,False,0.0
CUST_01572,TXN_001014,163.8,wallet,success,,2,9,3,170,False,,False,0.0
CUST_02596,TXN_001015,85.59,card,success,,2,7,1,279,False,,False,0.0
CUST_04187,TXN_001016,33.8,wallet,success,,1,2,4,1076,False,,False,0.0
CUST_01920,TXN_001017,27.84,card,failed,card_declined,2,8,2,1413,False,,False,0.0
CUST_02471,TXN_001018,52.5,upi,failed,card_declined,2,9,3,185,False,,False,0.0
CUST_00209,TXN_001019,126.37,card,success,,2,6,1,209,False,,False,0.0
CUST_00580,TXN_001020,46.85,netbanking,success,,1,7,1,1335,False,,False,0.0
CUST_00280,TXN_001021,47.64,netbanking,success,,1,10,1,72,False,,False,0.0
CUST_00361,TXN_001022,34.51,wallet,success,,2,9,2,880,False,,False,0.0
CUST_04342,TXN_001023,25.47,wallet,success,,2,12,0,187,False,,False,0.0
CUST_04210,TXN_001024,29.09,card,success,,3,6,5,999,False,,False,0.0
CUST_04109,TXN_001025,36.9,upi,failed,expired_card,1,5,0,783,False,,False,0.0
CUST_00278,TXN_001026,130.91,card,success,,3,4,3,461,False,,False,0.0
CUST_00389,TXN_001027,27.34,card,failed,insufficient_funds,2,6,2,637,True,offer_support,False,0.0
CUST_01403,TXN_001028,34.54,card,success,,1,12,2,464,False,,False,0.0
CUST_02826,TXN_001029,16.57,wallet,success,,3,9,3,1010,False,,False,0.0
CUST_01671,TXN_001030,58.75,upi,success,,2,7,1,1204,False,,False,0.0
CUST_02438,TXN_001031,98.82,card,success,,1,3,0,341,False,,False,0.0
CUST_00865,TXN_001032,121.46,wallet,failed,card_declined,2,7,3,1452,True,update_payment_method,False,0.0
CUST_03654,TXN_001033,38.97,netbanking,success,,1,15,2,461,False,,False,0.0
CUST_01570,TXN_001034,52.43,card,success,,3,12,0,581,False,,False,0.0
CUST_00333,TXN_001035,29.29,upi,success,,1,12,2,431,False,,False,0.0
CUST_03713,TXN_001036,50.52,upi,success,,3,12,2,1292,False,,False,0.0
CUST_04514,TXN_001037,42.57,upi,success,,1,8,0,904,False,,False,0.0
CUST_00074,TXN_001038,34.7,upi,success,,1,7,1,1358,False,,False,0.0
CUST_02183,TXN_001039,36.97,upi,success,,1,9,1,1381,False,,False,0.0
CUST_04136,TXN_001040,47.54,card,failed,insufficient_funds,3,8,2,201,True,send_reminder,True,47.54
CUST_03531,TXN_001041,26.17,upi,success,,2,7,2,1134,False,,False,0.0
CUST_04282,TXN_001042,27.28,card,success,,1,11,2,918,False,,False,0.0
CUST_02076,TXN_001043,129.79,card,success,,1,8,1,1115,False,,False,0.0
CUST_01861,TXN_001044,289.58,card,success,,1,10,0,523,False,,False,0.0
CUST_03546,TXN_001045,12.64,upi,success,,2,15,1,1068,False,,False,0.0
CUST_00768,TXN_001046,12.09,card,failed,network_error,1,5,0,47,False,,False,0.0
CUST_01197,TXN_001047,15.4,card,success,,2,12,1,1213,False,,False,0.0
CUST_03004,TXN_001048,30.49,card,failed,insufficient_funds,1,8,2,1008,True,offer_support,False,0.0
CUST_03342,TXN_001049,67.8,wallet,success,,3,10,0,1232,False,,False,0.0
CUST_00599,TXN_001050,53.14,card,success,,2,6,2,1113,False,,False,0.0
CUST_02542,TXN_001051,38.0,card,success,,1,10,0,97,False,,False,0.0
CUST_01825,TXN_001052,50.56,card,success,,1,11,3,901,False,,False,0.0
CUST_02509,TXN_001053,19.04,upi,success,,3,9,0,551,False,,False,0.0
CUST_04792,TXN_001054,27.24,card,success,,1,12,3,766,False,,False,0.0
CUST_00383,TXN_001055,32.59,card,success,,1,5,3,1395,False,,False,0.0
CUST_04977,TXN_001056,9.32,netbanking,success,,1,4,1,1410,False,,False,0.0
CUST_02248,TXN_001057,13.08,netbanking,success,,1,8,1,307,False,,False,0.0
CUST_03860,TXN_001058,13.5,upi,success,,3,9,1,245,False,,False,0.0
CUST_02122,TXN_001059,61.03,upi,success,,3,4,0,1041,False,,False,0.0
CUST_01555,TXN_001060,40.3,wallet,success,,3,6,3,1445,False,,False,0.0
CUST_03853,TXN_001061,53.99,wallet,success,,1,10,1,182,False,,False,0.0
CUST_03438,TXN_001062,7.6,upi,success,,3,8,1,856,False,,False,0.0
CUST_00721,TXN_001063,10.11,netbanking,success,,3,7,1,536,False,,False,0.0
CUST_03527,TXN_001064,56.29,netbanking,success,,3,11,0,1364,False,,False,0.0
CUST_03765,TXN_001065,3.59,wallet,success,,3,6,2,959,False,,False,0.0
CUST_01939,TXN_001066,88.21,card,success,,3,7,0,1337,False,,False,0.0
CUST_04628,TXN_001067,7.7,wallet,success,,2,12,3,1284,False,,False,0.0
CUST_03204,TXN_001068,65.02,upi,success,,1,8,0,92,False,,False,0.0
CUST_01668,TXN_001069,16.27,upi,success,,3,5,1,542,False,,False,0.0
CUST_00054,TXN_001070,76.64,card,success,,3,6,1,983,False,,False,0.0
CUST_03375,TXN_001071,431.18,card,success,,2,8,2,1259,False,,False,0.0
CUST_01046,TXN_001072,5.37,netbanking,failed,authentication_failed,2,8,2,943,True,retry_payment,True,5.37
CUST_03782,TXN_001073,57.76,upi,success,,3,9,2,180,False,,False,0.0
CUST_02625,TXN_001074,7.79,card,success,,2,9,0,554,False,,False,0.0
CUST_02334,TXN_001075,46.59,upi,success,,2,7,4,1176,False,,False,0.0
CUST_00819,TXN_001076,28.07,card,success,,3,6,0,521,False,,False,0.0
CUST_03557,TXN_001077,36.74,upi,success,,3,11,0,183,False,,False,0.0
CUST_00830,TXN_001078,15.97,upi,success,,1,6,2,840,False,,False,0.0
CUST_02089,TXN_001079,61.83,upi,success,,1,11,0,53,False,,False,0.0
CUST_04181,TXN_001080,10.39,card,success,,1,9,2,953,False,,False,0.0
CUST_04601,TXN_001081,89.42,card,success,,1,13,0,665,False,,False,0.0
CUST_04945,TXN_001082,23.87,card,failed,insufficient_funds,3,7,1,240,True,retry_payment,False,0.0
CUST_04790,TXN_001083,10.78,upi,failed,expired_card,3,4,3,1377,True,send_reminder,True,10.78
CUST_02780,TXN_001084,118.62,wallet,success,,2,6,4,1298,False,,False,0.0
CUST_01003,TXN_001085,31.38,netbanking,failed,expired_card,3,10,0,34,True,offer_support,True,31.38
CUST_04195,TXN_001086,152.34,upi,success,,2,6,0,757,False,,False,0.0
CUST_04008,TXN_001087,87.98,card,success,,3,4,2,1158,False,,False,0.0
CUST_04951,TXN_001088,17.49,card,success,,3,5,1,549,False,,False,0.0
CUST_03255,TXN_001089,30.94,netbanking,success,,3,8,2,788,False,,False,0.0
CUST_00708,TXN_001090,36.48,upi,success,,3,8,4,1249,False,,False,0.0
CUST_02515,TXN_001091,112.29,card,success,,1,11,4,465,False,,False,0.0
CUST_02241,TXN_001092,46.99,upi,success,,3,4,1,1303,False,,False,0.0
CUST_04214,TXN_001093,38.13,upi,failed,network_error,2,4,2,912,False,,False,0.0
CUST_01963,TXN_001094,28.22,card,success,,1,10,5,85,False,,False,0.0
CUST_01643,TXN_001095,31.8,card,success,,3,5,5,1024,False,,False,0.0
CUST_00401,TXN_001096,94.04,upi,success,,3,5,0,722,False,,False,0.0
CUST_04177,TXN_001097,33.21,card,failed,expired_card,1,6,0,1130,True,update_payment_method,False,0.0
CUST_03776,TXN_001098,24.14,card,success,,2,9,3,1049,False,,False,0.0
CUST_00207,TXN_001099,21.08,netbanking,success,,3,6,1,755,False,,False,0.0
CUST_02169,TXN_001100,21.26,wallet,success,,3,4,4,488,False,,False,0.0
CUST_02399,TXN_001101,10.79,card,success,,2,11,1,620,False,,False,0.0
CUST_02347,TXN_001102,18.17,card,success,,1,7,2,960,False,,False,0.0
CUST_04594,TXN_001103,109.81,upi,success,,2,3,6,751,False,,False,0.0
CUST_00754,TXN_001104,28.07,card,success,,2,6,1,304,False,,False,0.0
CUST_01532,TXN_001105,58.18,netbanking,failed,insufficient_funds,3,10,2,1173,True,update_payment_method,False,0.0
CUST_00905,TXN_001106,4.56,upi,success,,1,5,2,382,False,,False,0.0
CUST_01221,TXN_001107,52.18,card,success,,1,6,1,1043,False,,False,0.0
CUST_04535,TXN_001108,29.11,netbanking,success,,3,9,0,953,False,,False,0.0
CUST_04703,TXN_001109,22.53,card,success,,3,9,2,30,False,,False,0.0
CUST_00224,TXN_001110,38.27,upi,success,,2,8,1,526,False,,False,0.0
CUST_03160,TXN_001111,22.27,wallet,success,,2,2,4,1297,False,,False,0.0
CUST_01165,TXN_001112,6.06,card,success,,2,7,0,954,False,,False,0.0
CUST_00963,TXN_001113,69.26,card,success,,1,8,3,368,False,,False,0.0
CUST_01461,TXN_001114,40.22,netbanking,success,,1,8,0,538,False,,False,0.0
CUST_00972,TXN_001115,25.76,upi,success,,2,4,3,1084,False,,False,0.0
CUST_02451,TXN_001116,15.29,card,success,,2,7,1,335,False,,False,0.0
CUST_04978,TXN_001117,10.22,card,success,,1,7,6,223,False,,False,0.0
CUST_02932,TXN_001118,39.61,card,success,,2,13,1,134,False,,False,0.0
CUST_03616,TXN_001119,120.39,upi,success,,2,9,1,870,False,,False,0.0
CUST_02466,TXN_001120,38.96,card,success,,3,9,1,1432,False,,False,0.0
CUST_00070,TXN_001121,10.95,card,success,,2,7,1,67,False,,False,0.0
CUST_00421,TXN_001122,39.65,card,success,,2,7,3,1336,False,,False,0.0
CUST_01345,TXN_001123,31.73,upi,success,,2,7,2,205,False,,False,0.0
CUST_01219,TXN_001124,66.1,netbanking,success,,1,10,0,1079,False,,False,0.0
CUST_04203,TXN_001125,53.81,upi,failed,network_error,2,13,0,1377,True,offer_support,True,53.81
CUST_04218,TXN_001126,3.04,upi,success,,2,9,1,635,False,,False,0.0
CUST_04270,TXN_001127,51.22,netbanking,success,,2,7,1,1070,False,,False,0.0
CUST_03188,TXN_001128,14.84,card,success,,1,4,2,869,False,,False,0.0
CUST_02781,TXN_001129,10.62,card,success,,3,7,1,1089,False,,False,0.0
CUST_03246,TXN_001130,28.48,card,success,,2,7,0,654,False,,False,0.0
CUST_02034,TXN_001131,46.01,card,failed,network_error,1,7,0,951,False,,False,0.0
CUST_03351,TXN_001132,8.91,wallet,success,,2,7,0,1393,False,,False,0.0
CUST_03972,TXN_001133,58.19,card,success,,3,9,7,206,False,,False,0.0
CUST_03814,TXN_001134,60.99,netbanking,success,,1,9,0,520,False,,False,0.0
CUST_03069,TXN_001135,34.38,card,failed,network_error,2,5,2,836,True,retry_payment,True,34.38
CUST_00291,TXN_001136,16.54,upi,success,,1,13,2,782,False,,False,0.0
CUST_03625,TXN_001137,15.13,card,failed,card_declined,1,8,0,621,True,offer_support,False,0.0
CUST_01833,TXN_001138,75.24,card,success,,2,7,3,643,False,,False,0.0
CUST_03718,TXN_001139,9.89,card,failed,authentication_failed,1,11,2,934,False,,False,0.0
CUST_02698,TXN_001140,77.6,upi,success,,2,7,4,1072,False,,False,0.0
CUST_04406,TXN_001141,29.02,upi,failed,expired_card,2,11,3,1053,True,update_payment_method,True,29.02
CUST_01692,TXN_001142,30.67,netbanking,failed,expired_card,1,10,0,444,True,retry_payment,False,0.0
CUST_04657,TXN_001143,8.44,wallet,success,,3,6,2,472,False,,False,0.0
CUST_04222,TXN_001144,29.45,upi,failed,expired_card,2,13,4,1278,True,update_payment_method,False,0.0
CUST_01656,TXN_001145,54.1,wallet,success,,1,7,0,268,False,,False,0.0
CUST_02413,TXN_001146,11.37,card,success,,2,8,2,339,False,,False,0.0
CUST_02657,TXN_001147,49.35,card,success,,3,11,0,416,False,,False,0.0
CUST_03843,TXN_001148,35.56,card,success,,1,8,1,1085,False,,False,0.0
CUST_03446,TXN_001149,19.79,upi,success,,3,8,1,285,False,,False,0.0
CUST_04260,TXN_001150,65.61,upi,success,,1,16,0,808,False,,False,0.0
CUST_01849,TXN_001151,5.69,upi,success,,3,11,0,927,False,,False,0.0
CUST_02524,TXN_001152,43.7,netbanking,success,,2,10,3,726,False,,False,0.0
CUST_02154,TXN_001153,120.97,card,failed,card_declined,1,6,2,269,True,update_payment_method,True,120.97
CUST_04547,TXN_001154,104.79,netbanking,success,,3,14,5,1102,False,,False,0.0
CUST_01525,TXN_001155,45.23,upi,success,,1,7,2,256,False,,False,0.0
CUST_02936,TXN_001156,26.01,upi,failed,authentication_failed,1,8,2,1394,True,retry_payment,True,26.01
CUST_00601,TXN_001157,19.91,card,success,,2,9,2,698,False,,False,0.0
CUST_04251,TXN_001158,25.99,card,success,,3,9,2,696,False,,False,0.0
CUST_01921,TXN_001159,51.16,card,success,,1,10,1,1223,False,,False,0.0
CUST_01703,TXN_001160,17.36,netbanking,success,,2,6,1,383,False,,False,0.0
CUST_02915,TXN_001161,60.7,upi,success,,2,7,2,140,False,,False,0.0
CUST_02494,TXN_001162,182.46,card,success,,3,11,0,331,False,,False,0.0
CUST_04240,TXN_001163,31.52,netbanking,success,,3,10,2,892,False,,False,0.0
CUST_02657,TXN_001164,11.3,upi,failed,authentication_failed,3,4,2,55,False,,False,0.0
CUST_02585,TXN_001165,11.29,wallet,failed,card_declined,1,6,0,798,False,,False,0.0
CUST_00525,TXN_001166,61.64,upi,success,,1,10,3,273,False,,False,0.0
CUST_00110,TXN_001167,31.57,upi,failed,insufficient_funds,3,8,1,948,True,update_payment_method,False,0.0
CUST_01993,TXN_001168,66.78,upi,success,,2,11,1,1270,False,,False,0.0
CUST_04991,TXN_001169,21.61,upi,success,,1,4,1,809,False,,False,0.0
CUST_04586,TXN_001170,64.36,card,success,,2,9,2,496,False,,False,0.0
CUST_03145,TXN_001171,29.18,card,success,,1,9,0,1344,False,,False,0.0
CUST_03154,TXN_001172,18.43,wallet,success,,1,4,0,1128,False,,False,0.0
CUST_01958,TXN_001173,24.03,upi,failed,insufficient_funds,2,7,1,386,False,,False,0.0
CUST_00888,TXN_001174,12.71,upi,success,,3,5,2,895,False,,False,0.0
CUST_00043,TXN_001175,162.63,upi,success,,2,8,0,1228,False,,False,0.0
CUST_01694,TXN_001176,30.66,upi,success,,1,2,2,1140,False,,False,0.0
CUST_01583,TXN_001177,55.46,card,success,,1,7,0,1022,False,,False,0.0
CUST_00958,TXN_001178,21.55,card,success,,3,8,0,488,False,,False,0.0
CUST_01296,TXN_001179,14.27,card,success,,3,11,1,1084,False,,False,0.0
CUST_00125,TXN_001180,27.46,card,success,,3,4,0,1347,False,,False,0.0
CUST_03040,TXN_001181,79.91,card,success,,3,6,1,160,False,,False,0.0
CUST_04637,TXN_001182,21.83,netbanking,success,,2,7,1,420,False,,False,0.0
CUST_03454,TXN_001183,16.5,card,failed,card_declined,2,8,0,233,False,,False,0.0
CUST_02241,TXN_001184,37.5,netbanking,success,,2,13,2,454,False,,False,0.0
CUST_02101,TXN_001185,49.36,wallet,failed,expired_card,2,11,1,281,True,send_reminder,True,49.36
CUST_01538,TXN_001186,123.26,card,failed,expired_card,3,10,2,1155,True,send_reminder,False,0.0
CUST_00712,TXN_001187,43.95,upi,success,,2,5,2,1111,False,,False,0.0
CUST_02992,TXN_001188,55.43,upi,success,,1,8,1,338,False,,False,0.0
CUST_02833,TXN_001189,58.88,wallet,success,,2,11,0,1255,False,,False,0.0
CUST_00037,TXN_001190,13.17,upi,failed,card_declined,3,4,1,1152,True,retry_payment,True,13.17
CUST_02078,TXN_001191,15.32,card,success,,3,3,1,341,False,,False,0.0
CUST_01390,TXN_001192,13.91,card,success,,1,10,2,953,False,,False,0.0
CUST_00852,TXN_001193,11.41,wallet,success,,3,8,1,646,False,,False,0.0
CUST_03515,TXN_001194,62.58,card,success,,1,10,3,1070,False,,False,0.0
CUST_02629,TXN_001195,41.76,netbanking,success,,3,9,2,1174,False,,False,0.0
CUST_03169,TXN_001196,35.29,card,success,,1,8,3,826,False,,False,0.0
CUST_03567,TXN_001197,4.16,upi,success,,1,6,1,1187,False,,False,0.0
CUST_04909,TXN_001198,171.47,upi,failed,card_declined,1,9,2,906,True,retry_payment,True,171.47
CUST_04014,TXN_001199,16.19,card,success,,2,7,4,69,False,,False,0.0
CUST_03102,TXN_001200,170.96,card,success,,1,7,0,780,False,,False,0.0
CUST_04395,TXN_001201,10.39,card,failed,authentication_failed,2,4,1,438,True,send_reminder,True,10.39
CUST_02388,TXN_001202,17.29,netbanking,success,,3,6,2,744,False,,False,0.0
CUST_04923,TXN_001203,5.68,upi,failed,authentication_failed,3,8,0,270,True,offer_support,True,5.68
CUST_03807,TXN_001204,44.24,card,success,,2,10,1,121,False,,False,0.0
CUST_03254,TXN_001205,13.72,upi,success,,2,9,2,1327,False,,False,0.0
CUST_04516,TXN_001206,14.04,card,success,,3,5,1,102,False,,False,0.0
CUST_02575,TXN_001207,11.05,upi,success,,1,8,0,179,False,,False,0.0
CUST_03603,TXN_001208,61.68,netbanking,success,,3,3,0,12,False,,False,0.0
CUST_01424,TXN_001209,58.51,netbanking,success,,3,11,2,920,False,,False,0.0
CUST_04816,TXN_001210,141.12,netbanking,success,,3,10,0,602,False,,False,0.0
CUST_03117,TXN_001211,19.13,card,success,,3,5,1,1009,False,,False,0.0
CUST_03910,TXN_001212,39.45,card,success,,3,7,2,1359,False,,False,0.0
CUST_02304,TXN_001213,11.81,netbanking,success,,2,11,0,1088,False,,False,0.0
CUST_04334,TXN_001214,25.33,card,success,,3,8,2,1128,False,,False,0.0
CUST_00371,TXN_001215,21.87,card,failed,expired_card,2,6,1,845,False,,False,0.0
CUST_00571,TXN_001216,48.02,card,success,,1,7,2,9,False,,False,0.0
CUST_02536,TXN_001217,74.71,netbanking,failed,expired_card,1,9,0,622,True,send_reminder,True,74.71
CUST_03662,TXN_001218,73.17,upi,success,,1,4,4,139,False,,False,0.0
CUST_04046,TXN_001219,16.87,wallet,success,,3,7,0,1225,False,,False,0.0
CUST_02201,TXN_001220,73.61,card,success,,2,9,0,732,False,,False,0.0
CUST_03248,TXN_001221,31.97,card,success,,3,9,3,784,False,,False,0.0
CUST_02765,TXN_001222,25.54,card,success,,1,8,1,193,False,,False,0.0
CUST_04807,TXN_001223,18.79,netbanking,failed,expired_card,3,7,4,895,False,,False,0.0
CUST_03270,TXN_001224,21.16,card,success,,3,7,3,802,False,,False,0.0
CUST_02084,TXN_001225,133.47,wallet,success,,1,13,0,676,False,,False,0.0
CUST_04849,TXN_001226,42.35,upi,success,,2,11,1,29,False,,False,0.0
CUST_00537,TXN_001227,38.08,netbanking,success,,2,8,0,1295,False,,False,0.0
CUST_04922,TXN_001228,26.85,netbanking,success,,3,4,1,1157,False,,False,0.0
CUST_00770,TXN_001229,234.34,upi,success,,2,11,0,288,False,,False,0.0
CUST_01441,TXN_001230,94.07,upi,success,,2,9,0,1078,False,,False,0.0
CUST_04107,TXN_001231,18.6,card,failed,card_declined,3,7,1,1404,False,,False,0.0
CUST_03669,TXN_001232,26.61,netbanking,success,,3,11,0,1493,False,,False,0.0
CUST_04851,TXN_001233,27.9,netbanking,success,,1,5,0,1447,False,,False,0.0
CUST_03750,TXN_001234,37.21,upi,failed,card_declined,1,6,1,654,True,send_reminder,True,37.21
CUST_03185,TXN_001235,18.9,card,success,,3,7,2,439,False,,False,0.0
CUST_01733,TXN_001236,47.04,wallet,success,,2,7,1,33,False,,False,0.0
CUST_00024,TXN_001237,105.81,wallet,success,,2,8,1,203,False,,False,0.0
CUST_00620,TXN_001238,11.58,upi,success,,3,6,1,1016,False,,False,0.0
CUST_01489,TXN_001239,13.43,wallet,success,,2,6,0,948,False,,False,0.0
CUST_00205,TXN_001240,22.5,upi,success,,2,9,1,1082,False,,False,0.0
CUST_02541,TXN_001241,23.35,card,success,,3,8,0,529,False,,False,0.0
CUST_03886,TXN_001242,163.82,upi,success,,3,12,0,996,False,,False,0.0
CUST_04816,TXN_001243,73.8,card,success,,3,8,1,1055,False,,False,0.0
CUST_02449,TXN_001244,70.49,upi,success,,2,6,5,1106,False,,False,0.0
CUST_04375,TXN_001245,26.8,upi,success,,3,4,4,457,False,,False,0.0
CUST_04927,TXN_001246,26.34,card,failed,network_error,3,7,0,1467,True,send_reminder,True,26.34
CUST_04299,TXN_001247,10.37,card,success,,3,7,1,583,False,,False,0.0
CUST_02325,TXN_001248,61.89,upi,failed,insufficient_funds,2,3,2,197,True,offer_support,True,61.89
CUST_01626,TXN_001249,49.05,netbanking,failed,authentication_failed,3,7,2,1443,False,,False,0.0
CUST_04889,TXN_001250,92.65,wallet,success,,3,8,4,339,False,,False,0.0
CUST_01210,TXN_001251,27.98,card,success,,3,6,3,1276,False,,False,0.0
CUST_02058,TXN_001252,29.56,netbanking,success,,2,3,0,965,False,,False,0.0
CUST_00371,TXN_001253,37.94,card,success,,2,13,0,345,False,,False,0.0
CUST_03968,TXN_001254,67.59,card,success,,2,9,2,251,False,,False,0.0
CUST_03249,TXN_001255,10.21,upi,success,,3,10,2,344,False,,False,0.0
CUST_00425,TXN_001256,59.67,card,success,,2,7,2,362,False,,False,0.0
CUST_01110,TXN_001257,32.58,netbanking,failed,insufficient_funds,3,5,3,793,True,update_payment_method,False,0.0
CUST_02777,TXN_001258,14.2,card,success,,2,2,0,586,False,,False,0.0
CUST_02702,TXN_001259,6.25,card,success,,2,10,2,676,False,,False,0.0
CUST_04010,TXN_001260,29.69,upi,success,,3,5,1,727,False,,False,0.0
CUST_01331,TXN_001261,105.44,card,success,,1,7,1,136,False,,False,0.0
CUST_04623,TXN_001262,126.44,card,success,,1,7,2,101,False,,False,0.0
CUST_02222,TXN_001263,44.0,card,success,,1,10,1,1288,False,,False,0.0
CUST_04113,TXN_001264,159.11,card,success,,3,7,4,1142,False,,False,0.0
CUST_01192,TXN_001265,32.0,netbanking,success,,3,4,2,987,False,,False,0.0
CUST_00185,TXN_001266,71.0,card,failed,insufficient_funds,2,7,0,1355,True,update_payment_method,False,0.0
CUST_00276,TXN_001267,23.08,upi,success,,1,3,0,119,False,,False,0.0
CUST_01864,TXN_001268,21.94,upi,failed,card_declined,1,8,3,354,True,send_reminder,False,0.0
CUST_04765,TXN_001269,19.26,upi,success,,2,16,0,1237,False,,False,0.0
CUST_00244,TXN_001270,6.37,upi,failed,authentication_failed,2,10,3,949,False,,False,0.0
CUST_01845,TXN_001271,92.73,upi,success,,1,11,0,1469,False,,False,0.0
CUST_00547,TXN_001272,19.82,netbanking,success,,2,6,1,1346,False,,False,0.0
CUST_04657,TXN_001273,17.44,card,success,,1,6,2,969,False,,False,0.0
CUST_03376,TXN_001274,12.88,netbanking,success,,3,9,2,364,False,,False,0.0
CUST_03813,TXN_001275,28.12,card,success,,1,7,2,148,False,,False,0.0
CUST_03566,TXN_001276,135.75,upi,success,,3,8,1,905,False,,False,0.0
CUST_03285,TXN_001277,176.8,upi,success,,3,7,2,195,False,,False,0.0
CUST_03868,TXN_001278,8.77,card,success,,2,9,2,336,False,,False,0.0
CUST_00041,TXN_001279,24.94,card,success,,3,10,0,1389,False,,False,0.0
CUST_04327,TXN_001280,14.48,card,success,,3,4,2,55,False,,False,0.0
CUST_03699,TXN_001281,73.02,card,success,,1,12,0,808,False,,False,0.0
CUST_03697,TXN_001282,41.65,upi,success,,2,8,2,1489,False,,False,0.0
CUST_01967,TXN_001283,19.9,card,success,,2,10,1,785,False,,False,0.0
CUST_04004,TXN_001284,35.09,netbanking,success,,2,7,0,1185,False,,False,0.0
CUST_01909,TXN_001285,22.6,netbanking,success,,3,8,5,1122,False,,False,0.0
CUST_00245,TXN_001286,120.47,card,success,,3,6,2,1162,False,,False,0.0
CUST_04539,TXN_001287,51.29,card,success,,3,13,0,674,False,,False,0.0
CUST_01173,TXN_001288,56.59,card,failed,expired_card,1,9,4,248,False,,False,0.0
CUST_00510,TXN_001289,3.92,netbanking,success,,3,8,1,849,False,,False,0.0
CUST_03109,TXN_001290,31.39,card,success,,3,5,1,596,False,,False,0.0
CUST_01169,TXN_001291,175.31,card,success,,3,14,1,1279,False,,False,0.0
CUST_04290,TXN_001292,95.67,wallet,success,,2,7,0,1124,False,,False,0.0
CUST_02219,TXN_001293,7.56,upi,failed,network_error,3,11,3,109,True,retry_payment,False,0.0
CUST_00023,TXN_001294,25.77,card,success,,1,6,1,483,False,,False,0.0
CUST_04758,TXN_001295,12.66,netbanking,success,,1,11,3,212,False,,False,0.0
CUST_02573,TXN_001296,130.18,wallet,success,,2,7,2,343,False,,False,0.0
CUST_01315,TXN_001297,40.26,upi,success,,3,6,2,915,False,,False,0.0
CUST_03386,TXN_001298,17.92,card,success,,1,9,1,270,False,,False,0.0
CUST_02653,TXN_001299,34.03,upi,success,,1,8,0,825,False,,False,0.0
CUST_00149,TXN_001300,4.11,card,success,,1,6,0,484,False,,False,0.0
CUST_03798,TXN_001301,13.9,upi,success,,1,9,2,106,False,,False,0.0
CUST_02007,TXN_001302,34.1,card,success,,1,7,1,340,False,,False,0.0
CUST_03499,TXN_001303,65.14,upi,success,,3,9,2,334,False,,False,0.0
CUST_04478,TXN_001304,7.01,netbanking,failed,insufficient_funds,3,3,3,742,False,,False,0.0
CUST_03053,TXN_001305,24.41,wallet,success,,2,13,1,584,False,,False,0.0
CUST_03358,TXN_001306,74.27,netbanking,success,,1,12,2,1072,False,,False,0.0
CUST_01273,TXN_001307,10.37,card,success,,3,8,2,904,False,,False,0.0
CUST_01189,TXN_001308,39.78,card,success,,2,13,0,1235,False,,False,0.0
CUST_02075,TXN_001309,34.91,upi,success,,3,7,0,1290,False,,False,0.0
CUST_04264,TXN_001310,130.52,card,failed,network_error,2,8,1,523,True,send_reminder,True,130.52
CUST_02621,TXN_001311,27.55,card,success,,1,13,0,508,False,,False,0.0
CUST_01740,TXN_001312,28.87,netbanking,failed,network_error,3,5,2,873,True,retry_payment,True,28.87
CUST_03898,TXN_001313,65.63,card,success,,3,5,2,609,False,,False,0.0
CUST_04266,TXN_001314,11.46,card,success,,3,10,0,668,False,,False,0.0
CUST_04512,TXN_001315,27.75,upi,success,,2,8,0,478,False,,False,0.0
CUST_01495,TXN_001316,23.0,wallet,success,,3,10,3,879,False,,False,0.0
CUST_03548,TXN_001317,29.63,upi,success,,1,5,1,396,False,,False,0.0
CUST_02952,TXN_001318,65.28,card,success,,2,14,2,722,False,,False,0.0
CUST_02245,TXN_001319,51.59,upi,failed,card_declined,1,5,1,296,True,offer_support,True,51.59
CUST_01985,TXN_001320,18.19,wallet,success,,2,7,0,122,False,,False,0.0
CUST_00573,TXN_001321,36.94,card,success,,1,6,1,134,False,,False,0.0
CUST_01374,TXN_001322,109.11,upi,success,,3,13,1,83,False,,False,0.0
CUST_02748,TXN_001323,17.03,upi,success,,1,8,2,349,False,,False,0.0
CUST_04432,TXN_001324,37.19,upi,success,,1,7,1,125,False,,False,0.0
CUST_04331,TXN_001325,28.37,card,success,,1,9,2,4,False,,False,0.0
CUST_00938,TXN_001326,31.49,wallet,success,,1,5,1,595,False,,False,0.0
CUST_03396,TXN_001327,8.98,card,success,,3,5,1,457,False,,False,0.0
CUST_00424,TXN_001328,102.37,card,success,,3,6,3,571,False,,False,0.0
CUST_03375,TXN_001329,17.82,card,success,,1,12,0,68,False,,False,0.0
CUST_01710,TXN_001330,75.25,upi,success,,1,6,1,1428,False,,False,0.0
CUST_02249,TXN_001331,20.14,card,success,,3,12,2,1089,False,,False,0.0
CUST_03588,TXN_001332,20.08,netbanking,failed,insufficient_funds,2,10,3,9,True,retry_payment,True,20.08
CUST_02125,TXN_001333,87.4,netbanking,success,,1,12,1,275,False,,False,0.0
CUST_04037,TXN_001334,73.34,card,success,,1,13,1,64,False,,False,0.0
CUST_02668,TXN_001335,39.13,netbanking,success,,3,8,2,650,False,,False,0.0
CUST_04993,TXN_001336,60.88,wallet,success,,1,7,0,876,False,,False,0.0
CUST_03191,TXN_001337,26.29,card,success,,2,5,1,1109,False,,False,0.0
CUST_01482,TXN_001338,32.89,upi,success,,3,8,3,1384,False,,False,0.0
CUST_03876,TXN_001339,19.51,wallet,success,,2,5,1,787,False,,False,0.0
CUST_02040,TXN_001340,68.26,netbanking,success,,1,3,3,536,False,,False,0.0
CUST_02671,TXN_001341,19.02,upi,failed,network_error,3,7,5,686,True,retry_payment,False,0.0
CUST_00684,TXN_001342,108.65,netbanking,success,,2,9,1,848,False,,False,0.0
CUST_00597,TXN_001343,25.72,upi,success,,2,10,2,1426,False,,False,0.0
CUST_02874,TXN_001344,33.66,card,failed,authentication_failed,1,8,2,1053,True,retry_payment,False,0.0
CUST_00934,TXN_001345,60.76,card,success,,3,6,1,90,False,,False,0.0
CUST_04987,TXN_001346,33.75,upi,success,,2,10,2,1024,False,,False,0.0
CUST_04278,TXN_001347,26.09,card,success,,2,7,2,127,False,,False,0.0
CUST_03504,TXN_001348,32.33,card,success,,3,9,0,816,False,,False,0.0
CUST_03673,TXN_001349,67.7,card,success,,2,4,1,991,False,,False,0.0
CUST_02976,TXN_001350,19.49,netbanking,failed,authentication_failed,2,13,3,1330,False,,False,0.0
CUST_00302,TXN_001351,29.93,upi,success,,1,4,1,987,False,,False,0.0
CUST_01962,TXN_001352,33.39,card,success,,2,10,1,1400,False,,False,0.0
CUST_02479,TXN_001353,66.13,card,success,,2,3,3,752,False,,False,0.0
CUST_04576,TXN_001354,30.57,card,failed,card_declined,2,14,1,1221,False,,False,0.0
CUST_01098,TXN_001355,140.7,card,success,,2,3,0,456,False,,False,0.0
CUST_02485,TXN_001356,29.22,upi,success,,1,7,1,1419,False,,False,0.0
CUST_01720,TXN_001357,27.38,card,success,,3,8,3,1292,False,,False,0.0
CUST_00672,TXN_001358,28.88,wallet,success,,2,7,3,541,False,,False,0.0
CUST_00515,TXN_001359,11.55,card,success,,3,11,0,1115,False,,False,0.0
CUST_01827,TXN_001360,14.45,card,success,,3,9,1,780,False,,False,0.0
CUST_00413,TXN_001361,21.66,netbanking,success,,2,3,2,1105,False,,False,0.0
CUST_00336,TXN_001362,82.16,card,success,,3,7,1,1010,False,,False,0.0
CUST_01754,TXN_001363,32.25,card,success,,2,9,3,186,False,,False,0.0
CUST_01010,TXN_001364,22.47,card,success,,1,8,1,299,False,,False,0.0
CUST_02774,TXN_001365,88.34,upi,success,,3,10,1,1234,False,,False,0.0
CUST_00089,TXN_001366,114.54,card,success,,3,8,0,86,False,,False,0.0
CUST_01509,TXN_001367,90.41,netbanking,success,,2,6,2,181,False,,False,0.0
CUST_02266,TXN_001368,16.74,upi,success,,3,10,1,268,False,,False,0.0
CUST_04815,TXN_001369,22.28,netbanking,failed,network_error,3,12,2,623,True,offer_support,False,0.0
CUST_03173,TXN_001370,141.31,upi,success,,3,7,1,219,False,,False,0.0
CUST_04403,TXN_001371,40.16,netbanking,success,,1,6,1,805,False,,False,0.0
CUST_01717,TXN_001372,26.73,upi,success,,3,10,1,1015,False,,False,0.0
CUST_02249,TXN_001373,58.83,upi,failed,network_error,1,7,1,562,False,,False,0.0
CUST_02102,TXN_001374,74.13,upi,failed,network_error,3,11,3,895,True,offer_support,True,74.13
CUST_04437,TXN_001375,20.96,upi,success,,3,15,3,1426,False,,False,0.0
CUST_04796,TXN_001376,39.47,card,success,,1,10,2,1483,False,,False,0.0
CUST_04811,TXN_001377,69.49,upi,success,,2,8,2,1170,False,,False,0.0
CUST_03760,TXN_001378,13.09,card,success,,2,5,0,1025,False,,False,0.0
CUST_02516,TXN_001379,33.44,upi,success,,1,8,0,1317,False,,False,0.0
CUST_02704,TXN_001380,13.58,card,success,,3,4,2,525,False,,False,0.0
CUST_04902,TXN_001381,15.08,card,failed,authentication_failed,2,5,1,816,True,send_reminder,True,15.08
CUST_01423,TXN_001382,21.11,card,success,,2,6,0,1327,False,,False,0.0
CUST_01734,TXN_001383,48.51,card,success,,1,6,3,532,False,,False,0.0
CUST_04485,TXN_001384,25.59,card,failed,network_error,3,7,0,1110,True,offer_support,False,0.0
CUST_01932,TXN_001385,19.71,card,failed,network_error,1,8,2,600,True,update_payment_method,False,0.0
CUST_01176,TXN_001386,34.51,upi,success,,2,9,1,223,False,,False,0.0
CUST_02802,TXN_001387,13.23,card,success,,3,9,1,693,False,,False,0.0
CUST_01627,TXN_001388,46.67,wallet,success,,1,9,3,546,False,,False,0.0
CUST_04454,TXN_001389,81.87,netbanking,failed,network_error,3,7,1,886,False,,False,0.0
CUST_04545,TXN_001390,31.08,card,success,,3,12,0,1108,False,,False,0.0
CUST_01530,TXN_001391,28.16,card,success,,3,4,0,749,False,,False,0.0
CUST_02648,TXN_001392,44.65,card,success,,2,8,2,1454,False,,False,0.0
CUST_04919,TXN_001393,6.54,card,success,,1,3,2,286,False,,False,0.0
CUST_03711,TXN_001394,50.88,upi,success,,2,2,2,348,False,,False,0.0
CUST_01078,TXN_001395,396.04,upi,success,,2,13,1,1353,False,,False,0.0
CUST_02954,TXN_001396,30.02,upi,failed,insufficient_funds,1,6,3,1489,True,update_payment_method,False,0.0
CUST_03099,TXN_001397,30.11,card,success,,2,11,0,1246,False,,False,0.0
CUST_03267,TXN_001398,60.03,upi,success,,3,9,1,432,False,,False,0.0
CUST_00126,TXN_001399,123.5,card,success,,1,7,2,1267,False,,False,0.0
CUST_01497,TXN_001400,72.24,netbanking,success,,1,9,1,858,False,,False,0.0
CUST_04273,TXN_001401,5.9,wallet,success,,2,10,1,1253,False,,False,0.0
CUST_01207,TXN_001402,51.97,card,success,,3,8,3,578,False,,False,0.0
CUST_01499,TXN_001403,259.19,netbanking,success,,2,8,1,500,False,,False,0.0
CUST_01613,TXN_001404,54.49,netbanking,failed,card_declined,1,4,0,1000,True,update_payment_method,True,54.49
CUST_00887,TXN_001405,13.15,upi,success,,1,4,1,690,False,,False,0.0
CUST_00778,TXN_001406,41.49,card,success,,3,12,3,659,False,,False,0.0
CUST_01735,TXN_001407,11.89,netbanking,success,,2,7,0,1359,False,,False,0.0
CUST_04371,TXN_001408,88.79,card,failed,authentication_failed,2,6,1,378,True,send_reminder,True,88.79
CUST_00008,TXN_001409,15.41,card,failed,expired_card,2,8,1,359,True,update_payment_method,True,15.41
CUST_01416,TXN_001410,35.14,upi,failed,network_error,3,5,3,325,True,send_reminder,True,35.14
CUST_00304,TXN_001411,16.67,card,failed,authentication_failed,3,3,2,961,True,offer_support,True,16.67
CUST_02807,TXN_001412,21.39,card,success,,2,11,1,420,False,,False,0.0
CUST_01253,TXN_001413,108.74,wallet,success,,1,12,2,131,False,,False,0.0
CUST_03960,TXN_001414,35.97,card,success,,1,8,2,1412,False,,False,0.0
CUST_02925,TXN_001415,21.17,upi,success,,1,7,2,692,False,,False,0.0
CUST_03919,TXN_001416,13.25,upi,success,,1,7,0,571,False,,False,0.0
CUST_03174,TXN_001417,7.41,card,success,,3,7,3,927,False,,False,0.0
CUST_02192,TXN_001418,12.17,upi,success,,3,12,3,1288,False,,False,0.0
CUST_04304,TXN_001419,36.22,upi,success,,3,4,2,974,False,,False,0.0
CUST_02381,TXN_001420,72.54,upi,success,,3,11,1,542,False,,False,0.0
CUST_04749,TXN_001421,21.15,upi,success,,2,11,3,1416,False,,False,0.0
CUST_04973,TXN_001422,116.33,wallet,success,,2,3,1,1082,False,,False,0.0
CUST_02945,TXN_001423,18.65,wallet,success,,3,6,0,1402,False,,False,0.0
CUST_03373,TXN_001424,27.37,card,failed,insufficient_funds,1,8,1,355,True,retry_payment,False,0.0
CUST_01279,TXN_001425,13.96,card,success,,1,5,1,1481,False,,False,0.0
CUST_04073,TXN_001426,73.16,upi,success,,3,6,3,612,False,,False,0.0
CUST_03358,TXN_001427,177.33,wallet,success,,2,7,2,588,False,,False,0.0
CUST_04512,TXN_001428,8.09,netbanking,success,,2,5,3,1046,False,,False,0.0
CUST_01335,TXN_001429,25.11,card,success,,3,13,2,413,False,,False,0.0
CUST_03938,TXN_001430,91.09,netbanking,success,,3,8,3,856,False,,False,0.0
CUST_02351,TXN_001431,10.41,card,success,,3,11,0,1303,False,,False,0.0
CUST_00926,TXN_001432,52.11,card,failed,insufficient_funds,2,7,1,827,False,,False,0.0
CUST_00856,TXN_001433,87.99,upi,success,,1,11,1,399,False,,False,0.0
CUST_02811,TXN_001434,35.25,card,success,,2,15,3,939,False,,False,0.0
CUST_01597,TXN_001435,51.43,upi,success,,3,9,2,677,False,,False,0.0
CUST_00510,TXN_001436,135.47,card,success,,2,8,4,732,False,,False,0.0
CUST_02136,TXN_001437,157.39,netbanking,success,,3,7,1,1424,False,,False,0.0
CUST_03264,TXN_001438,31.51,wallet,success,,1,8,1,1000,False,,False,0.0
CUST_01595,TXN_001439,21.63,card,failed,card_declined,1,11,0,700,True,retry_payment,False,0.0
CUST_04776,TXN_001440,15.86,upi,success,,3,4,2,361,False,,False,0.0
CUST_03897,TXN_001441,72.35,upi,success,,2,6,3,930,False,,False,0.0
CUST_02564,TXN_001442,11.05,card,success,,2,6,2,810,False,,False,0.0
CUST_04673,TXN_001443,27.06,netbanking,success,,1,4,0,384,False,,False,0.0
CUST_02165,TXN_001444,35.95,upi,success,,2,8,2,1186,False,,False,0.0
CUST_00699,TXN_001445,22.14,card,success,,3,12,1,1238,False,,False,0.0
CUST_00180,TXN_001446,41.42,netbanking,success,,2,6,0,422,False,,False,0.0
CUST_04690,TXN_001447,257.65,card,failed,insufficient_funds,2,15,4,1426,True,retry_payment,False,0.0
CUST_04798,TXN_001448,30.05,card,success,,2,10,0,1283,False,,False,0.0
CUST_03696,TXN_001449,23.38,card,success,,3,8,4,1476,False,,False,0.0
CUST_00515,TXN_001450,74.61,netbanking,success,,3,9,2,12,False,,False,0.0
CUST_01468,TXN_001451,40.11,wallet,success,,2,8,1,288,False,,False,0.0
CUST_00206,TXN_001452,104.74,card,success,,3,12,2,727,False,,False,0.0
CUST_00257,TXN_001453,37.78,card,success,,2,8,3,938,False,,False,0.0
CUST_01231,TXN_001454,27.15,card,success,,3,12,3,953,False,,False,0.0
CUST_02861,TXN_001455,7.95,upi,success,,2,8,2,810,False,,False,0.0
CUST_00328,TXN_001456,9.06,card,success,,1,8,2,519,False,,False,0.0
CUST_04923,TXN_001457,7.63,card,failed,authentication_failed,2,7,2,1036,True,send_reminder,True,7.63
CUST_02276,TXN_001458,44.86,card,success,,3,11,1,522,False,,False,0.0
CUST_01319,TXN_001459,11.14,upi,success,,1,9,3,1304,False,,False,0.0
CUST_02580,TXN_001460,90.42,upi,failed,card_declined,3,12,3,107,False,,False,0.0
CUST_03950,TXN_001461,33.93,upi,success,,3,5,0,50,False,,False,0.0
CUST_01563,TXN_001462,27.24,card,success,,3,6,4,701,False,,False,0.0
CUST_00238,TXN_001463,16.86,upi,success,,3,8,3,1464,False,,False,0.0
CUST_00255,TXN_001464,54.48,upi,success,,1,12,2,1366,False,,False,0.0
CUST_04260,TXN_001465,17.4,upi,success,,1,7,1,264,False,,False,0.0
CUST_00558,TXN_001466,15.05,card,success,,2,7,1,863,False,,False,0.0
CUST_03178,TXN_001467,85.69,card,success,,2,9,3,398,False,,False,0.0
CUST_01923,TXN_001468,43.98,upi,success,,3,5,3,1269,False,,False,0.0
CUST_03887,TXN_001469,27.44,card,success,,3,4,0,1390,False,,False,0.0
CUST_00303,TXN_001470,55.32,upi,failed,expired_card,3,10,1,1249,True,offer_support,False,0.0
CUST_04489,TXN_001471,33.35,card,success,,3,7,2,639,False,,False,0.0
CUST_03491,TXN_001472,44.99,card,failed,authentication_failed,1,10,2,1160,False,,False,0.0
CUST_02246,TXN_001473,17.23,upi,success,,3,8,1,1395,False,,False,0.0
CUST_01035,TXN_001474,173.52,card,success,,3,8,0,969,False,,False,0.0
CUST_04885,TXN_001475,20.83,card,success,,3,8,0,591,False,,False,0.0
CUST_01511,TXN_001476,114.99,netbanking,success,,3,8,3,101,False,,False,0.0
CUST_02453,TXN_001477,28.47,card,success,,3,9,0,137,False,,False,0.0
CUST_01971,TXN_001478,63.16,wallet,success,,3,5,1,1105,False,,False,0.0
CUST_01153,TXN_001479,59.58,card,success,,1,6,0,1457,False,,False,0.0
CUST_02083,TXN_001480,82.89,netbanking,failed,card_declined,2,5,1,1275,True,update_payment_method,False,0.0
CUST_00758,TXN_001481,16.9,netbanking,success,,3,4,2,773,False,,False,0.0
CUST_00009,TXN_001482,78.3,card,success,,2,13,2,620,False,,False,0.0
CUST_01450,TXN_001483,145.06,upi,success,,1,9,2,962,False,,False,0.0
CUST_00561,TXN_001484,26.92,upi,success,,3,8,1,1112,False,,False,0.0
CUST_02074,TXN_001485,34.05,upi,success,,1,12,1,1016,False,,False,0.0
CUST_04313,TXN_001486,21.79,card,success,,2,1,1,378,False,,False,0.0
CUST_00813,TXN_001487,25.1,wallet,success,,3,11,4,1009,False,,False,0.0
CUST_00007,TXN_001488,130.21,upi,success,,3,10,2,470,False,,False,0.0
CUST_00556,TXN_001489,14.83,wallet,success,,2,8,2,1324,False,,False,0.0
CUST_02541,TXN_001490,15.58,netbanking,failed,card_declined,1,14,1,300,False,,False,0.0
CUST_01374,TXN_001491,120.15,netbanking,success,,2,7,1,827,False,,False,0.0
CUST_02448,TXN_001492,54.58,upi,success,,1,5,1,11,False,,False,0.0
CUST_00147,TXN_001493,180.6,upi,success,,3,4,2,1132,False,,False,0.0
CUST_01666,TXN_001494,23.1,netbanking,success,,3,10,0,889,False,,False,0.0
CUST_02051,TXN_001495,36.64,upi,success,,3,9,2,1216,False,,False,0.0
CUST_02157,TXN_001496,19.52,card,success,,2,8,1,1280,False,,False,0.0
CUST_02756,TXN_001497,37.14,upi,success,,1,5,0,707,False,,False,0.0
CUST_03903,TXN_001498,8.01,card,success,,1,6,1,539,False,,False,0.0
CUST_02336,TXN_001499,57.28,wallet,success,,2,10,2,206,False,,False,0.0
CUST_04206,TXN_001500,42.9,upi,success,,3,11,2,770,False,,False,0.0
CUST_02649,TXN_001501,31.63,upi,success,,2,8,2,238,False,,False,0.0
CUST_01302,TXN_001502,24.23,card,success,,3,6,1,990,False,,False,0.0
CUST_01145,TXN_001503,16.19,upi,success,,1,6,2,1236,False,,False,0.0
CUST_01613,TXN_001504,59.27,card,success,,3,10,1,573,False,,False,0.0
CUST_02987,TXN_001505,12.98,upi,success,,1,7,2,719,False,,False,0.0
CUST_01213,TXN_001506,49.87,upi,success,,2,8,3,792,False,,False,0.0
CUST_04570,TXN_001507,174.09,upi,success,,1,10,1,57,False,,False,0.0
CUST_02399,TXN_001508,108.68,card,success,,2,9,0,1493,False,,False,0.0
CUST_04316,TXN_001509,9.93,upi,failed,card_declined,1,8,4,1086,True,retry_payment,True,9.93
CUST_03416,TXN_001510,21.56,upi,success,,1,7,0,860,False,,False,0.0
CUST_01667,TXN_001511,46.39,netbanking,success,,1,8,2,1064,False,,False,0.0
CUST_01142,TXN_001512,31.3,netbanking,success,,1,4,4,831,False,,False,0.0
CUST_03719,TXN_001513,10.81,netbanking,failed,card_declined,2,5,0,46,True,retry_payment,True,10.81
CUST_01654,TXN_001514,45.07,card,failed,authentication_failed,1,12,1,545,True,offer_support,True,45.07
CUST_01235,TXN_001515,32.85,card,success,,3,9,1,1059,False,,False,0.0
CUST_04651,TXN_001516,153.16,wallet,success,,2,6,1,711,False,,False,0.0
CUST_02413,TXN_001517,27.04,wallet,success,,2,11,1,552,False,,False,0.0
CUST_00243,TXN_001518,84.3,card,success,,2,6,0,801,False,,False,0.0
CUST_02474,TXN_001519,12.02,upi,success,,1,12,1,54,False,,False,0.0
CUST_02304,TXN_001520,14.55,card,success,,1,10,2,493,False,,False,0.0
CUST_04319,TXN_001521,58.99,card,failed,network_error,1,14,0,1107,True,update_payment_method,True,58.99
CUST_03558,TXN_001522,78.81,wallet,success,,3,3,1,1356,False,,False,0.0
CUST_00957,TXN_001523,15.4,wallet,success,,3,9,0,25,False,,False,0.0
CUST_00753,TXN_001524,33.76,wallet,success,,3,4,0,493,False,,False,0.0
CUST_03018,TXN_001525,10.97,card,success,,3,5,2,877,False,,False,0.0
CUST_00237,TXN_001526,28.65,upi,success,,1,5,2,803,False,,False,0.0
CUST_01595,TXN_001527,64.69,netbanking,success,,1,17,2,1287,False,,False,0.0
CUST_00691,TXN_001528,23.38,upi,success,,3,5,1,91,False,,False,0.0
CUST_00103,TXN_001529,27.13,card,success,,2,9,1,100,False,,False,0.0
CUST_04594,TXN_001530,13.41,upi,success,,2,9,3,1234,False,,False,0.0
CUST_00450,TXN_001531,19.71,card,success,,1,9,1,472,False,,False,0.0
CUST_00047,TXN_001532,135.16,upi,success,,2,7,1,981,False,,False,0.0
CUST_04664,TXN_001533,35.1,netbanking,success,,3,7,2,1236,False,,False,0.0
CUST_00942,TXN_001534,14.85,card,success,,2,9,3,346,False,,False,0.0
CUST_04082,TXN_001535,25.74,card,success,,3,5,1,1496,False,,False,0.0
CUST_00157,TXN_001536,9.23,upi,success,,3,14,2,866,False,,False,0.0
CUST_00768,TXN_001537,14.71,upi,success,,3,10,1,141,False,,False,0.0
CUST_00554,TXN_001538,98.32,card,success,,1,9,2,120,False,,False,0.0
CUST_03531,TXN_001539,29.55,card,success,,3,10,6,489,False,,False,0.0
CUST_03101,TXN_001540,150.29,upi,success,,2,5,1,416,False,,False,0.0
CUST_02378,TXN_001541,30.68,card,success,,3,11,0,1075,False,,False,0.0
CUST_01208,TXN_001542,32.18,upi,success,,1,6,3,739,False,,False,0.0
CUST_00445,TXN_001543,55.3,upi,success,,1,8,1,26,False,,False,0.0
CUST_02846,TXN_001544,3.9,card,success,,1,10,1,245,False,,False,0.0
CUST_01154,TXN_001545,39.02,upi,success,,2,15,4,787,False,,False,0.0
CUST_02951,TXN_001546,31.84,upi,success,,2,12,2,864,False,,False,0.0
CUST_03437,TXN_001547,108.73,upi,failed,card_declined,1,11,3,133,True,send_reminder,True,108.73
CUST_04247,TXN_001548,71.65,upi,success,,1,13,6,913,False,,False,0.0
CUST_02470,TXN_001549,13.37,card,success,,3,7,0,1155,False,,False,0.0
CUST_00024,TXN_001550,89.45,card,success,,3,12,2,142,False,,False,0.0
CUST_01404,TXN_001551,26.85,upi,failed,network_error,2,7,1,858,True,offer_support,True,26.85
CUST_04266,TXN_001552,16.06,upi,failed,card_declined,2,13,1,631,True,update_payment_method,True,16.06
CUST_02666,TXN_001553,38.77,card,success,,3,15,2,362,False,,False,0.0
CUST_03095,TXN_001554,28.16,card,success,,1,7,1,884,False,,False,0.0
CUST_02289,TXN_001555,113.38,upi,success,,3,7,1,1278,False,,False,0.0
CUST_00814,TXN_001556,43.49,card,success,,3,9,1,713,False,,False,0.0
CUST_04483,TXN_001557,39.04,wallet,success,,2,8,0,1484,False,,False,0.0
CUST_03864,TXN_001558,68.07,upi,success,,2,7,2,1381,False,,False,0.0
CUST_04975,TXN_001559,79.38,card,success,,1,5,1,215,False,,False,0.0
CUST_04277,TXN_001560,61.98,upi,success,,3,9,1,1386,False,,False,0.0
CUST_01456,TXN_001561,103.09,card,success,,1,10,1,1206,False,,False,0.0
CUST_01272,TXN_001562,53.89,wallet,success,,1,4,3,584,False,,False,0.0
CUST_01243,TXN_001563,37.87,wallet,success,,3,10,1,1354,False,,False,0.0
CUST_04594,TXN_001564,89.24,netbanking,success,,1,13,3,450,False,,False,0.0
CUST_02785,TXN_001565,30.79,upi,success,,1,7,2,1353,False,,False,0.0
CUST_02272,TXN_001566,34.01,wallet,failed,card_declined,3,2,2,1040,True,offer_support,True,34.01
CUST_04841,TXN_001567,131.27,upi,success,,1,5,2,1175,False,,False,0.0
CUST_03017,TXN_001568,121.21,netbanking,success,,3,6,2,1053,False,,False,0.0
CUST_04547,TXN_001569,32.9,card,success,,3,11,2,848,False,,False,0.0
CUST_04923,TXN_001570,23.04,wallet,success,,2,6,2,285,False,,False,0.0
CUST_00398,TXN_001571,106.76,upi,success,,2,6,0,933,False,,False,0.0
CUST_01808,TXN_001572,62.82,card,success,,1,5,2,942,False,,False,0.0
CUST_03670,TXN_001573,42.63,wallet,success,,2,10,6,863,False,,False,0.0
CUST_04065,TXN_001574,25.6,upi,success,,3,7,1,1464,False,,False,0.0
CUST_00743,TXN_001575,43.18,wallet,success,,3,8,2,1126,False,,False,0.0
CUST_01592,TXN_001576,32.55,card,success,,1,8,1,1231,False,,False,0.0
CUST_02741,TXN_001577,19.46,upi,success,,2,6,0,537,False,,False,0.0
CUST_03996,TXN_001578,36.72,upi,success,,3,9,0,153,False,,False,0.0
CUST_00565,TXN_001579,40.95,card,failed,card_declined,1,11,2,87,False,,False,0.0
CUST_03004,TXN_001580,24.52,netbanking,success,,1,9,1,281,False,,False,0.0
CUST_01482,TXN_001581,68.24,upi,success,,2,11,1,1289,False,,False,0.0
CUST_01082,TXN_001582,92.86,card,success,,1,6,1,652,False,,False,0.0
CUST_02577,TXN_001583,71.95,upi,success,,3,12,0,980,False,,False,0.0
CUST_02070,TXN_001584,26.55,card,success,,1,5,1,766,False,,False,0.0
CUST_03178,TXN_001585,60.62,netbanking,success,,3,10,2,1217,False,,False,0.0
CUST_01588,TXN_001586,35.25,netbanking,success,,1,16,2,348,False,,False,0.0
CUST_04116,TXN_001587,12.32,upi,success,,3,6,1,206,False,,False,0.0
CUST_00391,TXN_001588,56.72,upi,success,,3,12,2,930,False,,False,0.0
CUST_04309,TXN_001589,37.22,card,failed,insufficient_funds,3,8,3,1041,True,update_payment_method,False,0.0
CUST_00150,TXN_001590,263.71,card,success,,2,3,2,414,False,,False,0.0
CUST_03679,TXN_001591,106.25,netbanking,success,,1,7,4,175,False,,False,0.0
CUST_01733,TXN_001592,58.49,card,success,,1,7,0,703,False,,False,0.0
CUST_01917,TXN_001593,40.42,card,success,,1,8,3,979,False,,False,0.0
CUST_00096,TXN_001594,37.75,card,success,,1,6,2,969,False,,False,0.0
CUST_03510,TXN_001595,14.84,upi,success,,3,13,1,1403,False,,False,0.0
CUST_00828,TXN_001596,8.24,netbanking,success,,1,6,0,587,False,,False,0.0
CUST_03296,TXN_001597,16.48,card,success,,2,10,0,1499,False,,False,0.0
CUST_03626,TXN_001598,31.88,card,success,,2,8,1,781,False,,False,0.0
CUST_04226,TXN_001599,6.14,card,failed,network_error,3,10,1,485,True,retry_payment,True,6.14
CUST_03540,TXN_001600,21.42,card,success,,2,4,0,418,False,,False,0.0
CUST_01508,TXN_001601,27.16,card,success,,3,9,2,916,False,,False,0.0
CUST_03693,TXN_001602,27.87,netbanking,success,,1,4,1,148,False,,False,0.0
CUST_04129,TXN_001603,19.5,upi,success,,1,7,0,1219,False,,False,0.0
CUST_01586,TXN_001604,25.2,card,success,,3,8,1,794,False,,False,0.0
CUST_00621,TXN_001605,131.51,upi,failed,card_declined,3,7,1,663,True,offer_support,True,131.51
CUST_04450,TXN_001606,56.24,netbanking,success,,2,9,0,1164,False,,False,0.0
CUST_00740,TXN_001607,21.15,card,success,,3,5,3,1037,False,,False,0.0
CUST_02969,TXN_001608,31.35,card,success,,3,2,2,518,False,,False,0.0
CUST_01182,TXN_001609,32.37,netbanking,success,,1,6,2,222,False,,False,0.0
CUST_00631,TXN_001610,17.91,card,failed,expired_card,2,11,0,316,True,send_reminder,True,17.91
CUST_03882,TXN_001611,17.9,netbanking,success,,3,7,4,190,False,,False,0.0
CUST_00719,TXN_001612,74.32,netbanking,failed,network_error,1,6,3,215,False,,False,0.0
CUST_03351,TXN_001613,23.67,netbanking,failed,card_declined,1,6,4,134,True,offer_support,True,23.67
CUST_03465,TXN_001614,13.79,card,success,,1,5,2,698,False,,False,0.0
CUST_00302,TXN_001615,31.99,card,success,,3,9,1,1048,False,,False,0.0
CUST_00865,TXN_001616,36.39,netbanking,success,,3,7,3,536,False,,False,0.0
CUST_03972,TXN_001617,6.83,upi,success,,3,7,3,407,False,,False,0.0
CUST_02536,TXN_001618,32.05,card,success,,1,15,1,1199,False,,False,0.0
CUST_00607,TXN_001619,66.31,upi,success,,2,9,1,835,False,,False,0.0
CUST_04958,TXN_001620,47.51,card,success,,2,7,1,990,False,,False,0.0
CUST_01325,TXN_001621,197.12,upi,success,,3,4,0,557,False,,False,0.0
CUST_00021,TXN_001622,90.1,wallet,success,,2,5,1,1498,False,,False,0.0
CUST_04620,TXN_001623,105.55,upi,success,,1,4,0,206,False,,False,0.0
CUST_00083,TXN_001624,311.09,upi,success,,2,8,1,1320,False,,False,0.0
CUST_02767,TXN_001625,60.74,wallet,success,,3,7,1,850,False,,False,0.0
CUST_04965,TXN_001626,37.73,upi,success,,2,9,1,467,False,,False,0.0
CUST_02889,TXN_001627,72.17,card,success,,2,15,0,246,False,,False,0.0
CUST_02923,TXN_001628,21.17,upi,success,,3,8,0,910,False,,False,0.0
CUST_01941,TXN_001629,36.09,card,success,,1,4,1,503,False,,False,0.0
CUST_00635,TXN_001630,19.72,card,success,,1,10,3,1146,False,,False,0.0
CUST_02863,TXN_001631,45.53,upi,success,,3,9,5,1,False,,False,0.0
CUST_04486,TXN_001632,19.66,card,success,,3,10,0,909,False,,False,0.0
CUST_00456,TXN_001633,19.11,card,success,,3,7,0,852,False,,False,0.0
CUST_04402,TXN_001634,46.1,upi,success,,3,6,3,791,False,,False,0.0
CUST_02075,TXN_001635,29.66,card,success,,3,8,0,214,False,,False,0.0
CUST_02681,TXN_001636,7.09,upi,success,,1,11,4,967,False,,False,0.0
CUST_00827,TXN_001637,10.34,card,failed,card_declined,3,4,0,1151,True,offer_support,True,10.34
CUST_03109,TXN_001638,13.23,upi,success,,1,5,2,251,False,,False,0.0
CUST_00912,TXN_001639,16.34,netbanking,success,,3,4,1,1192,False,,False,0.0
CUST_01366,TXN_001640,46.13,card,success,,3,6,2,668,False,,False,0.0
CUST_03608,TXN_001641,39.45,netbanking,success,,2,4,2,640,False,,False,0.0
CUST_00253,TXN_001642,77.65,card,success,,1,8,2,707,False,,False,0.0
CUST_02236,TXN_001643,60.48,card,success,,3,8,2,642,False,,False,0.0
CUST_02973,TXN_001644,78.06,card,success,,2,9,1,13,False,,False,0.0
CUST_00661,TXN_001645,53.88,card,success,,3,12,1,1266,False,,False,0.0
CUST_01474,TXN_001646,39.16,card,failed,expired_card,1,8,1,454,True,update_payment_method,True,39.16
CUST_01718,TXN_001647,79.8,netbanking,success,,1,7,0,663,False,,False,0.0
CUST_03318,TXN_001648,69.1,netbanking,success,,2,7,1,131,False,,False,0.0
CUST_04883,TXN_001649,44.74,wallet,success,,2,6,2,1006,False,,False,0.0
CUST_04181,TXN_001650,91.55,wallet,success,,3,8,3,1167,False,,False,0.0
CUST_00949,TXN_001651,5.07,card,success,,1,9,2,168,False,,False,0.0
CUST_00091,TXN_001652,26.25,card,success,,3,12,2,1450,False,,False,0.0
CUST_00260,TXN_001653,25.93,card,success,,2,9,0,1385,False,,False,0.0
CUST_02978,TXN_001654,83.27,upi,success,,2,9,1,1271,False,,False,0.0
CUST_00782,TXN_001655,116.41,netbanking,success,,3,7,0,1059,False,,False,0.0
CUST_01157,TXN_001656,10.38,card,success,,1,5,1,504,False,,False,0.0
CUST_04237,TXN_001657,102.4,card,success,,1,2,2,1209,False,,False,0.0
CUST_04369,TXN_001658,12.97,card,success,,2,11,3,328,False,,False,0.0
CUST_04195,TXN_001659,13.29,netbanking,success,,1,6,2,503,False,,False,0.0
CUST_01269,TXN_001660,27.46,upi,failed,insufficient_funds,2,4,1,765,True,offer_support,False,0.0
CUST_03098,TXN_001661,25.67,upi,success,,2,11,1,729,False,,False,0.0
CUST_03054,TXN_001662,9.52,upi,success,,2,6,2,1472,False,,False,0.0
CUST_00927,TXN_001663,55.7,card,failed,expired_card,2,13,3,1390,False,,False,0.0
CUST_02768,TXN_001664,57.03,card,failed,authentication_failed,2,5,2,733,True,offer_support,True,57.03
CUST_02626,TXN_001665,76.96,netbanking,success,,1,8,1,485,False,,False,0.0
CUST_01981,TXN_001666,23.41,netbanking,failed,insufficient_funds,3,10,2,77,True,update_payment_method,False,0.0
CUST_03758,TXN_001667,32.08,card,success,,3,10,3,97,False,,False,0.0
CUST_03388,TXN_001668,32.32,card,success,,1,6,2,350,False,,False,0.0
CUST_02663,TXN_001669,127.79,card,success,,1,8,0,166,False,,False,0.0
CUST_03629,TXN_001670,3.43,card,success,,1,7,0,400,False,,False,0.0
CUST_03815,TXN_001671,15.4,card,failed,insufficient_funds,1,10,1,41,False,,False,0.0
CUST_02835,TXN_001672,33.26,card,success,,3,10,0,960,False,,False,0.0
CUST_01339,TXN_001673,13.9,upi,success,,1,5,3,395,False,,False,0.0
CUST_03792,TXN_001674,26.93,netbanking,success,,2,10,2,1265,False,,False,0.0
CUST_03588,TXN_001675,29.94,upi,success,,1,8,0,355,False,,False,0.0
CUST_04917,TXN_001676,19.57,upi,success,,1,9,2,348,False,,False,0.0
CUST_00749,TXN_001677,34.87,wallet,success,,1,6,2,790,False,,False,0.0
CUST_02096,TXN_001678,54.74,wallet,success,,3,6,2,715,False,,False,0.0
CUST_04621,TXN_001679,27.41,card,success,,2,9,4,61,False,,False,0.0
CUST_02573,TXN_001680,23.04,card,failed,card_declined,2,5,2,1254,True,update_payment_method,True,23.04
CUST_04713,TXN_001681,29.0,card,failed,card_declined,1,12,4,154,False,,False,0.0
CUST_00063,TXN_001682,32.92,netbanking,success,,2,12,1,326,False,,False,0.0
CUST_00176,TXN_001683,8.23,card,success,,2,12,2,1443,False,,False,0.0
CUST_03980,TXN_001684,47.91,card,success,,3,9,3,425,False,,False,0.0
CUST_01792,TXN_001685,23.09,upi,success,,2,6,1,822,False,,False,0.0
CUST_02601,TXN_001686,90.85,upi,success,,2,5,2,1443,False,,False,0.0
CUST_02140,TXN_001687,53.14,upi,success,,2,8,4,921,False,,False,0.0
CUST_02040,TXN_001688,84.44,netbanking,success,,2,8,1,881,False,,False,0.0
CUST_04697,TXN_001689,14.75,upi,success,,3,9,2,924,False,,False,0.0
CUST_00471,TXN_001690,24.6,netbanking,success,,1,9,2,1250,False,,False,0.0
CUST_03861,TXN_001691,12.26,card,success,,3,12,0,1058,False,,False,0.0
CUST_04448,TXN_001692,18.84,netbanking,success,,2,8,1,679,False,,False,0.0
CUST_03287,TXN_001693,90.17,upi,success,,2,10,4,214,False,,False,0.0
CUST_01975,TXN_001694,108.85,card,success,,2,6,2,163,False,,False,0.0
CUST_00800,TXN_001695,13.22,wallet,success,,2,4,0,558,False,,False,0.0
CUST_03413,TXN_001696,22.95,wallet,success,,3,8,3,1432,False,,False,0.0
CUST_02344,TXN_001697,31.16,netbanking,success,,1,7,3,1287,False,,False,0.0
CUST_00747,TXN_001698,52.9,wallet,success,,2,4,4,677,False,,False,0.0
CUST_01798,TXN_001699,8.1,card,success,,2,8,1,541,False,,False,0.0
CUST_04807,TXN_001700,9.19,card,success,,1,6,4,1009,False,,False,0.0
CUST_01327,TXN_001701,48.99,card,success,,3,14,0,456,False,,False,0.0
CUST_00893,TXN_001702,6.96,netbanking,failed,authentication_failed,3,9,0,1387,False,,False,0.0
CUST_03410,TXN_001703,23.16,netbanking,success,,1,7,1,500,False,,False,0.0
CUST_00998,TXN_001704,37.7,wallet,success,,1,10,1,1038,False,,False,0.0
CUST_04599,TXN_001705,46.18,netbanking,success,,3,11,3,1383,False,,False,0.0
CUST_04295,TXN_001706,29.57,upi,success,,3,5,0,628,False,,False,0.0
CUST_04917,TXN_001707,24.71,card,success,,3,7,6,833,False,,False,0.0
CUST_04563,TXN_001708,65.08,card,success,,3,12,5,15,False,,False,0.0
CUST_01219,TXN_001709,41.6,upi,success,,3,7,1,795,False,,False,0.0
CUST_01061,TXN_001710,19.73,netbanking,failed,expired_card,2,9,0,548,True,offer_support,True,19.73
CUST_01713,TXN_001711,34.13,card,success,,1,7,2,977,False,,False,0.0
CUST_02349,TXN_001712,44.99,wallet,success,,2,11,2,910,False,,False,0.0
CUST_04400,TXN_001713,130.92,upi,success,,1,9,2,1408,False,,False,0.0
CUST_03667,TXN_001714,62.12,card,success,,1,10,2,671,False,,False,0.0
CUST_03222,TXN_001715,87.5,netbanking,success,,3,10,2,43,False,,False,0.0
CUST_04391,TXN_001716,20.32,upi,success,,2,8,0,1005,False,,False,0.0
CUST_03229,TXN_001717,21.77,upi,success,,3,8,2,825,False,,False,0.0
CUST_01895,TXN_001718,27.43,card,success,,1,7,0,249,False,,False,0.0
CUST_02065,TXN_001719,29.52,card,success,,3,7,2,1174,False,,False,0.0
CUST_02585,TXN_001720,14.78,card,success,,2,9,3,260,False,,False,0.0
CUST_00444,TXN_001721,91.17,upi,success,,2,13,1,1471,False,,False,0.0
CUST_03708,TXN_001722,67.13,netbanking,success,,1,8,2,346,False,,False,0.0
CUST_03264,TXN_001723,25.93,wallet,success,,2,4,4,837,False,,False,0.0
CUST_03655,TXN_001724,55.33,netbanking,failed,card_declined,2,6,0,1035,True,retry_payment,False,0.0
CUST_02670,TXN_001725,39.58,card,success,,3,7,3,1234,False,,False,0.0
CUST_03915,TXN_001726,58.9,wallet,success,,1,9,0,316,False,,False,0.0
CUST_04748,TXN_001727,11.3,card,success,,2,15,2,941,False,,False,0.0
CUST_02850,TXN_001728,29.47,card,success,,1,9,2,1476,False,,False,0.0
CUST_02222,TXN_001729,31.61,upi,success,,1,6,2,372,False,,False,0.0
CUST_00523,TXN_001730,54.54,wallet,success,,2,10,3,376,False,,False,0.0
CUST_03893,TXN_001731,20.03,wallet,success,,1,8,1,236,False,,False,0.0
CUST_04519,TXN_001732,4.48,netbanking,success,,3,9,2,655,False,,False,0.0
CUST_03497,TXN_001733,13.94,card,success,,2,4,3,81,False,,False,0.0
CUST_04327,TXN_001734,31.54,card,success,,1,7,1,843,False,,False,0.0
CUST_04306,TXN_001735,34.85,card,success,,1,8,0,890,False,,False,0.0
CUST_03990,TXN_001736,127.36,upi,failed,network_error,2,10,2,1137,True,retry_payment,True,127.36
CUST_02514,TXN_001737,52.78,upi,success,,2,12,3,798,False,,False,0.0
CUST_00500,TXN_001738,35.35,card,success,,3,3,0,831,False,,False,0.0
CUST_00017,TXN_001739,32.27,upi,success,,2,5,0,918,False,,False,0.0
CUST_01022,TXN_001740,80.11,upi,failed,card_declined,2,6,3,743,False,,False,0.0
CUST_02155,TXN_001741,20.65,upi,success,,2,7,2,1016,False,,False,0.0
CUST_03718,TXN_001742,29.6,card,success,,2,5,0,644,False,,False,0.0
CUST_02279,TXN_001743,13.85,card,success,,2,11,2,535,False,,False,0.0
CUST_00116,TXN_001744,103.04,upi,success,,1,5,2,82,False,,False,0.0
CUST_01052,TXN_001745,45.33,upi,success,,2,9,2,103,False,,False,0.0
CUST_04896,TXN_001746,18.8,card,success,,1,6,1,152,False,,False,0.0
CUST_04940,TXN_001747,30.22,card,failed,authentication_failed,1,9,1,280,True,retry_payment,False,0.0
CUST_01886,TXN_001748,49.79,wallet,success,,1,7,2,1210,False,,False,0.0
CUST_04025,TXN_001749,27.1,netbanking,success,,2,8,2,195,False,,False,0.0
CUST_03596,TXN_001750,21.59,card,success,,3,4,2,499,False,,False,0.0
CUST_04656,TXN_001751,19.62,upi,failed,card_declined,3,9,0,21,False,,False,0.0
CUST_04437,TXN_001752,43.43,upi,success,,1,6,1,665,False,,False,0.0
CUST_03144,TXN_001753,24.87,card,success,,3,9,1,1444,False,,False,0.0
CUST_01973,TXN_001754,23.03,card,success,,1,2,2,901,False,,False,0.0
CUST_03133,TXN_001755,11.37,wallet,success,,3,9,3,743,False,,False,0.0
CUST_01596,TXN_001756,35.24,upi,success,,1,9,1,3,False,,False,0.0
CUST_01741,TXN_001757,28.65,card,success,,1,9,0,511,False,,False,0.0
CUST_03044,TXN_001758,25.6,netbanking,success,,3,7,2,1286,False,,False,0.0
CUST_02857,TXN_001759,38.82,upi,success,,3,12,0,700,False,,False,0.0
CUST_02905,TXN_001760,60.24,upi,success,,2,7,0,814,False,,False,0.0
CUST_01923,TXN_001761,58.05,card,success,,2,13,0,231,False,,False,0.0
CUST_02046,TXN_001762,51.53,card,success,,3,7,1,622,False,,False,0.0
CUST_00051,TXN_001763,27.32,card,success,,3,11,2,1404,False,,False,0.0
CUST_03009,TXN_001764,21.04,wallet,success,,2,8,0,58,False,,False,0.0
CUST_02879,TXN_001765,14.37,upi,success,,3,8,3,1103,False,,False,0.0
CUST_04676,TXN_001766,20.6,netbanking,success,,3,7,2,1180,False,,False,0.0
CUST_02521,TXN_001767,33.64,card,success,,3,7,4,250,False,,False,0.0
CUST_02338,TXN_001768,17.65,netbanking,failed,network_error,3,8,1,207,True,retry_payment,False,0.0
CUST_00339,TXN_001769,35.76,upi,success,,3,4,2,842,False,,False,0.0
CUST_00984,TXN_001770,15.3,upi,failed,network_error,2,12,1,1258,False,,False,0.0
CUST_01690,TXN_001771,8.77,card,success,,1,16,0,295,False,,False,0.0
CUST_01886,TXN_001772,63.79,upi,success,,3,11,2,684,False,,False,0.0
CUST_01814,TXN_001773,22.66,card,failed,card_declined,2,9,0,1475,True,offer_support,True,22.66
CUST_01971,TXN_001774,16.95,card,failed,card_declined,3,8,0,249,True,offer_support,False,0.0
CUST_03844,TXN_001775,13.8,netbanking,success,,3,9,0,324,False,,False,0.0
CUST_00656,TXN_001776,46.45,card,failed,expired_card,1,7,0,132,True,retry_payment,True,46.45
CUST_01661,TXN_001777,99.48,card,failed,card_declined,1,10,1,1242,True,update_payment_method,True,99.48
CUST_00815,TXN_001778,23.99,wallet,success,,2,6,2,540,False,,False,0.0
CUST_01539,TXN_001779,27.87,card,success,,1,3,0,646,False,,False,0.0
CUST_03423,TXN_001780,78.05,upi,success,,2,7,5,768,False,,False,0.0
CUST_00234,TXN_001781,7.78,netbanking,success,,1,13,1,235,False,,False,0.0
CUST_01698,TXN_001782,159.73,upi,success,,3,11,1,1421,False,,False,0.0
CUST_00119,TXN_001783,233.99,card,success,,2,6,2,760,False,,False,0.0
CUST_04774,TXN_001784,3.8,upi,success,,3,11,0,275,False,,False,0.0
CUST_03636,TXN_001785,30.63,upi,failed,authentication_failed,2,10,1,856,False,,False,0.0
CUST_01218,TXN_001786,18.63,card,success,,3,9,4,402,False,,False,0.0
CUST_00991,TXN_001787,26.79,netbanking,success,,3,13,1,100,False,,False,0.0
CUST_00495,TXN_001788,23.7,wallet,success,,1,11,0,379,False,,False,0.0
CUST_02364,TXN_001789,63.4,card,success,,3,9,0,252,False,,False,0.0
CUST_03767,TXN_001790,30.26,card,success,,3,4,1,309,False,,False,0.0
CUST_02921,TXN_001791,15.98,upi,success,,1,10,2,1142,False,,False,0.0
CUST_04405,TXN_001792,28.85,upi,failed,card_declined,1,3,0,32,False,,False,0.0
CUST_01719,TXN_001793,49.99,netbanking,success,,2,7,2,568,False,,False,0.0
CUST_01391,TXN_001794,12.85,card,success,,2,12,0,1277,False,,False,0.0
CUST_02390,TXN_001795,8.87,card,success,,3,5,2,1439,False,,False,0.0
CUST_01011,TXN_001796,163.07,upi,success,,1,12,3,585,False,,False,0.0
CUST_04878,TXN_001797,19.81,wallet,success,,2,4,1,96,False,,False,0.0
CUST_00929,TXN_001798,29.67,card,success,,3,11,0,541,False,,False,0.0
CUST_02394,TXN_001799,24.09,netbanking,success,,2,3,2,1455,False,,False,0.0
CUST_02610,TXN_001800,51.34,card,failed,network_error,3,6,2,1020,True,send_reminder,True,51.34
CUST_00286,TXN_001801,136.76,card,success,,3,6,1,527,False,,False,0.0
CUST_02342,TXN_001802,52.66,upi,success,,1,10,2,493,False,,False,0.0
CUST_02274,TXN_001803,9.83,card,success,,1,6,1,553,False,,False,0.0
CUST_01297,TXN_001804,10.94,upi,success,,3,12,0,1225,False,,False,0.0
CUST_00640,TXN_001805,24.07,card,success,,3,10,4,332,False,,False,0.0
CUST_00226,TXN_001806,26.72,upi,success,,3,8,0,394,False,,False,0.0
CUST_00043,TXN_001807,8.35,card,success,,1,7,1,764,False,,False,0.0
CUST_02407,TXN_001808,63.78,netbanking,success,,1,13,2,668,False,,False,0.0
CUST_00450,TXN_001809,13.89,wallet,success,,1,12,1,827,False,,False,0.0
CUST_04796,TXN_001810,109.36,card,success,,2,15,0,329,False,,False,0.0
CUST_01224,TXN_001811,142.1,card,success,,1,4,2,1199,False,,False,0.0
CUST_03262,TXN_001812,27.15,wallet,success,,1,6,1,1298,False,,False,0.0
CUST_03367,TXN_001813,47.05,card,success,,1,7,1,852,False,,False,0.0
CUST_02478,TXN_001814,12.36,netbanking,success,,1,7,4,1117,False,,False,0.0
CUST_04418,TXN_001815,54.54,upi,failed,network_error,2,11,4,545,True,offer_support,False,0.0
CUST_00554,TXN_001816,22.23,netbanking,failed,insufficient_funds,3,8,1,879,True,send_reminder,False,0.0
CUST_01170,TXN_001817,13.88,card,success,,2,6,0,1353,False,,False,0.0
CUST_01262,TXN_001818,26.27,card,success,,1,7,0,813,False,,False,0.0
CUST_00677,TXN_001819,22.81,card,success,,2,10,1,1275,False,,False,0.0
CUST_01474,TXN_001820,25.53,card,success,,2,8,0,501,False,,False,0.0
CUST_01564,TXN_001821,70.79,card,success,,2,6,3,1150,False,,False,0.0
CUST_03824,TXN_001822,17.67,wallet,success,,1,8,1,973,False,,False,0.0
CUST_01508,TXN_001823,132.69,card,failed,authentication_failed,1,9,0,452,True,update_payment_method,False,0.0
CUST_04383,TXN_001824,11.47,card,success,,1,6,1,470,False,,False,0.0
CUST_03863,TXN_001825,120.58,card,success,,1,8,2,1161,False,,False,0.0
CUST_04508,TXN_001826,14.68,card,failed,authentication_failed,2,8,0,208,True,retry_payment,True,14.68
CUST_00527,TXN_001827,33.09,upi,success,,1,8,0,231,False,,False,0.0
CUST_04922,TXN_001828,22.37,card,failed,authentication_failed,2,9,3,453,True,update_payment_method,False,0.0
CUST_03070,TXN_001829,25.15,netbanking,success,,2,3,2,1145,False,,False,0.0
CUST_04911,TXN_001830,62.87,netbanking,success,,3,10,1,742,False,,False,0.0
CUST_01774,TXN_001831,109.93,card,success,,1,5,1,672,False,,False,0.0
CUST_04765,TXN_001832,85.83,netbanking,success,,1,4,0,339,False,,False,0.0
CUST_02943,TXN_001833,23.95,card,success,,2,6,2,949,False,,False,0.0
CUST_00360,TXN_001834,38.37,card,success,,2,7,1,1213,False,,False,0.0
CUST_02051,TXN_001835,17.71,wallet,success,,2,8,2,71,False,,False,0.0
CUST_00689,TXN_001836,14.98,netbanking,success,,3,7,1,830,False,,False,0.0
CUST_04706,TXN_001837,13.24,card,success,,3,5,0,77,False,,False,0.0
CUST_01523,TXN_001838,23.33,upi,failed,card_declined,2,13,4,1086,True,offer_support,True,23.33
CUST_01112,TXN_001839,40.43,card,success,,2,10,0,702,False,,False,0.0
CUST_02764,TXN_001840,7.17,upi,success,,3,6,0,1067,False,,False,0.0
CUST_02126,TXN_001841,31.91,upi,success,,1,10,3,636,False,,False,0.0
CUST_00485,TXN_001842,111.37,card,success,,1,8,0,388,False,,False,0.0
CUST_04082,TXN_001843,81.25,wallet,success,,2,6,3,443,False,,False,0.0
CUST_04229,TXN_001844,20.74,upi,failed,insufficient_funds,3,9,4,841,False,,False,0.0
CUST_03715,TXN_001845,10.83,card,success,,3,5,0,974,False,,False,0.0
CUST_03084,TXN_001846,47.84,netbanking,success,,2,8,2,1330,False,,False,0.0
CUST_02013,TXN_001847,5.19,upi,failed,authentication_failed,2,5,2,1380,True,retry_payment,True,5.19
CUST_02712,TXN_001848,80.49,card,success,,3,5,2,41,False,,False,0.0
CUST_02605,TXN_001849,27.91,upi,success,,1,8,4,1272,False,,False,0.0
CUST_00827,TXN_001850,143.31,netbanking,failed,insufficient_funds,1,9,3,292,True,offer_support,True,143.31
CUST_00409,TXN_001851,8.32,wallet,success,,3,8,2,873,False,,False,0.0
CUST_01267,TXN_001852,69.03,card,success,,1,6,2,143,False,,False,0.0
CUST_02272,TXN_001853,30.56,upi,success,,1,7,0,1164,False,,False,0.0
CUST_00802,TXN_001854,25.41,netbanking,success,,2,8,2,136,False,,False,0.0
CUST_00534,TXN_001855,11.07,wallet,failed,insufficient_funds,3,7,1,1105,True,offer_support,False,0.0
CUST_04259,TXN_001856,53.34,card,success,,2,11,3,240,False,,False,0.0
CUST_01875,TXN_001857,56.88,upi,success,,1,2,1,839,False,,False,0.0
CUST_02921,TXN_001858,138.12,netbanking,success,,1,8,2,1448,False,,False,0.0
CUST_02620,TXN_001859,74.18,card,success,,1,10,3,178,False,,False,0.0
CUST_03675,TXN_001860,20.59,card,success,,1,6,1,638,False,,False,0.0
CUST_03699,TXN_001861,14.83,upi,success,,1,6,1,71,False,,False,0.0
CUST_01480,TXN_001862,11.08,upi,failed,card_declined,1,7,0,1320,True,retry_payment,True,11.08
CUST_04239,TXN_001863,107.62,upi,success,,3,9,5,1282,False,,False,0.0
CUST_01856,TXN_001864,17.77,card,success,,1,8,2,922,False,,False,0.0
CUST_04176,TXN_001865,108.22,netbanking,success,,1,9,0,900,False,,False,0.0
CUST_02024,TXN_001866,50.4,card,success,,1,6,2,445,False,,False,0.0
CUST_00555,TXN_001867,43.12,netbanking,success,,1,14,0,1475,False,,False,0.0
CUST_03800,TXN_001868,25.91,card,success,,3,12,0,1368,False,,False,0.0
CUST_00151,TXN_001869,56.18,card,success,,2,8,1,470,False,,False,0.0
CUST_03861,TXN_001870,32.71,wallet,success,,3,13,0,1152,False,,False,0.0
CUST_00216,TXN_001871,24.65,netbanking,success,,2,12,1,613,False,,False,0.0
CUST_01034,TXN_001872,57.79,card,success,,2,3,3,833,False,,False,0.0
CUST_03017,TXN_001873,29.51,card,success,,3,14,2,234,False,,False,0.0
CUST_04707,TXN_001874,17.48,upi,success,,1,5,1,615,False,,False,0.0
CUST_02042,TXN_001875,53.51,wallet,success,,1,7,2,1003,False,,False,0.0
CUST_00604,TXN_001876,31.46,card,success,,1,12,1,322,False,,False,0.0
CUST_01165,TXN_001877,48.97,wallet,success,,3,9,1,226,False,,False,0.0
CUST_04480,TXN_001878,23.03,card,success,,3,7,0,1004,False,,False,0.0
CUST_03633,TXN_001879,12.59,upi,success,,2,4,1,320,False,,False,0.0
CUST_00502,TXN_001880,132.7,card,failed,authentication_failed,3,2,0,1496,False,,False,0.0
CUST_01925,TXN_001881,114.12,card,success,,2,1,2,1321,False,,False,0.0
CUST_01323,TXN_001882,67.16,wallet,success,,1,7,2,210,False,,False,0.0
CUST_00889,TXN_001883,24.28,card,success,,1,8,1,803,False,,False,0.0
CUST_04232,TXN_001884,26.04,wallet,success,,1,11,2,1030,False,,False,0.0
CUST_03088,TXN_001885,100.07,card,success,,3,1,3,223,False,,False,0.0
CUST_00898,TXN_001886,24.95,card,success,,1,9,1,1057,False,,False,0.0
CUST_03253,TXN_001887,19.96,wallet,failed,card_declined,2,7,3,220,False,,False,0.0
CUST_02068,TXN_001888,148.09,upi,success,,2,10,4,993,False,,False,0.0
CUST_00308,TXN_001889,31.88,card,success,,1,10,8,240,False,,False,0.0
CUST_02249,TXN_001890,136.28,upi,success,,1,13,1,109,False,,False,0.0
CUST_00926,TXN_001891,10.82,card,success,,3,5,0,1497,False,,False,0.0
CUST_01227,TXN_001892,50.13,netbanking,success,,3,9,1,547,False,,False,0.0
CUST_04395,TXN_001893,173.62,card,success,,1,4,0,294,False,,False,0.0
CUST_03551,TXN_001894,33.91,upi,success,,1,10,0,914,False,,False,0.0
CUST_00671,TXN_001895,26.81,card,success,,2,8,1,929,False,,False,0.0
CUST_04256,TXN_001896,13.01,upi,failed,authentication_failed,1,6,1,472,False,,False,0.0
CUST_02871,TXN_001897,78.72,wallet,success,,1,10,0,424,False,,False,0.0
CUST_04373,TXN_001898,17.88,netbanking,failed,authentication_failed,3,7,0,1190,True,retry_payment,True,17.88
CUST_03735,TXN_001899,30.7,card,success,,1,7,0,562,False,,False,0.0
CUST_01697,TXN_001900,12.33,card,failed,expired_card,3,10,2,1279,True,retry_payment,True,12.33
CUST_02674,TXN_001901,115.07,card,success,,3,10,1,1491,False,,False,0.0
CUST_02654,TXN_001902,83.42,netbanking,success,,1,5,0,1400,False,,False,0.0
CUST_03599,TXN_001903,32.29,card,success,,2,10,1,328,False,,False,0.0
CUST_01242,TXN_001904,13.15,upi,success,,3,9,3,845,False,,False,0.0
CUST_01666,TXN_001905,113.15,card,success,,2,9,0,595,False,,False,0.0
CUST_01224,TXN_001906,24.71,wallet,success,,1,3,1,1015,False,,False,0.0
CUST_01481,TXN_001907,13.68,upi,failed,authentication_failed,3,8,1,918,True,retry_payment,True,13.68
CUST_00807,TXN_001908,8.09,upi,success,,1,10,4,1268,False,,False,0.0
CUST_00183,TXN_001909,19.75,wallet,success,,1,10,1,881,False,,False,0.0
CUST_04700,TXN_001910,10.34,wallet,success,,1,4,0,1354,False,,False,0.0
CUST_00372,TXN_001911,20.12,upi,success,,3,7,2,807,False,,False,0.0
CUST_04440,TXN_001912,60.07,netbanking,success,,1,8,1,640,False,,False,0.0
CUST_00016,TXN_001913,24.52,upi,success,,1,6,3,235,False,,False,0.0
CUST_03887,TXN_001914,44.02,card,success,,1,10,0,1005,False,,False,0.0
CUST_01642,TXN_001915,18.57,card,success,,1,9,2,748,False,,False,0.0
CUST_02588,TXN_001916,34.89,upi,success,,3,8,0,311,False,,False,0.0
CUST_01411,TXN_001917,153.96,upi,success,,3,7,0,295,False,,False,0.0
CUST_02453,TXN_001918,25.06,card,success,,3,7,2,1181,False,,False,0.0
CUST_02258,TXN_001919,45.04,card,failed,card_declined,3,14,1,1465,False,,False,0.0
CUST_02649,TXN_001920,9.46,upi,success,,1,14,1,1404,False,,False,0.0
CUST_01967,TXN_001921,111.73,card,success,,3,4,1,850,False,,False,0.0
CUST_02683,TXN_001922,22.61,upi,success,,1,6,1,386,False,,False,0.0
CUST_04127,TXN_001923,76.74,upi,success,,3,9,2,5,False,,False,0.0
CUST_02173,TXN_001924,30.01,card,failed,insufficient_funds,2,13,1,917,False,,False,0.0
CUST_01807,TXN_001925,54.02,card,success,,1,6,0,236,False,,False,0.0
CUST_00659,TXN_001926,56.65,card,success,,2,5,0,177,False,,False,0.0
CUST_01799,TXN_001927,23.06,card,success,,2,10,2,288,False,,False,0.0
CUST_00629,TXN_001928,79.32,upi,success,,3,4,1,1423,False,,False,0.0
CUST_00913,TXN_001929,18.04,upi,success,,2,7,0,461,False,,False,0.0
CUST_04761,TXN_001930,61.7,netbanking,success,,1,10,1,615,False,,False,0.0
CUST_00447,TXN_001931,24.24,card,success,,1,10,2,1221,False,,False,0.0
CUST_02410,TXN_001932,43.8,upi,success,,2,5,2,365,False,,False,0.0
CUST_04171,TXN_001933,22.88,card,success,,1,4,0,189,False,,False,0.0
CUST_04766,TXN_001934,34.47,netbanking,success,,2,4,1,1378,False,,False,0.0
CUST_00734,TXN_001935,14.02,card,failed,card_declined,3,9,1,1036,True,offer_support,True,14.02
CUST_00818,TXN_001936,40.37,upi,success,,3,2,2,234,False,,False,0.0
CUST_01863,TXN_001937,34.31,upi,failed,authentication_failed,2,10,1,1318,True,send_reminder,True,34.31
CUST_02772,TXN_001938,21.5,card,success,,1,6,1,303,False,,False,0.0
CUST_04799,TXN_001939,31.69,wallet,success,,2,4,2,223,False,,False,0.0
CUST_01039,TXN_001940,36.86,card,success,,1,5,0,767,False,,False,0.0
CUST_00822,TXN_001941,20.22,card,success,,3,8,0,781,False,,False,0.0
CUST_01266,TXN_001942,29.87,upi,success,,1,5,2,919,False,,False,0.0
CUST_04371,TXN_001943,14.81,upi,success,,1,10,2,350,False,,False,0.0
CUST_00151,TXN_001944,216.28,card,success,,2,5,0,320,False,,False,0.0
CUST_01901,TXN_001945,77.27,card,success,,2,7,3,287,False,,False,0.0
CUST_00595,TXN_001946,41.2,card,success,,2,12,2,252,False,,False,0.0
CUST_00786,TXN_001947,84.58,netbanking,failed,authentication_failed,2,1,0,1112,True,send_reminder,True,84.58
CUST_04584,TXN_001948,6.8,upi,success,,2,8,1,1469,False,,False,0.0
CUST_00009,TXN_001949,4.28,card,success,,2,11,1,1108,False,,False,0.0
CUST_01608,TXN_001950,24.06,card,failed,authentication_failed,1,11,1,150,True,retry_payment,True,24.06
CUST_04577,TXN_001951,10.99,wallet,success,,2,4,5,1109,False,,False,0.0
CUST_03041,TXN_001952,27.4,netbanking,success,,1,9,2,11,False,,False,0.0
CUST_00359,TXN_001953,39.04,card,success,,1,7,0,1144,False,,False,0.0
CUST_02325,TXN_001954,69.15,upi,success,,2,8,0,110,False,,False,0.0
CUST_04854,TXN_001955,13.32,card,success,,3,9,1,1244,False,,False,0.0
CUST_02002,TXN_001956,45.59,card,failed,insufficient_funds,1,4,2,786,True,retry_payment,True,45.59
CUST_02643,TXN_001957,33.5,netbanking,success,,2,13,3,407,False,,False,0.0
CUST_02659,TXN_001958,43.73,netbanking,success,,3,6,2,812,False,,False,0.0
CUST_03302,TXN_001959,21.85,card,success,,3,8,1,35,False,,False,0.0
CUST_00937,TXN_001960,100.13,netbanking,success,,3,6,3,1082,False,,False,0.0
CUST_04198,TXN_001961,30.48,upi,success,,2,9,2,386,False,,False,0.0
CUST_04943,TXN_001962,136.91,netbanking,success,,1,9,0,345,False,,False,0.0
CUST_00713,TXN_001963,17.6,netbanking,success,,2,11,0,1109,False,,False,0.0
CUST_04091,TXN_001964,60.0,upi,success,,2,14,1,368,False,,False,0.0
CUST_04084,TXN_001965,31.57,wallet,success,,2,10,2,506,False,,False,0.0
CUST_03708,TXN_001966,25.48,card,failed,authentication_failed,1,10,2,899,False,,False,0.0
CUST_01855,TXN_001967,54.92,upi,success,,3,7,2,99,False,,False,0.0
CUST_02344,TXN_001968,26.07,card,success,,3,8,0,693,False,,False,0.0
CUST_04196,TXN_001969,3.94,netbanking,success,,1,5,0,710,False,,False,0.0
CUST_00765,TXN_001970,2.86,card,success,,2,5,3,258,False,,False,0.0
CUST_04143,TXN_001971,91.65,card,success,,1,9,1,980,False,,False,0.0
CUST_04603,TXN_001972,88.61,netbanking,success,,1,8,1,348,False,,False,0.0
CUST_03409,TXN_001973,149.89,card,success,,3,10,1,1303,False,,False,0.0
CUST_01707,TXN_001974,32.65,card,success,,3,7,1,628,False,,False,0.0
CUST_02796,TXN_001975,11.77,card,success,,2,9,2,45,False,,False,0.0
CUST_00251,TXN_001976,23.67,upi,success,,1,7,1,947,False,,False,0.0
CUST_04659,TXN_001977,33.42,card,success,,3,4,3,727,False,,False,0.0
CUST_01712,TXN_001978,14.8,card,success,,1,6,2,382,False,,False,0.0
CUST_00286,TXN_001979,123.82,upi,success,,2,11,1,1384,False,,False,0.0
CUST_03972,TXN_001980,198.66,wallet,success,,1,8,1,782,False,,False,0.0
CUST_03288,TXN_001981,48.55,netbanking,success,,3,9,2,193,False,,False,0.0
CUST_03113,TXN_001982,32.83,card,success,,2,7,2,1498,False,,False,0.0
CUST_00271,TXN_001983,11.75,netbanking,success,,3,9,2,406,False,,False,0.0
CUST_03754,TXN_001984,114.11,netbanking,failed,expired_card,1,7,2,1024,True,retry_payment,False,0.0
CUST_03186,TXN_001985,35.2,upi,success,,2,8,0,801,False,,False,0.0
CUST_03968,TXN_001986,26.28,upi,success,,3,9,2,917,False,,False,0.0
CUST_04136,TXN_001987,48.66,card,success,,2,10,2,1058,False,,False,0.0
CUST_01060,TXN_001988,20.73,upi,success,,2,10,3,782,False,,False,0.0
CUST_01053,TXN_001989,37.24,upi,success,,3,3,3,1294,False,,False,0.0
CUST_04618,TXN_001990,10.44,card,success,,3,8,2,1474,False,,False,0.0
CUST_02655,TXN_001991,79.02,card,success,,3,13,1,581,False,,False,0.0
CUST_02190,TXN_001992,30.46,card,success,,1,7,0,524,False,,False,0.0
CUST_01436,TXN_001993,83.68,upi,success,,1,8,1,63,False,,False,0.0
CUST_03195,TXN_001994,28.19,card,success,,3,12,1,755,False,,False,0.0
CUST_03770,TXN_001995,29.7,upi,success,,3,6,1,1091,False,,False,0.0
CUST_00012,TXN_001996,12.56,netbanking,success,,2,4,2,564,False,,False,0.0
CUST_02763,TXN_001997,60.81,card,success,,1,8,3,1143,False,,False,0.0
CUST_04966,TXN_001998,16.43,card,success,,3,7,0,215,False,,False,0.0
CUST_01403,TXN_001999,22.44,card,success,,3,8,1,557,False,,False,0.0
CUST_01405,TXN_002000,33.14,card,success,,3,12,1,1290,False,,False,0.0
CUST_04390,TXN_002001,36.49,netbanking,success,,3,9,0,248,False,,False,0.0
CUST_00311,TXN_002002,8.46,upi,success,,2,6,4,326,False,,False,0.0
CUST_01988,TXN_002003,27.53,netbanking,success,,3,4,0,80,False,,False,0.0
CUST_02291,TXN_002004,62.56,wallet,success,,2,8,1,1107,False,,False,0.0
CUST_03989,TXN_002005,24.47,card,failed,insufficient_funds,2,9,3,1425,True,offer_support,False,0.0
CUST_00646,TXN_002006,27.67,upi,success,,3,10,2,388,False,,False,0.0
CUST_02170,TXN_002007,37.71,upi,success,,1,13,1,105,False,,False,0.0
CUST_00762,TXN_002008,29.94,upi,success,,1,9,2,1474,False,,False,0.0
CUST_03938,TXN_002009,14.52,card,success,,3,8,0,560,False,,False,0.0
CUST_03161,TXN_002010,32.17,card,success,,1,9,1,86,False,,False,0.0
CUST_02484,TXN_002011,73.35,upi,failed,insufficient_funds,3,4,3,1083,True,send_reminder,False,0.0
CUST_01965,TXN_002012,14.28,upi,success,,3,9,1,1111,False,,False,0.0
CUST_00766,TXN_002013,24.54,card,success,,1,3,2,665,False,,False,0.0
CUST_04609,TXN_002014,10.96,card,success,,3,10,5,837,False,,False,0.0
CUST_03238,TXN_002015,70.32,upi,success,,2,5,4,754,False,,False,0.0
CUST_01596,TXN_002016,30.76,upi,success,,2,6,3,1136,False,,False,0.0
CUST_02070,TXN_002017,16.77,upi,success,,3,7,3,46,False,,False,0.0
CUST_03631,TXN_002018,35.65,card,success,,3,8,5,505,False,,False,0.0
CUST_03598,TXN_002019,12.64,card,success,,3,5,4,895,False,,False,0.0
CUST_02306,TXN_002020,14.49,netbanking,failed,expired_card,3,9,1,1341,True,retry_payment,True,14.49
CUST_01515,TXN_002021,10.3,upi,success,,3,8,1,452,False,,False,0.0
CUST_03300,TXN_002022,14.11,card,success,,2,6,0,597,False,,False,0.0
CUST_03291,TXN_002023,98.09,upi,success,,1,15,1,997,False,,False,0.0
CUST_02998,TXN_002024,18.42,card,success,,1,4,1,1054,False,,False,0.0
CUST_00365,TXN_002025,48.09,upi,success,,1,14,5,1423,False,,False,0.0
CUST_02364,TXN_002026,16.96,card,success,,2,8,4,803,False,,False,0.0
CUST_03069,TXN_002027,60.8,upi,success,,1,5,3,92,False,,False,0.0
CUST_04750,TXN_002028,14.57,wallet,success,,2,8,1,395,False,,False,0.0
CUST_02628,TXN_002029,34.17,card,success,,3,11,2,135,False,,False,0.0
CUST_01714,TXN_002030,34.55,card,success,,1,14,4,1235,False,,False,0.0
CUST_02779,TXN_002031,213.2,card,success,,1,16,1,162,False,,False,0.0
CUST_00887,TXN_002032,54.84,card,success,,3,6,1,968,False,,False,0.0
CUST_00454,TXN_002033,20.61,wallet,success,,1,10,1,510,False,,False,0.0
CUST_03390,TXN_002034,57.29,wallet,success,,3,4,0,494,False,,False,0.0
CUST_04930,TXN_002035,183.19,card,success,,2,5,1,1350,False,,False,0.0
CUST_04230,TXN_002036,8.99,wallet,success,,3,8,3,601,False,,False,0.0
CUST_02918,TXN_002037,16.88,card,success,,3,6,2,178,False,,False,0.0
CUST_00202,TXN_002038,27.4,upi,success,,2,10,0,27,False,,False,0.0
CUST_04939,TXN_002039,23.72,upi,success,,3,6,0,49,False,,False,0.0
CUST_02248,TXN_002040,25.38,card,success,,1,8,0,335,False,,False,0.0
CUST_01449,TXN_002041,11.67,upi,success,,1,4,1,1354,False,,False,0.0
CUST_04462,TXN_002042,101.82,upi,success,,2,5,0,1222,False,,False,0.0
CUST_03732,TXN_002043,10.61,card,success,,3,2,1,790,False,,False,0.0
CUST_03748,TXN_002044,28.21,wallet,success,,3,9,1,1411,False,,False,0.0
CUST_01389,TXN_002045,76.45,card,success,,3,6,0,1445,False,,False,0.0
CUST_04959,TXN_002046,32.33,card,success,,2,6,1,918,False,,False,0.0
CUST_02264,TXN_002047,15.13,wallet,success,,3,11,4,852,False,,False,0.0
CUST_02657,TXN_002048,11.26,card,success,,1,5,1,211,False,,False,0.0
CUST_03755,TXN_002049,27.55,card,success,,1,7,0,764,False,,False,0.0
CUST_03300,TXN_002050,18.07,card,success,,3,14,1,1073,False,,False,0.0
CUST_00862,TXN_002051,39.02,card,success,,2,7,3,225,False,,False,0.0
CUST_01513,TXN_002052,10.79,card,success,,1,9,0,773,False,,False,0.0
CUST_01806,TXN_002053,63.46,card,success,,3,5,2,1184,False,,False,0.0
CUST_04737,TXN_002054,36.32,upi,success,,2,9,1,539,False,,False,0.0
CUST_03572,TXN_002055,38.55,upi,success,,1,8,0,440,False,,False,0.0
CUST_01832,TXN_002056,104.88,netbanking,success,,2,7,0,850,False,,False,0.0
CUST_03673,TXN_002057,23.33,wallet,success,,1,6,0,1257,False,,False,0.0
CUST_03692,TXN_002058,18.53,card,success,,3,3,1,614,False,,False,0.0
CUST_01971,TXN_002059,21.37,wallet,success,,1,7,1,1445,False,,False,0.0
CUST_02016,TXN_002060,28.39,netbanking,success,,1,9,2,350,False,,False,0.0
CUST_04471,TXN_002061,30.79,wallet,success,,3,8,0,1295,False,,False,0.0
CUST_02809,TXN_002062,17.04,upi,success,,1,3,1,418,False,,False,0.0
CUST_00748,TXN_002063,6.56,card,success,,3,8,3,1256,False,,False,0.0
CUST_03599,TXN_002064,21.14,card,success,,3,7,2,176,False,,False,0.0
CUST_02948,TXN_002065,44.16,wallet,failed,network_error,1,8,2,379,False,,False,0.0
CUST_02545,TXN_002066,36.93,upi,failed,network_error,3,7,0,772,True,update_payment_method,True,36.93
CUST_03625,TXN_002067,86.46,netbanking,success,,2,11,0,89,False,,False,0.0
CUST_04535,TXN_002068,158.28,upi,success,,1,12,1,399,False,,False,0.0
CUST_01652,TXN_002069,60.79,card,failed,insufficient_funds,3,11,4,872,False,,False,0.0
CUST_02097,TXN_002070,100.08,card,success,,3,8,1,966,False,,False,0.0
CUST_00948,TXN_002071,61.16,wallet,success,,3,11,1,97,False,,False,0.0
CUST_03235,TXN_002072,130.05,card,success,,3,6,1,553,False,,False,0.0
CUST_02014,TXN_002073,145.57,upi,success,,2,10,0,981,False,,False,0.0
CUST_01712,TXN_002074,70.88,wallet,success,,1,13,4,1169,False,,False,0.0
CUST_03482,TXN_002075,58.27,card,failed,network_error,3,8,2,903,True,update_payment_method,True,58.27
CUST_02041,TXN_002076,28.1,card,failed,expired_card,3,4,2,522,True,offer_support,False,0.0
CUST_02322,TXN_002077,32.04,upi,success,,3,7,1,173,False,,False,0.0
CUST_02200,TXN_002078,25.27,netbanking,success,,1,8,2,1386,False,,False,0.0
CUST_01293,TXN_002079,54.43,upi,success,,3,8,0,1442,False,,False,0.0
CUST_00629,TXN_002080,18.61,card,success,,3,16,0,827,False,,False,0.0
CUST_04136,TXN_002081,28.42,card,success,,1,10,2,1496,False,,False,0.0
CUST_00459,TXN_002082,5.03,card,success,,1,10,1,870,False,,False,0.0
CUST_01625,TXN_002083,131.43,card,success,,1,6,0,1261,False,,False,0.0
CUST_03337,TXN_002084,27.76,card,success,,3,6,1,768,False,,False,0.0
CUST_00657,TXN_002085,47.68,netbanking,failed,expired_card,1,7,1,1128,False,,False,0.0
CUST_03277,TXN_002086,106.3,card,success,,3,7,1,1228,False,,False,0.0
CUST_03665,TXN_002087,42.11,netbanking,success,,3,14,3,381,False,,False,0.0
CUST_03314,TXN_002088,105.16,wallet,success,,1,4,1,1334,False,,False,0.0
CUST_01525,TXN_002089,12.26,upi,success,,3,3,2,337,False,,False,0.0
CUST_00099,TXN_002090,225.41,upi,success,,3,5,1,490,False,,False,0.0
CUST_04436,TXN_002091,79.02,card,success,,1,14,1,1328,False,,False,0.0
CUST_01633,TXN_002092,39.15,upi,success,,1,7,0,895,False,,False,0.0
CUST_04025,TXN_002093,103.55,card,success,,3,5,0,1351,False,,False,0.0
CUST_00989,TXN_002094,13.0,card,success,,1,4,0,399,False,,False,0.0
CUST_00812,TXN_002095,26.29,upi,failed,network_error,1,5,1,268,False,,False,0.0
CUST_03890,TXN_002096,105.15,card,failed,expired_card,3,9,2,1188,False,,False,0.0
CUST_04698,TXN_002097,7.44,card,success,,3,9,0,553,False,,False,0.0
CUST_04303,TXN_002098,51.85,upi,failed,expired_card,3,8,1,161,True,offer_support,True,51.85
CUST_03756,TXN_002099,50.69,upi,success,,1,10,2,1178,False,,False,0.0
CUST_01234,TXN_002100,160.03,card,failed,card_declined,3,5,0,1406,False,,False,0.0
CUST_04566,TXN_002101,9.33,card,failed,authentication_failed,2,14,2,1172,True,offer_support,True,9.33
CUST_03339,TXN_002102,120.03,card,success,,3,5,0,478,False,,False,0.0
CUST_00861,TXN_002103,21.17,upi,success,,1,10,1,1467,False,,False,0.0
CUST_00647,TXN_002104,23.16,upi,success,,1,10,3,969,False,,False,0.0
CUST_04355,TXN_002105,12.46,card,success,,2,8,3,1434,False,,False,0.0
CUST_01376,TXN_002106,13.87,upi,success,,2,8,3,1423,False,,False,0.0
CUST_03829,TXN_002107,45.73,wallet,success,,2,12,0,975,False,,False,0.0
CUST_00694,TXN_002108,13.6,upi,success,,3,7,3,2,False,,False,0.0
CUST_01403,TXN_002109,59.87,upi,success,,3,10,0,1248,False,,False,0.0
CUST_01418,TXN_002110,19.48,upi,success,,3,8,2,222,False,,False,0.0
CUST_01406,TXN_002111,12.55,netbanking,success,,3,13,1,568,False,,False,0.0
CUST_03374,TXN_002112,21.71,wallet,success,,2,9,3,344,False,,False,0.0
CUST_04572,TXN_002113,43.35,card,success,,3,3,0,819,False,,False,0.0
CUST_04551,TXN_002114,26.53,card,failed,insufficient_funds,1,5,3,112,True,update_payment_method,False,0.0
CUST_03708,TXN_002115,34.03,card,failed,authentication_failed,3,8,1,746,True,send_reminder,True,34.03
CUST_01013,TXN_002116,57.8,netbanking,success,,3,13,2,1254,False,,False,0.0
CUST_04802,TXN_002117,78.72,card,success,,1,7,1,655,False,,False,0.0
CUST_02710,TXN_002118,25.84,wallet,success,,1,7,0,972,False,,False,0.0
CUST_02730,TXN_002119,14.36,card,failed,network_error,3,7,4,1429,False,,False,0.0
CUST_03507,TXN_002120,35.19,upi,success,,3,9,2,639,False,,False,0.0
CUST_03845,TXN_002121,48.26,card,failed,card_declined,1,10,3,741,False,,False,0.0
CUST_04764,TXN_002122,10.29,upi,success,,1,6,2,273,False,,False,0.0
CUST_02912,TXN_002123,16.24,card,success,,2,11,1,174,False,,False,0.0
CUST_03050,TXN_002124,18.63,upi,success,,2,8,0,1456,False,,False,0.0
CUST_03727,TXN_002125,28.04,upi,success,,2,5,2,981,False,,False,0.0
CUST_01276,TXN_002126,18.01,card,failed,authentication_failed,1,7,3,556,True,offer_support,False,0.0
CUST_01539,TXN_002127,58.3,upi,success,,3,7,0,1090,False,,False,0.0
CUST_03127,TXN_002128,9.17,wallet,success,,3,10,4,138,False,,False,0.0
CUST_00321,TXN_002129,9.36,netbanking,success,,2,8,2,54,False,,False,0.0
CUST_01603,TXN_002130,25.35,upi,failed,network_error,3,11,0,868,False,,False,0.0
CUST_03590,TXN_002131,28.77,upi,success,,2,4,1,1322,False,,False,0.0
CUST_04880,TXN_002132,10.34,wallet,success,,2,7,3,163,False,,False,0.0
CUST_02597,TXN_002133,20.38,upi,failed,authentication_failed,1,5,2,828,True,send_reminder,False,0.0
CUST_01998,TXN_002134,24.03,wallet,success,,3,11,0,319,False,,False,0.0
CUST_02202,TXN_002135,24.18,netbanking,failed,card_declined,2,10,1,452,True,offer_support,False,0.0
CUST_03427,TXN_002136,37.39,card,success,,2,16,2,630,False,,False,0.0
CUST_02722,TXN_002137,19.51,card,success,,3,7,1,1420,False,,False,0.0
CUST_00117,TXN_002138,108.01,upi,failed,card_declined,1,8,2,26,True,update_payment_method,True,108.01
CUST_02696,TXN_002139,48.94,upi,success,,2,7,1,662,False,,False,0.0
CUST_02000,TXN_002140,17.36,upi,failed,expired_card,3,5,1,1002,False,,False,0.0
CUST_03504,TXN_002141,35.72,wallet,success,,1,11,4,218,False,,False,0.0
CUST_04375,TXN_002142,36.57,upi,success,,1,4,2,1154,False,,False,0.0
CUST_04812,TXN_002143,87.51,card,success,,3,3,0,591,False,,False,0.0
CUST_03051,TXN_002144,20.49,upi,success,,1,7,2,1021,False,,False,0.0
CUST_01813,TXN_002145,61.18,card,failed,authentication_failed,3,7,1,1153,True,update_payment_method,False,0.0
CUST_02220,TXN_002146,34.24,upi,success,,3,8,0,1389,False,,False,0.0
CUST_00883,TXN_002147,109.21,wallet,success,,1,13,2,1148,False,,False,0.0
CUST_04679,TXN_002148,93.01,card,failed,insufficient_funds,1,11,1,311,False,,False,0.0
CUST_04236,TXN_002149,38.77,netbanking,success,,3,6,1,308,False,,False,0.0
CUST_04270,TXN_002150,26.85,netbanking,success,,3,11,1,1428,False,,False,0.0
CUST_01641,TXN_002151,49.66,card,failed,authentication_failed,1,7,0,1443,False,,False,0.0
CUST_01611,TXN_002152,28.66,netbanking,success,,2,12,2,49,False,,False,0.0
CUST_04283,TXN_002153,127.01,netbanking,success,,3,10,2,1330,False,,False,0.0
CUST_02723,TXN_002154,35.26,upi,success,,1,12,5,574,False,,False,0.0
CUST_03523,TXN_002155,23.94,card,success,,2,8,0,304,False,,False,0.0
CUST_02449,TXN_002156,22.93,card,success,,2,9,4,656,False,,False,0.0
CUST_02214,TXN_002157,12.55,upi,success,,3,6,1,314,False,,False,0.0
CUST_03161,TXN_002158,51.69,card,success,,1,10,0,603,False,,False,0.0
CUST_04065,TXN_002159,17.18,card,success,,2,7,2,967,False,,False,0.0
CUST_01671,TXN_002160,79.72,wallet,success,,3,9,0,1227,False,,False,0.0
CUST_04045,TXN_002161,11.77,upi,failed,card_declined,3,8,1,1456,True,retry_payment,False,0.0
CUST_01221,TXN_002162,36.66,upi,success,,1,13,1,1041,False,,False,0.0
CUST_02014,TXN_002163,83.11,wallet,success,,1,10,0,376,False,,False,0.0
CUST_04563,TXN_002164,5.92,card,failed,network_error,3,8,4,675,True,send_reminder,True,5.92
CUST_04772,TXN_002165,166.44,card,success,,3,10,1,1130,False,,False,0.0
CUST_04619,TXN_002166,23.57,upi,failed,authentication_failed,1,10,2,918,True,send_reminder,True,23.57
CUST_01580,TXN_002167,37.07,card,failed,card_declined,2,11,0,1369,False,,False,0.0
CUST_04216,TXN_002168,52.31,card,success,,1,6,4,58,False,,False,0.0
CUST_04680,TXN_002169,59.2,netbanking,success,,2,8,1,1320,False,,False,0.0
CUST_04891,TXN_002170,41.23,card,success,,2,10,0,255,False,,False,0.0
CUST_00105,TXN_002171,73.55,upi,success,,2,8,2,414,False,,False,0.0
CUST_03725,TXN_002172,50.16,upi,success,,2,11,3,351,False,,False,0.0
CUST_04983,TXN_002173,135.46,upi,success,,3,5,3,68,False,,False,0.0
CUST_03823,TXN_002174,50.29,card,success,,2,8,3,1072,False,,False,0.0
CUST_01166,TXN_002175,159.45,card,success,,3,5,2,305,False,,False,0.0
CUST_03813,TXN_002176,68.09,netbanking,success,,2,6,3,959,False,,False,0.0
CUST_00527,TXN_002177,7.81,wallet,success,,2,7,3,871,False,,False,0.0
CUST_02403,TXN_002178,267.44,upi,success,,1,7,2,724,False,,False,0.0
CUST_03131,TXN_002179,20.92,card,success,,1,11,2,1282,False,,False,0.0
CUST_02282,TXN_002180,109.56,upi,success,,2,18,1,1129,False,,False,0.0
CUST_03499,TXN_002181,33.83,card,success,,2,9,4,1445,False,,False,0.0
CUST_01201,TXN_002182,77.39,card,success,,3,12,1,1026,False,,False,0.0
CUST_03031,TXN_002183,19.09,card,success,,1,10,3,679,False,,False,0.0
CUST_03224,TXN_002184,54.63,card,success,,1,9,0,1145,False,,False,0.0
CUST_03169,TXN_002185,27.04,card,failed,card_declined,3,5,0,1356,True,offer_support,True,27.04
CUST_01447,TXN_002186,117.12,card,success,,2,9,1,401,False,,False,0.0
CUST_01527,TXN_002187,47.04,netbanking,success,,1,4,1,622,False,,False,0.0
CUST_01289,TXN_002188,70.02,upi,success,,1,8,2,632,False,,False,0.0
CUST_02309,TXN_002189,5.86,card,success,,3,11,0,278,False,,False,0.0
CUST_02930,TXN_002190,30.92,card,success,,3,8,1,404,False,,False,0.0
CUST_01813,TXN_002191,45.99,netbanking,success,,2,9,3,446,False,,False,0.0
CUST_02050,TXN_002192,39.6,card,success,,1,7,0,1280,False,,False,0.0
CUST_01432,TXN_002193,71.44,card,success,,2,13,1,197,False,,False,0.0
CUST_01095,TXN_002194,24.71,upi,success,,1,7,4,278,False,,False,0.0
CUST_03287,TXN_002195,34.43,upi,failed,expired_card,2,4,1,323,True,send_reminder,False,0.0
CUST_04080,TXN_002196,85.2,netbanking,success,,2,6,1,76,False,,False,0.0
CUST_01454,TXN_002197,5.35,card,failed,expired_card,3,8,1,235,True,offer_support,True,5.35
CUST_04302,TXN_002198,53.06,card,success,,3,7,2,1387,False,,False,0.0
CUST_02855,TXN_002199,25.35,card,success,,2,12,1,897,False,,False,0.0
CUST_00839,TXN_002200,15.96,upi,success,,1,7,3,442,False,,False,0.0
CUST_01830,TXN_002201,43.35,card,success,,1,7,1,364,False,,False,0.0
CUST_00038,TXN_002202,88.41,card,success,,3,6,2,764,False,,False,0.0
CUST_00196,TXN_002203,76.04,card,success,,2,10,1,389,False,,False,0.0
CUST_01681,TXN_002204,29.72,wallet,success,,2,5,2,1079,False,,False,0.0
CUST_02272,TXN_002205,66.73,card,success,,3,7,4,337,False,,False,0.0
CUST_03987,TXN_002206,66.32,card,success,,3,9,0,1218,False,,False,0.0
CUST_00672,TXN_002207,30.88,wallet,failed,card_declined,1,11,0,242,True,update_payment_method,True,30.88
CUST_04196,TXN_002208,19.02,upi,success,,3,8,5,1376,False,,False,0.0
CUST_01173,TXN_002209,19.92,upi,success,,1,11,1,761,False,,False,0.0
CUST_00692,TXN_002210,64.73,upi,success,,3,13,0,227,False,,False,0.0
CUST_03499,TXN_002211,32.02,card,success,,2,15,0,1475,False,,False,0.0
CUST_03871,TXN_002212,14.34,netbanking,success,,3,12,1,902,False,,False,0.0
CUST_03024,TXN_002213,8.6,card,success,,1,6,1,1177,False,,False,0.0
CUST_00579,TXN_002214,64.42,wallet,success,,2,5,0,1355,False,,False,0.0
CUST_00577,TXN_002215,21.38,card,success,,3,10,7,1118,False,,False,0.0
CUST_01950,TXN_002216,43.13,upi,failed,card_declined,3,6,1,1206,True,retry_payment,False,0.0
CUST_02253,TXN_002217,89.28,upi,success,,3,13,3,1324,False,,False,0.0
CUST_04993,TXN_002218,11.62,card,success,,1,8,1,647,False,,False,0.0
CUST_01433,TXN_002219,31.94,card,success,,1,12,1,880,False,,False,0.0
CUST_00963,TXN_002220,28.89,netbanking,success,,3,9,1,1038,False,,False,0.0
CUST_04729,TXN_002221,44.87,card,success,,2,12,2,983,False,,False,0.0
CUST_00770,TXN_002222,89.24,wallet,success,,2,7,2,1115,False,,False,0.0
CUST_00132,TXN_002223,11.43,card,success,,1,4,1,1352,False,,False,0.0
CUST_02114,TXN_002224,52.24,upi,success,,3,10,0,1008,False,,False,0.0
CUST_02006,TXN_002225,75.58,upi,success,,2,11,0,1004,False,,False,0.0
CUST_03098,TXN_002226,28.53,upi,success,,2,7,2,625,False,,False,0.0
CUST_04388,TXN_002227,29.67,upi,success,,3,8,1,14,False,,False,0.0
CUST_04664,TXN_002228,46.28,upi,success,,2,14,2,158,False,,False,0.0
CUST_01448,TXN_002229,43.63,upi,success,,2,8,1,298,False,,False,0.0
CUST_04904,TXN_002230,52.77,upi,success,,2,8,0,575,False,,False,0.0
CUST_03163,TXN_002231,51.88,upi,success,,2,7,2,409,False,,False,0.0
CUST_00349,TXN_002232,15.1,card,failed,authentication_failed,2,9,2,628,True,retry_payment,False,0.0
CUST_04692,TXN_002233,73.13,card,success,,1,6,1,569,False,,False,0.0
CUST_00690,TXN_002234,84.22,card,success,,2,13,2,953,False,,False,0.0
CUST_02943,TXN_002235,38.43,upi,success,,1,9,1,376,False,,False,0.0
CUST_03953,TXN_002236,10.02,wallet,success,,3,6,3,1164,False,,False,0.0
CUST_01247,TXN_002237,30.21,card,failed,expired_card,2,9,0,70,False,,False,0.0
CUST_01353,TXN_002238,38.69,upi,success,,1,8,2,286,False,,False,0.0
CUST_02381,TXN_002239,13.25,card,success,,1,7,2,1352,False,,False,0.0
CUST_04424,TXN_002240,24.83,upi,success,,3,7,1,1275,False,,False,0.0
CUST_01118,TXN_002241,10.72,upi,failed,insufficient_funds,3,6,0,1493,True,offer_support,True,10.72
CUST_03317,TXN_002242,53.83,upi,success,,3,11,1,955,False,,False,0.0
CUST_02263,TXN_002243,37.82,upi,success,,3,6,2,870,False,,False,0.0
CUST_00560,TXN_002244,8.88,netbanking,success,,3,10,1,329,False,,False,0.0
CUST_03554,TXN_002245,43.87,card,success,,2,8,2,663,False,,False,0.0
CUST_04162,TXN_002246,31.65,upi,success,,3,4,1,56,False,,False,0.0
CUST_02878,TXN_002247,50.06,card,success,,3,10,2,78,False,,False,0.0
CUST_00882,TXN_002248,24.21,wallet,success,,2,15,2,69,False,,False,0.0
CUST_00779,TXN_002249,17.44,netbanking,success,,1,4,0,1130,False,,False,0.0
CUST_02118,TXN_002250,17.87,card,success,,3,6,0,697,False,,False,0.0
CUST_02532,TXN_002251,21.53,card,success,,3,13,3,1043,False,,False,0.0
CUST_02761,TXN_002252,33.62,upi,success,,2,9,0,1199,False,,False,0.0
CUST_01219,TXN_002253,37.28,wallet,success,,3,13,1,853,False,,False,0.0
CUST_02504,TXN_002254,28.43,card,success,,1,8,5,684,False,,False,0.0
CUST_01476,TXN_002255,23.6,upi,success,,3,5,0,1009,False,,False,0.0
CUST_03431,TXN_002256,25.0,card,success,,1,7,3,676,False,,False,0.0
CUST_03982,TXN_002257,246.21,upi,failed,card_declined,1,6,0,228,False,,False,0.0
CUST_03263,TXN_002258,17.88,upi,success,,1,0,2,768,False,,False,0.0
CUST_00007,TXN_002259,21.19,card,success,,1,10,0,1385,False,,False,0.0
CUST_04960,TXN_002260,461.78,netbanking,success,,1,12,2,406,False,,False,0.0
CUST_00119,TXN_002261,46.38,card,success,,2,12,0,1074,False,,False,0.0
CUST_04997,TXN_002262,10.98,netbanking,failed,authentication_failed,2,9,1,965,True,send_reminder,True,10.98
CUST_00159,TXN_002263,64.98,card,success,,2,8,1,812,False,,False,0.0
CUST_02582,TXN_002264,15.99,upi,failed,card_declined,3,13,1,787,False,,False,0.0
CUST_00530,TXN_002265,68.53,card,success,,2,7,3,1042,False,,False,0.0
CUST_00476,TXN_002266,27.97,upi,success,,1,6,0,829,False,,False,0.0
CUST_03417,TXN_002267,23.29,card,success,,1,8,2,252,False,,False,0.0
CUST_03639,TXN_002268,119.98,upi,success,,3,9,0,1159,False,,False,0.0
CUST_00592,TXN_002269,52.1,card,success,,1,10,1,1034,False,,False,0.0
CUST_04883,TXN_002270,72.12,card,failed,expired_card,3,13,2,846,True,offer_support,True,72.12
CUST_01602,TXN_002271,46.9,netbanking,success,,3,13,2,1,False,,False,0.0
CUST_01592,TXN_002272,23.21,upi,success,,3,15,0,1496,False,,False,0.0
CUST_01485,TXN_002273,54.01,upi,success,,1,6,1,1152,False,,False,0.0
CUST_02306,TXN_002274,87.13,upi,success,,3,10,2,619,False,,False,0.0
CUST_00889,TXN_002275,36.88,card,success,,3,12,3,668,False,,False,0.0
CUST_02124,TXN_002276,139.95,netbanking,failed,expired_card,3,6,1,1173,True,send_reminder,True,139.95
CUST_01050,TXN_002277,65.39,card,success,,3,10,1,970,False,,False,0.0
CUST_00258,TXN_002278,39.24,wallet,success,,1,6,2,744,False,,False,0.0
CUST_01844,TXN_002279,40.5,netbanking,failed,insufficient_funds,2,5,0,758,False,,False,0.0
CUST_03361,TXN_002280,36.96,card,success,,2,7,0,971,False,,False,0.0
CUST_03815,TXN_002281,12.17,card,failed,insufficient_funds,2,9,0,861,True,offer_support,True,12.17
CUST_01767,TXN_002282,30.81,upi,success,,2,4,1,1201,False,,False,0.0
CUST_01619,TXN_002283,39.53,netbanking,success,,3,12,1,1352,False,,False,0.0
CUST_03937,TXN_002284,23.74,card,success,,1,11,0,1053,False,,False,0.0
CUST_03406,TXN_002285,43.39,card,success,,2,12,1,1009,False,,False,0.0
CUST_04160,TXN_002286,33.68,card,success,,2,10,1,563,False,,False,0.0
CUST_04530,TXN_002287,61.49,netbanking,success,,2,5,1,223,False,,False,0.0
CUST_04106,TXN_002288,56.29,upi,success,,2,7,2,1029,False,,False,0.0
CUST_04682,TXN_002289,37.85,card,success,,3,12,2,1407,False,,False,0.0
CUST_02083,TXN_002290,11.09,upi,success,,3,4,1,753,False,,False,0.0
CUST_01973,TXN_002291,138.74,netbanking,success,,2,14,1,192,False,,False,0.0
CUST_01608,TXN_002292,29.56,wallet,success,,1,10,2,886,False,,False,0.0
CUST_01176,TXN_002293,31.04,card,success,,3,8,1,1296,False,,False,0.0
CUST_03744,TXN_002294,25.18,card,success,,3,7,1,635,False,,False,0.0
CUST_03572,TXN_002295,22.4,card,success,,3,6,1,693,False,,False,0.0
CUST_04007,TXN_002296,113.89,upi,success,,1,5,2,659,False,,False,0.0
CUST_00837,TXN_002297,100.37,card,failed,insufficient_funds,1,7,2,653,False,,False,0.0
CUST_02456,TXN_002298,47.25,card,success,,2,7,0,1431,False,,False,0.0
CUST_01110,TXN_002299,30.39,netbanking,success,,1,2,1,182,False,,False,0.0
CUST_04465,TXN_002300,54.34,upi,success,,1,9,0,1429,False,,False,0.0
CUST_01337,TXN_002301,35.13,card,success,,1,5,1,1029,False,,False,0.0
CUST_00720,TXN_002302,28.44,card,success,,3,10,1,56,False,,False,0.0
CUST_02849,TXN_002303,43.4,card,success,,1,8,1,223,False,,False,0.0
CUST_04395,TXN_002304,23.27,card,success,,2,10,1,876,False,,False,0.0
CUST_04578,TXN_002305,40.52,card,success,,3,10,3,1060,False,,False,0.0
CUST_00481,TXN_002306,38.99,card,success,,1,11,3,839,False,,False,0.0
CUST_01630,TXN_002307,53.64,card,success,,2,11,0,814,False,,False,0.0
CUST_00768,TXN_002308,20.18,netbanking,success,,3,8,1,979,False,,False,0.0
CUST_01540,TXN_002309,58.45,netbanking,success,,2,9,0,893,False,,False,0.0
CUST_02669,TXN_002310,16.04,card,success,,1,4,1,1477,False,,False,0.0
CUST_01403,TXN_002311,20.95,upi,success,,3,4,2,763,False,,False,0.0
CUST_00338,TXN_002312,21.69,card,success,,3,8,2,207,False,,False,0.0
CUST_02550,TXN_002313,14.05,netbanking,success,,2,5,2,613,False,,False,0.0
CUST_00264,TXN_002314,74.63,netbanking,success,,1,8,0,580,False,,False,0.0
CUST_01134,TXN_002315,15.25,upi,success,,3,7,0,84,False,,False,0.0
CUST_00003,TXN_002316,18.93,upi,success,,1,10,0,1142,False,,False,0.0
CUST_00435,TXN_002317,90.41,card,success,,3,11,1,1193,False,,False,0.0
CUST_02182,TXN_002318,20.98,card,success,,1,8,2,1278,False,,False,0.0
CUST_04253,TXN_002319,28.49,upi,success,,2,7,1,332,False,,False,0.0
CUST_03873,TXN_002320,14.74,card,success,,3,8,1,5,False,,False,0.0
CUST_00495,TXN_002321,64.48,upi,success,,2,2,0,1107,False,,False,0.0
CUST_00175,TXN_002322,65.2,upi,success,,3,4,2,25,False,,False,0.0
CUST_01691,TXN_002323,59.81,card,success,,3,10,0,1240,False,,False,0.0
CUST_03261,TXN_002324,50.91,upi,success,,2,15,1,192,False,,False,0.0
CUST_03733,TXN_002325,35.12,netbanking,success,,3,9,0,1046,False,,False,0.0
CUST_04115,TXN_002326,21.77,upi,success,,1,7,2,429,False,,False,0.0
CUST_01711,TXN_002327,17.25,upi,success,,1,4,3,183,False,,False,0.0
CUST_00840,TXN_002328,92.94,netbanking,success,,2,7,2,243,False,,False,0.0
CUST_00132,TXN_002329,61.06,card,success,,1,8,1,1436,False,,False,0.0
CUST_00735,TXN_002330,19.02,upi,success,,2,7,2,577,False,,False,0.0
CUST_00326,TXN_002331,34.19,card,success,,1,8,3,1275,False,,False,0.0
CUST_04304,TXN_002332,26.05,card,failed,card_declined,2,7,6,771,False,,False,0.0
CUST_01342,TXN_002333,13.43,wallet,success,,1,4,2,871,False,,False,0.0
CUST_04115,TXN_002334,38.17,card,success,,2,7,3,158,False,,False,0.0
CUST_02766,TXN_002335,23.75,card,success,,2,8,3,416,False,,False,0.0
CUST_02695,TXN_002336,15.46,card,failed,network_error,2,11,4,365,False,,False,0.0
CUST_02274,TXN_002337,10.14,wallet,success,,3,6,3,411,False,,False,0.0
CUST_04096,TXN_002338,9.48,netbanking,success,,2,10,0,1325,False,,False,0.0
CUST_00218,TXN_002339,24.6,card,success,,1,4,0,394,False,,False,0.0
CUST_00464,TXN_002340,30.94,upi,success,,2,6,0,407,False,,False,0.0
CUST_02117,TXN_002341,16.44,card,success,,3,7,0,95,False,,False,0.0
CUST_01973,TXN_002342,55.73,upi,success,,1,9,1,990,False,,False,0.0
CUST_02728,TXN_002343,31.42,upi,success,,1,7,1,447,False,,False,0.0
CUST_03689,TXN_002344,52.54,card,success,,3,6,1,968,False,,False,0.0
CUST_02938,TXN_002345,28.61,upi,failed,insufficient_funds,1,2,1,225,False,,False,0.0
CUST_01288,TXN_002346,17.64,wallet,failed,authentication_failed,3,10,2,807,True,send_reminder,True,17.64
CUST_01637,TXN_002347,36.28,card,success,,2,14,2,663,False,,False,0.0
CUST_03761,TXN_002348,12.06,card,success,,3,3,0,262,False,,False,0.0
CUST_01008,TXN_002349,50.99,wallet,failed,network_error,3,8,1,1265,True,retry_payment,True,50.99
CUST_02521,TXN_002350,15.65,card,success,,3,7,0,880,False,,False,0.0
CUST_02694,TXN_002351,69.03,upi,failed,network_error,3,4,0,1231,True,update_payment_method,True,69.03
CUST_03751,TXN_002352,25.26,upi,success,,2,4,3,673,False,,False,0.0
CUST_03572,TXN_002353,77.48,card,success,,1,8,3,524,False,,False,0.0
CUST_02323,TXN_002354,13.49,card,success,,3,10,1,1426,False,,False,0.0
CUST_01546,TXN_002355,19.26,card,success,,1,10,2,845,False,,False,0.0
CUST_01840,TXN_002356,44.91,card,success,,2,10,1,479,False,,False,0.0
CUST_02058,TXN_002357,84.47,upi,success,,1,9,4,928,False,,False,0.0
CUST_01096,TXN_002358,125.62,netbanking,success,,2,12,2,1132,False,,False,0.0
CUST_03127,TXN_002359,34.23,card,success,,1,14,2,122,False,,False,0.0
CUST_01042,TXN_002360,144.06,upi,success,,3,9,1,857,False,,False,0.0
CUST_03243,TXN_002361,26.27,card,success,,2,7,0,73,False,,False,0.0
CUST_03757,TXN_002362,79.76,card,success,,3,11,1,1091,False,,False,0.0
CUST_04809,TXN_002363,15.58,upi,success,,1,7,0,418,False,,False,0.0
CUST_00595,TXN_002364,46.35,card,success,,2,10,1,407,False,,False,0.0
CUST_03798,TXN_002365,5.09,upi,success,,2,7,4,1307,False,,False,0.0
CUST_00430,TXN_002366,13.5,card,success,,3,5,4,1329,False,,False,0.0
CUST_01686,TXN_002367,48.1,upi,success,,3,7,1,1056,False,,False,0.0
CUST_00882,TXN_002368,11.59,wallet,success,,2,9,4,860,False,,False,0.0
CUST_00812,TXN_002369,46.6,card,success,,3,8,0,169,False,,False,0.0
CUST_00877,TXN_002370,68.39,wallet,success,,2,7,4,234,False,,False,0.0
CUST_00220,TXN_002371,22.17,card,success,,3,12,3,347,False,,False,0.0
CUST_04115,TXN_002372,15.25,card,success,,3,8,4,755,False,,False,0.0
CUST_00306,TXN_002373,22.66,card,success,,3,9,2,715,False,,False,0.0
CUST_01993,TXN_002374,15.29,netbanking,success,,2,3,2,314,False,,False,0.0
CUST_03496,TXN_002375,30.54,upi,success,,1,3,3,585,False,,False,0.0
CUST_04951,TXN_002376,35.93,wallet,success,,3,5,1,782,False,,False,0.0
CUST_04268,TXN_002377,25.92,upi,success,,2,11,0,1380,False,,False,0.0
CUST_00686,TXN_002378,126.4,card,success,,3,12,2,221,False,,False,0.0
CUST_04938,TXN_002379,18.62,netbanking,success,,1,10,0,613,False,,False,0.0
CUST_03268,TXN_002380,100.8,wallet,success,,1,2,2,99,False,,False,0.0
CUST_00898,TXN_002381,14.4,netbanking,success,,2,4,7,525,False,,False,0.0
CUST_02244,TXN_002382,35.1,upi,success,,3,15,2,1127,False,,False,0.0
CUST_04589,TXN_002383,85.33,netbanking,success,,1,7,0,860,False,,False,0.0
CUST_01965,TXN_002384,81.87,card,success,,1,8,1,190,False,,False,0.0
CUST_00919,TXN_002385,23.66,wallet,failed,card_declined,2,6,2,1272,True,update_payment_method,False,0.0
CUST_04375,TXN_002386,51.63,wallet,success,,3,2,2,668,False,,False,0.0
CUST_04764,TXN_002387,46.38,upi,failed,insufficient_funds,1,16,1,496,True,update_payment_method,True,46.38
CUST_04878,TXN_002388,21.5,card,success,,3,12,3,927,False,,False,0.0
CUST_04778,TXN_002389,54.2,card,success,,2,5,1,385,False,,False,0.0
CUST_04364,TXN_002390,146.94,wallet,success,,3,12,1,1258,False,,False,0.0
CUST_02272,TXN_002391,48.3,netbanking,failed,card_declined,3,6,1,1375,True,update_payment_method,True,48.3
CUST_00962,TXN_002392,52.1,upi,success,,3,13,0,1102,False,,False,0.0
CUST_03086,TXN_002393,56.7,wallet,success,,1,10,2,673,False,,False,0.0
CUST_01104,TXN_002394,10.29,upi,success,,2,15,2,332,False,,False,0.0
CUST_02366,TXN_002395,47.86,netbanking,failed,authentication_failed,2,8,0,1287,True,offer_support,True,47.86
CUST_03280,TXN_002396,14.68,card,success,,2,6,3,1481,False,,False,0.0
CUST_04732,TXN_002397,20.66,card,success,,3,11,0,447,False,,False,0.0
CUST_01446,TXN_002398,186.71,upi,success,,2,2,1,1051,False,,False,0.0
CUST_01260,TXN_002399,27.04,card,success,,2,6,2,929,False,,False,0.0
CUST_03673,TXN_002400,18.32,card,failed,expired_card,3,11,2,861,True,update_payment_method,False,0.0
CUST_00033,TXN_002401,83.27,netbanking,success,,2,8,3,1438,False,,False,0.0
CUST_02832,TXN_002402,15.52,card,success,,2,11,3,1067,False,,False,0.0
CUST_03729,TXN_002403,23.15,upi,failed,network_error,2,14,1,1070,False,,False,0.0
CUST_02754,TXN_002404,89.95,card,success,,1,5,4,1443,False,,False,0.0
CUST_01920,TXN_002405,34.27,netbanking,success,,1,9,0,891,False,,False,0.0
CUST_04142,TXN_002406,9.49,card,success,,2,10,2,279,False,,False,0.0
CUST_01855,TXN_002407,51.17,upi,success,,1,5,1,856,False,,False,0.0
CUST_03552,TXN_002408,24.11,upi,success,,3,7,3,111,False,,False,0.0
CUST_02321,TXN_002409,113.51,card,success,,2,6,1,1019,False,,False,0.0
CUST_00133,TXN_002410,20.39,card,failed,card_declined,2,10,2,1213,True,retry_payment,True,20.39
CUST_02653,TXN_002411,76.78,card,success,,2,9,4,1034,False,,False,0.0
CUST_00248,TXN_002412,137.08,card,success,,3,6,1,524,False,,False,0.0
CUST_04654,TXN_002413,16.76,card,success,,3,8,2,1364,False,,False,0.0
CUST_03008,TXN_002414,28.37,card,failed,network_error,2,6,2,132,True,retry_payment,False,0.0
CUST_01860,TXN_002415,45.19,upi,success,,2,10,3,783,False,,False,0.0
CUST_02431,TXN_002416,16.68,card,success,,3,5,0,468,False,,False,0.0
CUST_03096,TXN_002417,41.11,card,failed,card_declined,2,7,2,294,True,offer_support,True,41.11
CUST_01301,TXN_002418,27.66,card,success,,3,7,1,989,False,,False,0.0
CUST_01442,TXN_002419,27.22,upi,failed,network_error,1,9,0,642,True,offer_support,True,27.22
CUST_02093,TXN_002420,34.44,upi,success,,2,11,1,169,False,,False,0.0
CUST_01293,TXN_002421,35.06,upi,success,,1,9,2,984,False,,False,0.0
CUST_03789,TXN_002422,37.75,upi,success,,2,9,2,321,False,,False,0.0
CUST_00519,TXN_002423,20.51,upi,failed,expired_card,2,6,2,1390,True,retry_payment,False,0.0
CUST_04133,TXN_002424,21.24,card,success,,3,4,0,842,False,,False,0.0
CUST_01743,TXN_002425,30.12,card,success,,1,10,2,618,False,,False,0.0
CUST_02806,TXN_002426,31.95,upi,success,,3,14,2,927,False,,False,0.0
CUST_00789,TXN_002427,23.31,card,success,,3,8,1,541,False,,False,0.0
CUST_01927,TXN_002428,42.91,netbanking,success,,2,14,2,1276,False,,False,0.0
CUST_03773,TXN_002429,7.75,upi,failed,insufficient_funds,1,4,3,199,True,update_payment_method,False,0.0
CUST_01354,TXN_002430,18.46,upi,success,,3,9,1,345,False,,False,0.0
CUST_00662,TXN_002431,26.47,upi,success,,1,4,1,712,False,,False,0.0
CUST_02610,TXN_002432,16.69,wallet,success,,3,8,0,1190,False,,False,0.0
CUST_00813,TXN_002433,121.92,card,success,,3,10,4,1060,False,,False,0.0
CUST_01574,TXN_002434,33.62,card,success,,1,7,1,934,False,,False,0.0
CUST_02252,TXN_002435,38.15,netbanking,success,,2,9,2,959,False,,False,0.0
CUST_02820,TXN_002436,22.5,upi,success,,2,5,3,1201,False,,False,0.0
CUST_03197,TXN_002437,32.7,card,success,,3,3,1,404,False,,False,0.0
CUST_03383,TXN_002438,12.53,card,success,,3,6,2,573,False,,False,0.0
CUST_04221,TXN_002439,28.91,card,success,,3,8,1,613,False,,False,0.0
CUST_00331,TXN_002440,15.65,netbanking,failed,insufficient_funds,1,11,2,571,True,offer_support,True,15.65
CUST_01812,TXN_002441,26.52,card,success,,3,10,4,1142,False,,False,0.0
CUST_00006,TXN_002442,4.27,card,success,,3,8,2,1484,False,,False,0.0
CUST_00048,TXN_002443,13.43,card,failed,network_error,3,11,1,537,True,update_payment_method,False,0.0
CUST_01062,TXN_002444,106.82,wallet,success,,1,8,0,1336,False,,False,0.0
CUST_02991,TXN_002445,64.35,upi,failed,expired_card,3,9,1,1138,False,,False,0.0
CUST_04472,TXN_002446,95.13,upi,success,,2,10,0,947,False,,False,0.0
CUST_03867,TXN_002447,100.5,wallet,failed,insufficient_funds,1,6,0,531,False,,False,0.0
CUST_03231,TXN_002448,56.73,card,success,,2,11,2,81,False,,False,0.0
CUST_03891,TXN_002449,23.05,netbanking,success,,2,10,0,1280,False,,False,0.0
CUST_00860,TXN_002450,14.44,upi,failed,authentication_failed,3,9,4,115,True,send_reminder,True,14.44
CUST_04199,TXN_002451,82.88,upi,success,,1,7,2,1145,False,,False,0.0
CUST_04451,TXN_002452,34.87,netbanking,failed,authentication_failed,1,7,1,1429,True,retry_payment,False,0.0
CUST_00476,TXN_002453,243.52,wallet,success,,2,11,0,595,False,,False,0.0
CUST_02350,TXN_002454,24.73,card,success,,2,8,2,496,False,,False,0.0
CUST_04150,TXN_002455,160.5,card,success,,3,7,0,239,False,,False,0.0
CUST_02380,TXN_002456,29.21,netbanking,success,,1,14,0,911,False,,False,0.0
CUST_04202,TXN_002457,96.43,card,success,,3,10,0,888,False,,False,0.0
CUST_04677,TXN_002458,128.68,upi,success,,1,11,0,199,False,,False,0.0
CUST_02373,TXN_002459,14.61,card,success,,2,12,2,344,False,,False,0.0
CUST_00298,TXN_002460,22.47,netbanking,success,,3,8,1,509,False,,False,0.0
CUST_01700,TXN_002461,14.49,upi,success,,1,10,0,601,False,,False,0.0
CUST_01076,TXN_002462,12.38,wallet,failed,insufficient_funds,1,6,1,1327,True,update_payment_method,False,0.0
CUST_02371,TXN_002463,56.47,upi,success,,2,8,1,1098,False,,False,0.0
CUST_02929,TXN_002464,28.3,wallet,success,,1,4,1,240,False,,False,0.0
CUST_02320,TXN_002465,34.53,upi,failed,insufficient_funds,1,5,5,737,True,send_reminder,False,0.0
CUST_00978,TXN_002466,51.68,upi,success,,1,9,1,255,False,,False,0.0
CUST_01506,TXN_002467,7.49,upi,success,,2,10,1,169,False,,False,0.0
CUST_03397,TXN_002468,92.7,upi,failed,expired_card,2,6,3,1258,False,,False,0.0
CUST_00135,TXN_002469,25.05,upi,success,,1,7,1,1416,False,,False,0.0
CUST_01071,TXN_002470,50.7,card,success,,1,7,2,120,False,,False,0.0
CUST_04461,TXN_002471,54.41,card,success,,3,10,0,444,False,,False,0.0
CUST_00496,TXN_002472,99.15,upi,success,,2,6,2,1427,False,,False,0.0
CUST_02074,TXN_002473,30.45,card,success,,2,8,2,321,False,,False,0.0
CUST_01035,TXN_002474,6.06,upi,success,,3,7,2,1066,False,,False,0.0
CUST_00524,TXN_002475,34.66,card,success,,3,7,3,1114,False,,False,0.0
CUST_02114,TXN_002476,38.88,card,success,,1,10,1,1227,False,,False,0.0
CUST_02607,TXN_002477,14.48,upi,success,,2,4,1,426,False,,False,0.0
CUST_00881,TXN_002478,37.26,card,failed,network_error,1,4,3,460,True,offer_support,True,37.26
CUST_00389,TXN_002479,24.81,wallet,success,,3,7,3,59,False,,False,0.0
CUST_00674,TXN_002480,11.31,wallet,success,,2,7,4,497,False,,False,0.0
CUST_03258,TXN_002481,56.67,upi,success,,1,10,0,1312,False,,False,0.0
CUST_04301,TXN_002482,21.09,card,success,,3,10,2,1009,False,,False,0.0
CUST_00902,TXN_002483,23.92,card,failed,card_declined,2,9,4,648,True,offer_support,False,0.0
CUST_01602,TXN_002484,22.87,netbanking,success,,1,3,1,400,False,,False,0.0
CUST_01719,TXN_002485,88.98,card,success,,1,7,2,611,False,,False,0.0
CUST_01804,TXN_002486,32.05,wallet,failed,card_declined,3,10,2,816,True,update_payment_method,True,32.05
CUST_01222,TXN_002487,35.28,wallet,success,,2,7,1,64,False,,False,0.0
CUST_00277,TXN_002488,23.28,card,success,,3,4,0,199,False,,False,0.0
CUST_02626,TXN_002489,47.96,upi,success,,1,5,2,1281,False,,False,0.0
CUST_01787,TXN_002490,97.46,upi,failed,network_error,1,8,0,1292,True,update_payment_method,True,97.46
CUST_01711,TXN_002491,55.61,upi,success,,3,7,1,1489,False,,False,0.0
CUST_01324,TXN_002492,57.37,card,success,,1,9,3,1041,False,,False,0.0
CUST_04646,TXN_002493,53.78,upi,success,,3,7,2,1472,False,,False,0.0
CUST_03052,TXN_002494,10.98,card,success,,3,5,2,348,False,,False,0.0
CUST_02094,TXN_002495,16.43,netbanking,success,,1,3,1,182,False,,False,0.0
CUST_01027,TXN_002496,28.11,upi,success,,3,14,0,686,False,,False,0.0
CUST_04005,TXN_002497,18.53,upi,success,,3,5,2,1499,False,,False,0.0
CUST_04441,TXN_002498,14.13,wallet,success,,1,9,1,1364,False,,False,0.0
CUST_00162,TXN_002499,7.41,upi,success,,2,12,0,808,False,,False,0.0
CUST_04648,TXN_002500,11.28,upi,success,,2,5,0,1118,False,,False,0.0
CUST_03497,TXN_002501,26.97,card,failed,insufficient_funds,1,3,0,636,True,offer_support,False,0.0
CUST_00500,TXN_002502,31.33,upi,success,,3,3,2,1130,False,,False,0.0
CUST_03766,TXN_002503,17.56,card,success,,3,9,1,284,False,,False,0.0
CUST_00537,TXN_002504,35.27,wallet,success,,2,7,2,740,False,,False,0.0
CUST_00255,TXN_002505,23.4,card,success,,3,6,3,988,False,,False,0.0
CUST_00577,TXN_002506,79.24,card,success,,3,7,1,1295,False,,False,0.0
CUST_02299,TXN_002507,29.1,netbanking,success,,3,6,1,60,False,,False,0.0
CUST_03098,TXN_002508,57.8,card,success,,2,4,1,131,False,,False,0.0
CUST_02037,TXN_002509,38.96,netbanking,failed,expired_card,3,5,0,1046,True,update_payment_method,False,0.0
CUST_00610,TXN_002510,10.79,card,success,,3,13,1,239,False,,False,0.0
CUST_00996,TXN_002511,30.8,card,success,,2,8,0,926,False,,False,0.0
CUST_04262,TXN_002512,12.32,upi,success,,2,6,3,381,False,,False,0.0
CUST_04813,TXN_002513,30.37,upi,success,,1,9,1,1348,False,,False,0.0
CUST_03771,TXN_002514,18.25,wallet,failed,authentication_failed,2,4,3,477,True,send_reminder,False,0.0
CUST_00517,TXN_002515,44.95,card,success,,3,2,0,746,False,,False,0.0
CUST_04099,TXN_002516,11.31,card,success,,3,3,3,46,False,,False,0.0
CUST_03460,TXN_002517,33.51,card,success,,3,3,3,394,False,,False,0.0
CUST_02630,TXN_002518,52.35,card,success,,1,5,1,823,False,,False,0.0
CUST_00717,TXN_002519,68.45,upi,success,,3,9,1,789,False,,False,0.0
CUST_04983,TXN_002520,17.97,card,success,,2,8,1,1087,False,,False,0.0
CUST_02213,TXN_002521,33.59,upi,success,,2,3,0,672,False,,False,0.0
CUST_00221,TXN_002522,38.37,wallet,success,,1,10,1,1149,False,,False,0.0
CUST_01050,TXN_002523,114.17,card,success,,3,5,0,249,False,,False,0.0
CUST_02006,TXN_002524,10.12,upi,success,,2,4,1,903,False,,False,0.0
CUST_00312,TXN_002525,15.98,card,success,,1,7,3,516,False,,False,0.0
CUST_01620,TXN_002526,312.18,netbanking,success,,2,4,2,42,False,,False,0.0
CUST_02342,TXN_002527,26.62,card,failed,insufficient_funds,3,7,1,1153,False,,False,0.0
CUST_04743,TXN_002528,7.3,upi,failed,expired_card,3,9,0,9,True,send_reminder,True,7.3
CUST_00432,TXN_002529,20.78,card,success,,1,7,2,1303,False,,False,0.0
CUST_02884,TXN_002530,3.61,card,success,,3,6,0,741,False,,False,0.0
CUST_04578,TXN_002531,40.15,card,success,,1,8,0,923,False,,False,0.0
CUST_04031,TXN_002532,63.3,card,success,,2,7,1,256,False,,False,0.0
CUST_04624,TXN_002533,15.97,netbanking,success,,2,2,1,946,False,,False,0.0
CUST_00852,TXN_002534,22.72,card,success,,2,8,2,407,False,,False,0.0
CUST_04006,TXN_002535,69.33,wallet,success,,1,10,2,286,False,,False,0.0
CUST_04893,TXN_002536,8.16,upi,success,,1,6,1,1278,False,,False,0.0
CUST_01630,TXN_002537,11.5,card,success,,1,9,4,568,False,,False,0.0
CUST_02493,TXN_002538,27.59,card,success,,2,13,0,1042,False,,False,0.0
CUST_02654,TXN_002539,18.14,card,success,,3,13,1,759,False,,False,0.0
CUST_02468,TXN_002540,26.18,netbanking,success,,1,4,1,719,False,,False,0.0
CUST_01449,TXN_002541,12.05,card,success,,3,11,1,777,False,,False,0.0
CUST_04854,TXN_002542,39.31,netbanking,failed,network_error,1,8,4,1471,True,send_reminder,True,39.31
CUST_04782,TXN_002543,29.39,card,success,,2,2,1,120,False,,False,0.0
CUST_01904,TXN_002544,51.39,card,success,,3,7,1,1081,False,,False,0.0
CUST_04026,TXN_002545,38.87,card,success,,3,3,1,1020,False,,False,0.0
CUST_01988,TXN_002546,39.07,upi,success,,3,7,2,143,False,,False,0.0
CUST_03974,TXN_002547,10.41,upi,failed,authentication_failed,2,9,2,823,False,,False,0.0
CUST_02924,TXN_002548,49.11,wallet,success,,2,10,1,1320,False,,False,0.0
CUST_02351,TXN_002549,25.41,card,success,,3,8,1,374,False,,False,0.0
CUST_00641,TXN_002550,28.98,card,success,,1,12,0,664,False,,False,0.0
CUST_03273,TXN_002551,76.6,netbanking,success,,3,11,0,1352,False,,False,0.0
CUST_01606,TXN_002552,18.62,upi,success,,1,8,1,424,False,,False,0.0
CUST_01085,TXN_002553,97.61,netbanking,success,,1,7,1,721,False,,False,0.0
CUST_00966,TXN_002554,105.17,card,success,,1,5,1,801,False,,False,0.0
CUST_04909,TXN_002555,60.47,upi,success,,1,9,1,1174,False,,False,0.0
CUST_00517,TXN_002556,15.11,card,success,,3,6,2,138,False,,False,0.0
CUST_03992,TXN_002557,5.76,wallet,success,,1,7,1,914,False,,False,0.0
CUST_04330,TXN_002558,78.5,card,success,,2,4,2,1474,False,,False,0.0
CUST_00156,TXN_002559,36.2,netbanking,success,,3,7,2,352,False,,False,0.0
CUST_02947,TXN_002560,18.24,card,success,,3,8,0,99,False,,False,0.0
CUST_02887,TXN_002561,84.68,netbanking,success,,2,7,2,1256,False,,False,0.0
CUST_01794,TXN_002562,16.62,netbanking,success,,2,4,0,29,False,,False,0.0
CUST_03333,TXN_002563,23.59,netbanking,success,,2,11,1,1425,False,,False,0.0
CUST_02043,TXN_002564,50.4,upi,success,,2,13,1,1058,False,,False,0.0
CUST_02199,TXN_002565,13.59,card,success,,1,9,2,851,False,,False,0.0
CUST_02158,TXN_002566,30.34,netbanking,success,,3,7,1,31,False,,False,0.0
CUST_04003,TXN_002567,79.15,upi,success,,3,8,1,948,False,,False,0.0
CUST_03166,TXN_002568,39.21,upi,success,,1,7,3,732,False,,False,0.0
CUST_01895,TXN_002569,89.83,card,success,,3,13,0,148,False,,False,0.0
CUST_04633,TXN_002570,82.01,card,success,,3,12,1,244,False,,False,0.0
CUST_04010,TXN_002571,33.32,card,success,,1,8,2,869,False,,False,0.0
CUST_04663,TXN_002572,5.11,upi,success,,3,10,3,441,False,,False,0.0
CUST_03652,TXN_002573,13.67,card,failed,expired_card,2,6,0,180,False,,False,0.0
CUST_01958,TXN_002574,60.99,card,failed,insufficient_funds,1,8,0,636,True,update_payment_method,False,0.0
CUST_03864,TXN_002575,9.58,netbanking,failed,insufficient_funds,1,4,0,308,False,,False,0.0
CUST_01646,TXN_002576,25.5,upi,failed,network_error,1,14,1,1237,True,retry_payment,True,25.5
CUST_01355,TXN_002577,43.41,netbanking,success,,2,5,1,309,False,,False,0.0
CUST_02255,TXN_002578,107.3,card,success,,2,10,2,515,False,,False,0.0
CUST_04846,TXN_002579,20.9,card,success,,1,7,1,863,False,,False,0.0
CUST_02840,TXN_002580,19.79,upi,success,,3,10,1,431,False,,False,0.0
CUST_01919,TXN_002581,31.75,card,success,,1,11,0,674,False,,False,0.0
CUST_02309,TXN_002582,43.85,upi,failed,card_declined,3,4,0,1309,True,retry_payment,False,0.0
CUST_01456,TXN_002583,29.27,card,success,,1,4,2,6,False,,False,0.0
CUST_03294,TXN_002584,76.66,upi,failed,card_declined,1,10,4,1215,False,,False,0.0
CUST_01752,TXN_002585,17.47,card,success,,2,4,1,564,False,,False,0.0
CUST_02772,TXN_002586,36.46,upi,success,,3,5,0,1257,False,,False,0.0
CUST_01849,TXN_002587,47.28,netbanking,success,,2,8,2,248,False,,False,0.0
CUST_01604,TXN_002588,24.04,card,failed,authentication_failed,3,11,1,471,True,update_payment_method,True,24.04
CUST_04851,TXN_002589,64.83,upi,success,,2,7,0,564,False,,False,0.0
CUST_01729,TXN_002590,37.31,upi,success,,3,5,4,905,False,,False,0.0
CUST_00353,TXN_002591,62.24,upi,success,,3,7,0,401,False,,False,0.0
CUST_01893,TXN_002592,38.68,card,success,,1,9,2,1029,False,,False,0.0
CUST_02661,TXN_002593,44.75,card,success,,2,6,1,1146,False,,False,0.0
CUST_00474,TXN_002594,19.97,netbanking,success,,3,11,3,1474,False,,False,0.0
CUST_01529,TXN_002595,19.99,upi,failed,insufficient_funds,3,6,6,1256,True,offer_support,False,0.0
CUST_00831,TXN_002596,88.19,upi,success,,3,8,1,1105,False,,False,0.0
CUST_02503,TXN_002597,55.06,card,failed,network_error,3,10,1,218,False,,False,0.0
CUST_03615,TXN_002598,14.61,wallet,success,,2,7,3,881,False,,False,0.0
CUST_04842,TXN_002599,38.27,card,success,,2,5,3,860,False,,False,0.0
CUST_01946,TXN_002600,4.96,card,failed,network_error,1,5,0,178,True,retry_payment,True,4.96
CUST_04316,TXN_002601,20.92,upi,success,,1,8,0,600,False,,False,0.0
CUST_01073,TXN_002602,71.44,upi,success,,1,5,3,637,False,,False,0.0
CUST_03902,TXN_002603,29.96,upi,failed,insufficient_funds,3,3,0,1307,False,,False,0.0
CUST_02813,TXN_002604,36.39,card,success,,2,9,1,807,False,,False,0.0
CUST_03791,TXN_002605,2.97,card,success,,2,7,0,1217,False,,False,0.0
CUST_03777,TXN_002606,24.2,upi,success,,3,6,2,1300,False,,False,0.0
CUST_02662,TXN_002607,43.41,card,success,,1,6,3,304,False,,False,0.0
CUST_01287,TXN_002608,48.05,upi,success,,3,7,1,555,False,,False,0.0
CUST_02631,TXN_002609,71.51,upi,success,,2,7,1,1088,False,,False,0.0
CUST_04134,TXN_002610,27.99,card,success,,3,6,1,231,False,,False,0.0
CUST_04853,TXN_002611,29.01,upi,success,,3,12,0,1062,False,,False,0.0
CUST_04637,TXN_002612,11.41,netbanking,success,,2,8,1,334,False,,False,0.0
CUST_00908,TXN_002613,28.12,netbanking,success,,3,4,1,1148,False,,False,0.0
CUST_02987,TXN_002614,12.07,card,success,,3,5,3,977,False,,False,0.0
CUST_00523,TXN_002615,7.55,upi,success,,2,11,0,839,False,,False,0.0
CUST_03345,TXN_002616,13.9,wallet,success,,3,9,1,228,False,,False,0.0
CUST_04961,TXN_002617,110.71,upi,success,,3,10,0,1352,False,,False,0.0
CUST_00263,TXN_002618,26.67,card,success,,1,4,2,1054,False,,False,0.0
CUST_03283,TXN_002619,39.48,card,failed,card_declined,2,10,1,1419,True,update_payment_method,True,39.48
CUST_04727,TXN_002620,21.96,upi,failed,insufficient_funds,1,10,0,28,True,send_reminder,True,21.96
CUST_04236,TXN_002621,7.91,netbanking,success,,2,6,0,868,False,,False,0.0
CUST_01963,TXN_002622,70.03,wallet,success,,3,7,1,1063,False,,False,0.0
CUST_00520,TXN_002623,5.83,wallet,success,,1,6,0,1155,False,,False,0.0
CUST_04619,TXN_002624,21.25,card,success,,2,6,2,362,False,,False,0.0
CUST_04606,TXN_002625,31.7,upi,success,,2,9,1,188,False,,False,0.0
CUST_02895,TXN_002626,39.82,card,success,,1,4,0,1398,False,,False,0.0
CUST_04894,TXN_002627,18.52,card,success,,3,8,3,1447,False,,False,0.0
CUST_00024,TXN_002628,7.61,card,success,,3,6,3,908,False,,False,0.0
CUST_03083,TXN_002629,17.45,wallet,failed,network_error,1,6,0,322,True,retry_payment,True,17.45
CUST_00193,TXN_002630,18.19,card,success,,1,6,0,1311,False,,False,0.0
CUST_04678,TXN_002631,17.84,upi,success,,1,8,3,1223,False,,False,0.0
CUST_03402,TXN_002632,71.96,card,failed,insufficient_funds,2,6,2,1237,True,send_reminder,True,71.96
CUST_04567,TXN_002633,12.54,card,success,,3,6,0,803,False,,False,0.0
CUST_02813,TXN_002634,42.13,upi,success,,3,6,0,760,False,,False,0.0
CUST_00417,TXN_002635,37.59,card,success,,2,6,2,1432,False,,False,0.0
CUST_00133,TXN_002636,71.4,card,success,,1,9,0,922,False,,False,0.0
CUST_01678,TXN_002637,29.77,upi,success,,1,7,1,1490,False,,False,0.0
CUST_03717,TXN_002638,62.36,netbanking,success,,1,8,1,1437,False,,False,0.0
CUST_00756,TXN_002639,28.85,upi,success,,2,10,2,891,False,,False,0.0
CUST_04260,TXN_002640,46.88,netbanking,success,,2,4,3,142,False,,False,0.0
CUST_01198,TXN_002641,9.95,card,success,,1,10,2,86,False,,False,0.0
CUST_02482,TXN_002642,4.01,card,success,,3,4,0,921,False,,False,0.0
CUST_01016,TXN_002643,44.79,card,success,,3,12,1,944,False,,False,0.0
CUST_02329,TXN_002644,46.76,wallet,success,,1,14,0,664,False,,False,0.0
CUST_02261,TXN_002645,48.44,card,success,,3,11,1,150,False,,False,0.0
CUST_00028,TXN_002646,21.76,card,success,,2,6,0,1077,False,,False,0.0
CUST_02839,TXN_002647,109.05,wallet,success,,3,12,1,294,False,,False,0.0
CUST_03933,TXN_002648,22.92,wallet,success,,2,15,3,390,False,,False,0.0
CUST_04681,TXN_002649,46.37,card,success,,2,7,3,968,False,,False,0.0
CUST_01654,TXN_002650,53.29,netbanking,success,,3,7,0,493,False,,False,0.0
CUST_04403,TXN_002651,130.97,card,success,,1,12,1,719,False,,False,0.0
CUST_04393,TXN_002652,25.7,upi,success,,3,8,0,1489,False,,False,0.0
CUST_04941,TXN_002653,19.64,upi,success,,3,3,5,452,False,,False,0.0
CUST_01865,TXN_002654,9.99,wallet,success,,1,11,2,444,False,,False,0.0
CUST_04254,TXN_002655,114.65,card,failed,network_error,3,5,0,883,True,update_payment_method,True,114.65
CUST_02825,TXN_002656,46.39,netbanking,success,,1,8,4,396,False,,False,0.0
CUST_00292,TXN_002657,47.58,card,success,,2,9,2,942,False,,False,0.0
CUST_01352,TXN_002658,400.76,upi,failed,insufficient_funds,1,8,6,1420,True,retry_payment,True,400.76
CUST_03360,TXN_002659,42.95,upi,success,,2,9,3,1165,False,,False,0.0
CUST_00803,TXN_002660,11.68,netbanking,success,,1,9,2,209,False,,False,0.0
CUST_02174,TXN_002661,28.31,wallet,success,,3,7,1,1470,False,,False,0.0
CUST_03874,TXN_002662,15.18,netbanking,success,,1,15,1,1013,False,,False,0.0
CUST_00749,TXN_002663,24.13,upi,success,,2,5,4,575,False,,False,0.0
CUST_02483,TXN_002664,24.0,card,success,,3,5,1,277,False,,False,0.0
CUST_01075,TXN_002665,20.71,wallet,success,,1,6,2,1050,False,,False,0.0
CUST_02682,TXN_002666,10.86,upi,success,,3,14,3,581,False,,False,0.0
CUST_01204,TXN_002667,118.39,card,success,,2,7,1,1149,False,,False,0.0
CUST_04827,TXN_002668,42.06,upi,success,,1,9,0,559,False,,False,0.0
CUST_00384,TXN_002669,27.65,card,success,,3,4,2,1058,False,,False,0.0
CUST_04817,TXN_002670,60.71,upi,success,,3,11,2,983,False,,False,0.0
CUST_03959,TXN_002671,48.27,card,success,,3,10,1,836,False,,False,0.0
CUST_04278,TXN_002672,41.29,card,success,,2,11,2,1293,False,,False,0.0
CUST_04257,TXN_002673,57.28,wallet,success,,1,9,1,1090,False,,False,0.0
CUST_00938,TXN_002674,36.86,wallet,success,,3,7,1,301,False,,False,0.0
CUST_04655,TXN_002675,56.61,upi,failed,authentication_failed,3,11,0,1281,True,update_payment_method,False,0.0
CUST_02971,TXN_002676,60.49,wallet,success,,3,6,0,536,False,,False,0.0
CUST_04810,TXN_002677,37.72,card,success,,3,10,2,212,False,,False,0.0
CUST_04390,TXN_002678,27.76,card,success,,1,5,0,854,False,,False,0.0
CUST_02898,TXN_002679,112.65,wallet,success,,2,13,0,115,False,,False,0.0
CUST_01872,TXN_002680,22.59,upi,success,,2,11,0,1494,False,,False,0.0
CUST_00587,TXN_002681,45.29,netbanking,success,,3,12,0,121,False,,False,0.0
CUST_00506,TXN_002682,46.11,card,success,,1,9,0,100,False,,False,0.0
CUST_01949,TXN_002683,20.34,card,success,,1,9,1,510,False,,False,0.0
CUST_04055,TXN_002684,17.35,card,success,,3,4,3,611,False,,False,0.0
CUST_02527,TXN_002685,24.95,wallet,success,,3,9,2,361,False,,False,0.0
CUST_02409,TXN_002686,22.34,card,success,,1,14,1,897,False,,False,0.0
CUST_01223,TXN_002687,10.31,upi,success,,1,11,2,732,False,,False,0.0
CUST_02822,TXN_002688,19.66,card,success,,2,2,1,38,False,,False,0.0
CUST_03190,TXN_002689,40.98,upi,success,,1,6,2,675,False,,False,0.0
CUST_04910,TXN_002690,91.17,card,success,,1,8,1,1197,False,,False,0.0
CUST_03647,TXN_002691,51.6,netbanking,success,,2,11,1,297,False,,False,0.0
CUST_03036,TXN_002692,4.14,upi,success,,2,7,1,43,False,,False,0.0
CUST_04550,TXN_002693,55.31,card,success,,1,12,2,77,False,,False,0.0
CUST_02125,TXN_002694,21.19,card,success,,2,7,1,1159,False,,False,0.0
CUST_04674,TXN_002695,47.58,card,success,,3,10,2,957,False,,False,0.0
CUST_01850,TXN_002696,32.74,upi,success,,3,11,0,423,False,,False,0.0
CUST_00639,TXN_002697,28.38,netbanking,failed,network_error,3,14,2,746,True,offer_support,True,28.38
CUST_02088,TXN_002698,30.51,card,success,,1,7,3,665,False,,False,0.0
CUST_00644,TXN_002699,32.53,upi,success,,2,5,3,1367,False,,False,0.0
CUST_00592,TXN_002700,97.08,card,success,,1,5,2,337,False,,False,0.0
CUST_04406,TXN_002701,32.6,netbanking,success,,2,10,3,1033,False,,False,0.0
CUST_03973,TXN_002702,78.92,wallet,success,,1,9,2,957,False,,False,0.0
CUST_01106,TXN_002703,70.24,netbanking,success,,2,7,1,136,False,,False,0.0
CUST_04188,TXN_002704,56.47,card,success,,1,9,2,162,False,,False,0.0
CUST_00345,TXN_002705,7.93,card,success,,3,9,0,836,False,,False,0.0
CUST_01422,TXN_002706,80.91,wallet,success,,1,7,1,423,False,,False,0.0
CUST_03530,TXN_002707,22.96,card,success,,1,8,0,837,False,,False,0.0
CUST_01519,TXN_002708,58.71,upi,success,,2,8,3,427,False,,False,0.0
CUST_03652,TXN_002709,15.21,wallet,success,,2,3,3,1456,False,,False,0.0
CUST_04371,TXN_002710,12.83,netbanking,success,,2,12,1,169,False,,False,0.0
CUST_00331,TXN_002711,160.95,upi,success,,3,10,3,698,False,,False,0.0
CUST_00120,TXN_002712,15.4,upi,success,,3,7,2,822,False,,False,0.0
CUST_04700,TXN_002713,82.84,wallet,failed,authentication_failed,2,4,0,391,True,offer_support,False,0.0
CUST_02602,TXN_002714,36.41,card,success,,2,10,0,786,False,,False,0.0
CUST_02532,TXN_002715,23.66,wallet,success,,2,11,2,1047,False,,False,0.0
CUST_02318,TXN_002716,31.95,card,success,,1,2,0,1242,False,,False,0.0
CUST_02168,TXN_002717,11.69,netbanking,success,,2,3,2,868,False,,False,0.0
CUST_03450,TXN_002718,32.75,wallet,success,,3,8,0,867,False,,False,0.0
CUST_02899,TXN_002719,13.93,upi,success,,3,7,0,11,False,,False,0.0
CUST_00817,TXN_002720,24.13,card,success,,1,11,0,1216,False,,False,0.0
CUST_03133,TXN_002721,69.42,card,success,,1,9,3,488,False,,False,0.0
CUST_03341,TXN_002722,40.58,netbanking,success,,3,9,1,704,False,,False,0.0
CUST_00568,TXN_002723,10.12,upi,success,,3,9,3,774,False,,False,0.0
CUST_01884,TXN_002724,65.44,card,failed,expired_card,2,8,0,159,True,send_reminder,True,65.44
CUST_03952,TXN_002725,32.93,netbanking,success,,3,2,1,1329,False,,False,0.0
CUST_03093,TXN_002726,21.46,wallet,success,,1,5,4,589,False,,False,0.0
CUST_00682,TXN_002727,60.18,netbanking,success,,3,5,0,296,False,,False,0.0
CUST_00201,TXN_002728,28.97,upi,success,,3,4,1,393,False,,False,0.0
CUST_02906,TXN_002729,13.03,wallet,success,,2,5,1,896,False,,False,0.0
CUST_02309,TXN_002730,145.22,netbanking,success,,2,6,0,1367,False,,False,0.0
CUST_04805,TXN_002731,32.66,card,failed,authentication_failed,1,5,0,865,False,,False,0.0
CUST_02611,TXN_002732,31.03,wallet,success,,3,5,2,431,False,,False,0.0
CUST_04657,TXN_002733,23.95,upi,success,,3,8,2,1314,False,,False,0.0
CUST_01072,TXN_002734,85.11,wallet,success,,2,15,2,1235,False,,False,0.0
CUST_02237,TXN_002735,21.76,netbanking,failed,expired_card,1,13,1,929,True,retry_payment,False,0.0
CUST_00698,TXN_002736,9.62,upi,success,,2,10,5,844,False,,False,0.0
CUST_02871,TXN_002737,19.24,card,failed,card_declined,2,2,2,697,True,update_payment_method,False,0.0
CUST_00943,TXN_002738,95.72,card,success,,2,9,0,1359,False,,False,0.0
CUST_02461,TXN_002739,64.44,card,success,,3,17,1,1052,False,,False,0.0
CUST_01721,TXN_002740,27.0,upi,success,,2,13,3,393,False,,False,0.0
CUST_00929,TXN_002741,99.35,netbanking,success,,1,7,1,579,False,,False,0.0
CUST_00484,TXN_002742,60.24,card,success,,3,11,0,566,False,,False,0.0
CUST_02560,TXN_002743,26.76,card,success,,3,7,2,1355,False,,False,0.0
CUST_04736,TXN_002744,29.0,upi,success,,1,9,1,395,False,,False,0.0
CUST_00994,TXN_002745,43.1,card,failed,expired_card,3,7,2,32,True,update_payment_method,True,43.1
CUST_02025,TXN_002746,17.02,card,success,,2,6,3,808,False,,False,0.0
CUST_01123,TXN_002747,33.24,card,success,,3,15,2,1206,False,,False,0.0
CUST_04045,TXN_002748,42.39,upi,success,,1,5,1,1423,False,,False,0.0
CUST_02075,TXN_002749,8.59,upi,success,,1,8,0,1093,False,,False,0.0
CUST_04872,TXN_002750,28.46,netbanking,success,,2,10,1,99,False,,False,0.0
CUST_01226,TXN_002751,25.99,card,success,,1,10,1,583,False,,False,0.0
CUST_00404,TXN_002752,75.37,card,success,,1,6,1,694,False,,False,0.0
CUST_02913,TXN_002753,7.57,netbanking,failed,insufficient_funds,1,9,1,516,True,update_payment_method,False,0.0
CUST_03258,TXN_002754,24.41,wallet,success,,2,7,0,1160,False,,False,0.0
CUST_04953,TXN_002755,22.52,card,success,,3,10,1,632,False,,False,0.0
CUST_04357,TXN_002756,71.38,netbanking,failed,insufficient_funds,2,8,3,491,True,retry_payment,False,0.0
CUST_04420,TXN_002757,31.98,netbanking,failed,insufficient_funds,3,5,1,104,True,send_reminder,True,31.98
CUST_03171,TXN_002758,139.33,wallet,success,,3,13,1,194,False,,False,0.0
CUST_01799,TXN_002759,56.25,card,success,,1,9,0,60,False,,False,0.0
CUST_02145,TXN_002760,23.85,card,success,,3,11,1,921,False,,False,0.0
CUST_00669,TXN_002761,40.11,card,success,,1,8,0,498,False,,False,0.0
CUST_02155,TXN_002762,24.95,netbanking,success,,1,9,2,505,False,,False,0.0
CUST_01822,TXN_002763,65.86,netbanking,success,,2,10,1,81,False,,False,0.0
CUST_00180,TXN_002764,11.41,upi,success,,2,9,2,1472,False,,False,0.0
CUST_01023,TXN_002765,17.13,card,success,,1,7,1,1158,False,,False,0.0
CUST_02673,TXN_002766,47.68,card,failed,expired_card,2,6,0,549,True,offer_support,True,47.68
CUST_01847,TXN_002767,88.29,upi,failed,authentication_failed,2,11,3,136,False,,False,0.0
CUST_04967,TXN_002768,5.69,wallet,success,,2,4,1,625,False,,False,0.0
CUST_02393,TXN_002769,99.44,card,success,,3,5,1,1239,False,,False,0.0
CUST_04793,TXN_002770,29.6,upi,success,,2,6,1,1075,False,,False,0.0
CUST_03303,TXN_002771,7.34,upi,success,,2,5,1,1330,False,,False,0.0
CUST_00202,TXN_002772,3.0,netbanking,success,,1,8,0,70,False,,False,0.0
CUST_01018,TXN_002773,9.74,netbanking,success,,3,5,3,805,False,,False,0.0
CUST_03529,TXN_002774,32.6,card,success,,2,3,0,713,False,,False,0.0
CUST_02726,TXN_002775,31.41,upi,success,,1,10,0,763,False,,False,0.0
CUST_01509,TXN_002776,54.96,netbanking,success,,1,6,1,526,False,,False,0.0
CUST_02610,TXN_002777,21.34,wallet,success,,3,9,2,138,False,,False,0.0
CUST_04515,TXN_002778,13.65,upi,success,,1,8,2,504,False,,False,0.0
CUST_01944,TXN_002779,23.8,card,success,,1,14,2,163,False,,False,0.0
CUST_00226,TXN_002780,34.02,upi,success,,3,11,2,264,False,,False,0.0
CUST_01555,TXN_002781,39.83,upi,failed,expired_card,2,12,2,519,False,,False,0.0
CUST_04679,TXN_002782,17.61,card,success,,3,10,3,597,False,,False,0.0
CUST_03809,TXN_002783,68.11,wallet,success,,2,11,3,532,False,,False,0.0
CUST_04187,TXN_002784,20.14,card,success,,2,4,0,1466,False,,False,0.0
CUST_04558,TXN_002785,16.51,wallet,failed,card_declined,3,12,1,230,True,send_reminder,False,0.0
CUST_00588,TXN_002786,21.46,card,success,,1,7,1,665,False,,False,0.0
CUST_01414,TXN_002787,78.25,card,success,,2,2,1,1457,False,,False,0.0
CUST_00300,TXN_002788,29.78,upi,success,,2,9,0,273,False,,False,0.0
CUST_00024,TXN_002789,19.0,upi,success,,3,3,3,601,False,,False,0.0
CUST_04173,TXN_002790,69.47,netbanking,failed,network_error,2,8,3,752,False,,False,0.0
CUST_04684,TXN_002791,183.86,upi,success,,3,9,4,1062,False,,False,0.0
CUST_00779,TXN_002792,39.16,card,success,,3,8,1,124,False,,False,0.0
CUST_03611,TXN_002793,88.86,wallet,failed,expired_card,3,3,0,1157,False,,False,0.0
CUST_02674,TXN_002794,75.86,upi,success,,3,10,1,930,False,,False,0.0
CUST_00347,TXN_002795,20.4,card,success,,3,6,2,979,False,,False,0.0
CUST_04578,TXN_002796,33.83,netbanking,success,,2,13,2,1289,False,,False,0.0
CUST_04356,TXN_002797,11.87,card,success,,3,7,0,150,False,,False,0.0
CUST_02837,TXN_002798,28.11,card,failed,card_declined,2,1,3,180,True,retry_payment,False,0.0
CUST_03539,TXN_002799,20.07,upi,success,,2,7,1,84,False,,False,0.0
CUST_01986,TXN_002800,23.99,upi,success,,1,2,1,721,False,,False,0.0
CUST_03964,TXN_002801,18.18,upi,failed,expired_card,3,8,2,1024,True,send_reminder,True,18.18
CUST_02225,TXN_002802,26.32,wallet,success,,3,10,1,1151,False,,False,0.0
CUST_04945,TXN_002803,50.69,card,success,,1,8,0,1081,False,,False,0.0
CUST_00316,TXN_002804,30.1,wallet,success,,2,13,2,456,False,,False,0.0
CUST_00861,TXN_002805,7.45,card,success,,2,7,3,517,False,,False,0.0
CUST_04843,TXN_002806,18.23,card,success,,3,8,1,562,False,,False,0.0
CUST_01444,TXN_002807,9.82,card,success,,1,10,0,1029,False,,False,0.0
CUST_01553,TXN_002808,40.26,card,success,,3,6,3,796,False,,False,0.0
CUST_03956,TXN_002809,49.53,card,success,,1,7,3,333,False,,False,0.0
CUST_00947,TXN_002810,40.66,netbanking,success,,1,8,2,590,False,,False,0.0
CUST_02568,TXN_002811,17.64,netbanking,success,,1,9,0,939,False,,False,0.0
CUST_01430,TXN_002812,40.35,upi,success,,3,6,2,1330,False,,False,0.0
CUST_00990,TXN_002813,22.74,card,success,,2,7,1,1080,False,,False,0.0
CUST_04821,TXN_002814,13.32,netbanking,success,,3,7,3,799,False,,False,0.0
CUST_01000,TXN_002815,59.95,card,success,,2,8,1,301,False,,False,0.0
CUST_00472,TXN_002816,63.72,upi,failed,expired_card,2,14,0,1473,False,,False,0.0
CUST_03370,TXN_002817,70.75,upi,failed,expired_card,1,6,1,1096,True,offer_support,True,70.75
CUST_04336,TXN_002818,20.35,card,success,,1,3,2,687,False,,False,0.0
CUST_00638,TXN_002819,85.07,upi,failed,card_declined,3,7,2,749,True,send_reminder,True,85.07
CUST_03539,TXN_002820,22.31,wallet,success,,1,7,1,639,False,,False,0.0
CUST_02704,TXN_002821,55.86,card,failed,network_error,3,5,2,335,True,offer_support,False,0.0
CUST_04150,TXN_002822,22.01,upi,failed,card_declined,1,14,1,1158,True,offer_support,True,22.01
CUST_00635,TXN_002823,27.68,wallet,success,,3,8,1,429,False,,False,0.0
CUST_04879,TXN_002824,4.77,card,success,,2,6,1,998,False,,False,0.0
CUST_03095,TXN_002825,26.01,card,success,,1,12,0,45,False,,False,0.0
CUST_04210,TXN_002826,35.62,upi,success,,1,8,3,1496,False,,False,0.0
CUST_01810,TXN_002827,23.85,netbanking,success,,3,7,2,1251,False,,False,0.0
CUST_04716,TXN_002828,134.96,card,success,,3,5,2,1043,False,,False,0.0
CUST_03132,TXN_002829,13.07,upi,success,,2,9,2,242,False,,False,0.0
CUST_00635,TXN_002830,21.1,card,success,,2,7,1,107,False,,False,0.0
CUST_04614,TXN_002831,16.06,wallet,failed,expired_card,3,5,0,900,False,,False,0.0
CUST_03979,TXN_002832,21.09,netbanking,success,,2,8,1,481,False,,False,0.0
CUST_01501,TXN_002833,75.58,upi,success,,1,10,1,883,False,,False,0.0
CUST_02728,TXN_002834,108.03,wallet,success,,3,10,1,1356,False,,False,0.0
CUST_01940,TXN_002835,18.9,upi,success,,3,7,1,758,False,,False,0.0
CUST_02717,TXN_002836,18.57,wallet,failed,card_declined,2,11,3,697,True,retry_payment,False,0.0
CUST_04826,TXN_002837,13.12,card,success,,1,10,0,1262,False,,False,0.0
CUST_04494,TXN_002838,94.16,card,success,,2,9,1,119,False,,False,0.0
CUST_01078,TXN_002839,81.19,netbanking,success,,3,14,3,234,False,,False,0.0
CUST_04859,TXN_002840,30.42,card,success,,3,6,1,318,False,,False,0.0
CUST_02190,TXN_002841,10.84,card,success,,3,9,0,930,False,,False,0.0
CUST_03524,TXN_002842,11.64,netbanking,success,,2,7,1,1098,False,,False,0.0
CUST_03821,TXN_002843,37.96,upi,success,,3,7,1,252,False,,False,0.0
CUST_02415,TXN_002844,51.39,card,success,,2,12,1,299,False,,False,0.0
CUST_02283,TXN_002845,6.34,card,success,,1,7,0,1238,False,,False,0.0
CUST_02282,TXN_002846,25.61,card,success,,2,12,2,1113,False,,False,0.0
CUST_04312,TXN_002847,120.86,card,success,,1,5,3,826,False,,False,0.0
CUST_01932,TXN_002848,27.83,card,success,,3,6,0,966,False,,False,0.0
CUST_01400,TXN_002849,109.04,upi,success,,1,12,0,1079,False,,False,0.0
CUST_01808,TXN_002850,55.66,netbanking,success,,3,6,1,854,False,,False,0.0
CUST_00975,TXN_002851,13.91,card,failed,insufficient_funds,1,10,1,1045,True,retry_payment,True,13.91
CUST_01958,TXN_002852,26.2,card,success,,2,10,0,969,False,,False,0.0
CUST_00571,TXN_002853,29.88,upi,success,,1,5,3,65,False,,False,0.0
CUST_00449,TXN_002854,15.46,card,failed,network_error,1,8,1,1401,False,,False,0.0
CUST_03619,TXN_002855,15.24,card,success,,3,6,2,541,False,,False,0.0
CUST_00388,TXN_002856,110.54,card,success,,3,17,1,572,False,,False,0.0
CUST_02841,TXN_002857,15.15,upi,success,,3,13,1,424,False,,False,0.0
CUST_03899,TXN_002858,78.47,card,success,,2,13,1,1016,False,,False,0.0
CUST_03622,TXN_002859,23.36,card,success,,3,11,0,428,False,,False,0.0
CUST_02230,TXN_002860,32.44,upi,success,,3,3,1,250,False,,False,0.0
CUST_00968,TXN_002861,51.91,netbanking,success,,3,9,1,1392,False,,False,0.0
CUST_04653,TXN_002862,20.51,upi,success,,1,13,0,754,False,,False,0.0
CUST_04175,TXN_002863,52.16,wallet,success,,3,6,2,537,False,,False,0.0
CUST_03061,TXN_002864,6.44,upi,success,,2,2,3,376,False,,False,0.0
CUST_00434,TXN_002865,47.08,card,success,,3,7,2,125,False,,False,0.0
CUST_00176,TXN_002866,4.6,card,success,,3,8,4,82,False,,False,0.0
CUST_01576,TXN_002867,27.62,card,success,,2,9,0,516,False,,False,0.0
CUST_00788,TXN_002868,65.59,card,success,,3,10,1,1144,False,,False,0.0
CUST_04301,TXN_002869,54.48,card,success,,3,8,0,623,False,,False,0.0
CUST_01029,TXN_002870,11.72,card,success,,1,8,2,676,False,,False,0.0
CUST_01413,TXN_002871,12.99,upi,success,,3,7,1,140,False,,False,0.0
CUST_04878,TXN_002872,19.09,upi,success,,3,5,2,1104,False,,False,0.0
CUST_04091,TXN_002873,38.44,card,success,,1,8,2,436,False,,False,0.0
CUST_01094,TXN_002874,6.52,upi,success,,1,7,2,284,False,,False,0.0
CUST_01918,TXN_002875,32.77,card,success,,2,4,1,869,False,,False,0.0
CUST_02579,TXN_002876,42.48,upi,success,,2,9,0,183,False,,False,0.0
CUST_03321,TXN_002877,26.41,upi,success,,1,8,2,52,False,,False,0.0
CUST_04680,TXN_002878,50.41,card,success,,1,8,2,132,False,,False,0.0
CUST_04355,TXN_002879,39.61,card,success,,2,11,3,188,False,,False,0.0
CUST_04885,TXN_002880,21.47,wallet,success,,1,11,0,1341,False,,False,0.0
CUST_00204,TXN_002881,7.04,upi,success,,1,11,2,618,False,,False,0.0
CUST_01182,TXN_002882,36.85,upi,success,,1,8,0,145,False,,False,0.0
CUST_02815,TXN_002883,15.45,card,success,,1,11,1,780,False,,False,0.0
CUST_00246,TXN_002884,20.85,card,success,,2,8,0,298,False,,False,0.0
CUST_01777,TXN_002885,48.58,card,success,,2,6,0,11,False,,False,0.0
CUST_00768,TXN_002886,102.91,wallet,failed,authentication_failed,3,6,1,264,False,,False,0.0
CUST_04664,TXN_002887,32.12,card,success,,2,9,1,256,False,,False,0.0
CUST_00317,TXN_002888,51.59,card,success,,1,9,1,1182,False,,False,0.0
CUST_00742,TXN_002889,10.43,wallet,success,,3,8,1,1457,False,,False,0.0
CUST_00976,TXN_002890,40.3,upi,success,,2,8,1,1257,False,,False,0.0
CUST_00743,TXN_002891,31.57,card,success,,2,12,3,947,False,,False,0.0
CUST_02843,TXN_002892,88.53,upi,success,,2,8,0,555,False,,False,0.0
CUST_01822,TXN_002893,21.49,upi,success,,2,7,0,81,False,,False,0.0
CUST_04562,TXN_002894,27.29,wallet,success,,3,8,4,586,False,,False,0.0
CUST_01304,TXN_002895,77.25,card,success,,2,5,3,807,False,,False,0.0
CUST_02686,TXN_002896,30.76,netbanking,success,,3,7,1,993,False,,False,0.0
CUST_03300,TXN_002897,13.64,card,success,,1,14,1,757,False,,False,0.0
CUST_03130,TXN_002898,255.01,netbanking,success,,3,10,2,1477,False,,False,0.0
CUST_03982,TXN_002899,13.97,netbanking,success,,3,7,2,1380,False,,False,0.0
CUST_01010,TXN_002900,31.44,netbanking,success,,3,13,2,245,False,,False,0.0
CUST_02537,TXN_002901,43.7,netbanking,success,,1,7,3,407,False,,False,0.0
CUST_04003,TXN_002902,41.02,upi,success,,2,8,5,280,False,,False,0.0
CUST_04315,TXN_002903,28.45,card,success,,3,11,1,306,False,,False,0.0
CUST_03089,TXN_002904,28.57,card,failed,authentication_failed,1,12,2,814,True,update_payment_method,False,0.0
CUST_03259,TXN_002905,27.44,card,success,,2,9,0,282,False,,False,0.0
CUST_04320,TXN_002906,13.56,upi,success,,3,11,0,895,False,,False,0.0
CUST_03124,TXN_002907,184.97,card,failed,authentication_failed,3,6,1,195,False,,False,0.0
CUST_04744,TXN_002908,27.77,upi,success,,3,5,3,260,False,,False,0.0
CUST_00638,TXN_002909,53.39,upi,failed,authentication_failed,3,6,0,792,True,send_reminder,True,53.39
CUST_01740,TXN_002910,25.34,wallet,success,,1,15,2,562,False,,False,0.0
CUST_00561,TXN_002911,24.93,card,success,,3,5,3,293,False,,False,0.0
CUST_00453,TXN_002912,23.0,netbanking,success,,1,7,1,98,False,,False,0.0
CUST_02360,TXN_002913,9.58,upi,success,,3,12,1,129,False,,False,0.0
CUST_01130,TXN_002914,29.12,wallet,failed,expired_card,2,6,2,1070,True,update_payment_method,True,29.12
CUST_02036,TXN_002915,23.91,netbanking,failed,expired_card,3,7,2,983,True,offer_support,True,23.91
CUST_02189,TXN_002916,84.54,card,success,,1,9,3,1442,False,,False,0.0
CUST_03104,TXN_002917,12.71,card,success,,1,9,1,1039,False,,False,0.0
CUST_04728,TXN_002918,20.87,wallet,success,,3,11,3,1260,False,,False,0.0
CUST_04247,TXN_002919,16.14,upi,success,,3,10,1,1286,False,,False,0.0
CUST_01892,TXN_002920,105.01,netbanking,success,,1,8,3,90,False,,False,0.0
CUST_01628,TXN_002921,16.52,netbanking,success,,2,14,3,1125,False,,False,0.0
CUST_03854,TXN_002922,51.93,upi,success,,1,4,1,536,False,,False,0.0
CUST_00619,TXN_002923,71.96,netbanking,success,,2,11,1,1222,False,,False,0.0
CUST_02702,TXN_002924,29.46,wallet,success,,1,11,2,1049,False,,False,0.0
CUST_02115,TXN_002925,11.01,wallet,success,,1,10,1,1091,False,,False,0.0
CUST_00914,TXN_002926,11.12,card,success,,2,6,1,178,False,,False,0.0
CUST_03082,TXN_002927,65.88,card,success,,3,7,1,1221,False,,False,0.0
CUST_01604,TXN_002928,12.08,card,success,,3,10,0,1087,False,,False,0.0
CUST_00928,TXN_002929,45.31,card,success,,3,5,1,1285,False,,False,0.0
CUST_03266,TXN_002930,36.29,netbanking,success,,2,12,1,601,False,,False,0.0
CUST_00871,TXN_002931,44.78,netbanking,failed,expired_card,1,8,2,236,True,offer_support,True,44.78
CUST_03364,TXN_002932,48.29,card,success,,1,7,2,1210,False,,False,0.0
CUST_00811,TXN_002933,15.69,card,success,,2,7,1,1146,False,,False,0.0
CUST_02174,TXN_002934,15.17,upi,success,,3,6,1,425,False,,False,0.0
CUST_04040,TXN_002935,58.67,netbanking,failed,network_error,1,6,2,908,True,offer_support,False,0.0
CUST_01143,TXN_002936,20.02,upi,success,,2,3,1,926,False,,False,0.0
CUST_03838,TXN_002937,3.67,card,success,,1,8,1,899,False,,False,0.0
CUST_03609,TXN_002938,55.65,card,success,,1,9,2,1068,False,,False,0.0
CUST_04513,TXN_002939,14.45,upi,success,,2,2,0,1211,False,,False,0.0
CUST_00845,TXN_002940,48.12,upi,success,,1,6,2,1136,False,,False,0.0
CUST_03575,TXN_002941,100.91,netbanking,success,,1,6,2,973,False,,False,0.0
CUST_04683,TXN_002942,33.56,wallet,success,,2,6,0,867,False,,False,0.0
CUST_03815,TXN_002943,73.45,card,success,,3,7,1,382,False,,False,0.0
CUST_00940,TXN_002944,37.45,card,success,,2,13,1,151,False,,False,0.0
CUST_04110,TXN_002945,117.91,card,success,,2,8,0,1434,False,,False,0.0
CUST_00537,TXN_002946,14.16,card,failed,authentication_failed,2,6,1,530,True,update_payment_method,True,14.16
CUST_02944,TXN_002947,32.9,card,success,,1,6,1,1101,False,,False,0.0
CUST_02488,TXN_002948,56.74,card,success,,1,8,1,1213,False,,False,0.0
CUST_02655,TXN_002949,28.44,card,failed,network_error,1,7,2,1470,True,offer_support,False,0.0
CUST_02598,TXN_002950,83.24,netbanking,failed,authentication_failed,3,8,1,1195,True,send_reminder,True,83.24
CUST_00158,TXN_002951,23.44,card,success,,3,7,3,278,False,,False,0.0
CUST_02541,TXN_002952,173.38,netbanking,success,,2,6,2,686,False,,False,0.0
CUST_04683,TXN_002953,180.87,card,success,,3,11,1,1269,False,,False,0.0
CUST_02183,TXN_002954,41.5,card,success,,1,10,0,1399,False,,False,0.0
CUST_01385,TXN_002955,51.53,card,success,,1,4,5,760,False,,False,0.0
CUST_04974,TXN_002956,85.91,card,success,,3,7,2,801,False,,False,0.0
CUST_00495,TXN_002957,12.81,card,success,,3,9,1,74,False,,False,0.0
CUST_02431,TXN_002958,11.59,netbanking,failed,authentication_failed,2,6,0,1295,True,send_reminder,False,0.0
CUST_02563,TXN_002959,90.48,wallet,failed,network_error,3,11,1,85,False,,False,0.0
CUST_02390,TXN_002960,41.23,card,failed,insufficient_funds,3,7,1,94,True,update_payment_method,False,0.0
CUST_04608,TXN_002961,27.63,card,success,,1,8,0,673,False,,False,0.0
CUST_02109,TXN_002962,33.41,card,success,,2,5,6,25,False,,False,0.0
CUST_04866,TXN_002963,4.91,netbanking,success,,2,11,0,1256,False,,False,0.0
CUST_00335,TXN_002964,28.43,card,success,,1,10,0,794,False,,False,0.0
CUST_03669,TXN_002965,18.13,card,success,,1,8,2,1231,False,,False,0.0
CUST_02965,TXN_002966,69.02,netbanking,success,,3,7,2,1404,False,,False,0.0
CUST_01203,TXN_002967,73.41,netbanking,success,,1,12,1,1283,False,,False,0.0
CUST_01140,TXN_002968,52.53,upi,failed,card_declined,2,12,1,425,False,,False,0.0
CUST_03598,TXN_002969,45.44,card,success,,2,5,2,1353,False,,False,0.0
CUST_03188,TXN_002970,10.0,card,success,,2,7,3,1363,False,,False,0.0
CUST_03056,TXN_002971,53.12,card,success,,2,7,2,761,False,,False,0.0
CUST_00255,TXN_002972,54.79,upi,success,,1,4,0,1158,False,,False,0.0
CUST_02989,TXN_002973,89.67,netbanking,success,,2,6,1,217,False,,False,0.0
CUST_04906,TXN_002974,180.29,card,success,,2,9,3,522,False,,False,0.0
CUST_00087,TXN_002975,8.55,netbanking,success,,1,6,2,1254,False,,False,0.0
CUST_02345,TXN_002976,24.27,upi,success,,3,11,3,862,False,,False,0.0
CUST_02472,TXN_002977,18.29,netbanking,success,,2,8,2,990,False,,False,0.0
CUST_04483,TXN_002978,38.02,card,failed,card_declined,3,5,0,1400,True,retry_payment,True,38.02
CUST_01414,TXN_002979,33.47,card,success,,3,9,3,437,False,,False,0.0
CUST_02378,TXN_002980,27.46,card,success,,3,6,0,217,False,,False,0.0
CUST_03586,TXN_002981,75.35,upi,success,,1,6,1,1012,False,,False,0.0
CUST_00302,TXN_002982,13.72,card,success,,3,5,3,1250,False,,False,0.0
CUST_04005,TXN_002983,14.4,card,failed,expired_card,1,5,2,328,False,,False,0.0
CUST_04111,TXN_002984,14.59,netbanking,success,,2,10,6,775,False,,False,0.0
CUST_03598,TXN_002985,24.82,upi,success,,3,10,2,732,False,,False,0.0
CUST_03241,TXN_002986,12.39,upi,success,,2,8,3,1303,False,,False,0.0
CUST_03738,TXN_002987,31.85,upi,success,,1,4,2,430,False,,False,0.0
CUST_03909,TXN_002988,29.01,upi,success,,1,5,0,914,False,,False,0.0
CUST_04517,TXN_002989,17.65,upi,failed,insufficient_funds,2,9,3,281,False,,False,0.0
CUST_02141,TXN_002990,66.62,card,failed,network_error,3,20,0,223,True,retry_payment,True,66.62
CUST_02280,TXN_002991,31.58,card,success,,3,16,0,294,False,,False,0.0
CUST_03190,TXN_002992,77.49,card,success,,3,7,2,1415,False,,False,0.0
CUST_00966,TXN_002993,28.33,card,success,,2,5,2,474,False,,False,0.0
CUST_04281,TXN_002994,32.48,upi,success,,3,12,1,1468,False,,False,0.0
CUST_03852,TXN_002995,21.11,upi,success,,3,14,2,1266,False,,False,0.0
CUST_03155,TXN_002996,32.93,card,success,,2,13,1,247,False,,False,0.0
CUST_01508,TXN_002997,58.54,netbanking,success,,1,5,4,259,False,,False,0.0
CUST_01739,TXN_002998,23.83,upi,success,,1,7,5,258,False,,False,0.0
CUST_02175,TXN_002999,50.14,upi,success,,3,10,3,1115,False,,False,0.0
CUST_03312,TXN_003000,17.28,wallet,failed,network_error,3,12,3,1262,True,offer_support,True,17.28
CUST_03890,TXN_003001,60.78,card,success,,1,10,2,336,False,,False,0.0
CUST_03359,TXN_003002,20.82,card,success,,3,9,1,202,False,,False,0.0
CUST_04649,TXN_003003,65.45,card,success,,1,10,0,1321,False,,False,0.0
CUST_04802,TXN_003004,34.77,upi,success,,2,3,2,84,False,,False,0.0
CUST_03524,TXN_003005,111.81,card,success,,2,5,0,111,False,,False,0.0
CUST_01855,TXN_003006,13.15,netbanking,failed,expired_card,1,13,1,278,True,update_payment_method,True,13.15
CUST_02995,TXN_003007,10.17,card,failed,network_error,3,7,0,789,True,retry_payment,True,10.17
CUST_02125,TXN_003008,20.23,upi,success,,3,7,2,772,False,,False,0.0
CUST_03145,TXN_003009,10.94,upi,success,,1,6,0,866,False,,False,0.0
CUST_04060,TXN_003010,10.96,card,success,,3,8,0,1114,False,,False,0.0
CUST_01847,TXN_003011,54.45,upi,success,,3,8,3,1169,False,,False,0.0
CUST_02529,TXN_003012,33.0,upi,success,,3,15,1,568,False,,False,0.0
CUST_00229,TXN_003013,22.56,netbanking,failed,network_error,2,7,2,1312,True,send_reminder,False,0.0
CUST_03683,TXN_003014,24.3,upi,success,,3,7,0,760,False,,False,0.0
CUST_02449,TXN_003015,20.54,upi,success,,2,11,0,398,False,,False,0.0
CUST_02299,TXN_003016,124.0,card,success,,3,9,1,579,False,,False,0.0
CUST_02662,TXN_003017,18.39,upi,success,,3,5,2,1155,False,,False,0.0
CUST_01078,TXN_003018,11.5,card,success,,2,6,2,352,False,,False,0.0
CUST_02990,TXN_003019,62.6,card,success,,1,7,2,205,False,,False,0.0
CUST_03726,TXN_003020,27.87,card,success,,3,12,1,254,False,,False,0.0
CUST_01749,TXN_003021,169.19,upi,failed,insufficient_funds,1,11,1,1094,True,update_payment_method,True,169.19
CUST_00656,TXN_003022,21.74,card,success,,2,9,1,158,False,,False,0.0
CUST_01934,TXN_003023,65.16,wallet,success,,2,4,1,796,False,,False,0.0
CUST_00993,TXN_003024,78.71,card,success,,1,9,2,270,False,,False,0.0
CUST_01870,TXN_003025,21.82,card,success,,3,6,2,578,False,,False,0.0
CUST_03134,TXN_003026,18.28,card,success,,1,5,4,417,False,,False,0.0
CUST_00567,TXN_003027,59.92,card,success,,1,8,0,876,False,,False,0.0
CUST_03736,TXN_003028,52.45,card,success,,3,6,2,424,False,,False,0.0
CUST_01123,TXN_003029,10.71,upi,failed,card_declined,3,17,0,648,True,send_reminder,True,10.71
CUST_04473,TXN_003030,13.43,card,failed,network_error,1,4,1,114,False,,False,0.0
CUST_03662,TXN_003031,4.35,card,failed,expired_card,2,6,2,878,True,update_payment_method,True,4.35
CUST_01363,TXN_003032,53.32,card,success,,3,6,4,1241,False,,False,0.0
CUST_02816,TXN_003033,26.86,card,success,,2,4,1,1303,False,,False,0.0
CUST_00554,TXN_003034,29.09,wallet,success,,2,6,2,744,False,,False,0.0
CUST_00499,TXN_003035,8.56,card,success,,3,9,1,1287,False,,False,0.0
CUST_04780,TXN_003036,13.76,netbanking,success,,2,13,2,929,False,,False,0.0
CUST_04012,TXN_003037,22.59,upi,success,,1,5,2,1328,False,,False,0.0
CUST_00772,TXN_003038,19.34,card,success,,1,7,1,1402,False,,False,0.0
CUST_01414,TXN_003039,36.39,netbanking,success,,2,7,0,2,False,,False,0.0
CUST_00989,TXN_003040,52.81,card,success,,2,5,1,645,False,,False,0.0
CUST_01976,TXN_003041,203.5,netbanking,failed,network_error,2,6,0,37,True,retry_payment,True,203.5
CUST_01457,TXN_003042,32.59,upi,success,,2,8,0,1094,False,,False,0.0
CUST_01640,TXN_003043,80.83,card,success,,1,9,0,1299,False,,False,0.0
CUST_02647,TXN_003044,17.05,wallet,success,,3,12,1,557,False,,False,0.0
CUST_00946,TXN_003045,8.67,card,success,,2,8,0,1216,False,,False,0.0
CUST_04414,TXN_003046,24.98,wallet,success,,1,12,1,1416,False,,False,0.0
CUST_03638,TXN_003047,9.22,wallet,failed,card_declined,2,5,0,503,False,,False,0.0
CUST_03802,TXN_003048,33.51,card,success,,2,10,0,874,False,,False,0.0
CUST_00848,TXN_003049,17.74,card,success,,2,8,2,476,False,,False,0.0
CUST_03541,TXN_003050,6.94,netbanking,failed,insufficient_funds,3,7,3,123,False,,False,0.0
CUST_04181,TXN_003051,132.8,card,success,,1,7,2,735,False,,False,0.0
CUST_00876,TXN_003052,21.54,upi,success,,3,10,2,167,False,,False,0.0
CUST_03756,TXN_003053,8.93,card,success,,1,2,1,130,False,,False,0.0
CUST_01789,TXN_003054,67.93,card,success,,3,8,0,206,False,,False,0.0
CUST_03938,TXN_003055,18.49,upi,success,,2,7,0,1491,False,,False,0.0
CUST_02392,TXN_003056,79.21,upi,success,,3,7,3,675,False,,False,0.0
CUST_04011,TXN_003057,18.42,upi,success,,1,6,2,1002,False,,False,0.0
CUST_00737,TXN_003058,21.48,upi,failed,authentication_failed,2,8,1,1227,True,send_reminder,True,21.48
CUST_01946,TXN_003059,43.64,card,success,,1,7,1,752,False,,False,0.0
CUST_01367,TXN_003060,53.23,card,success,,2,5,3,198,False,,False,0.0
CUST_01242,TXN_003061,61.24,card,success,,1,12,2,1080,False,,False,0.0
CUST_01542,TXN_003062,30.82,card,success,,2,9,2,1214,False,,False,0.0
CUST_01912,TXN_003063,50.55,card,success,,3,9,1,755,False,,False,0.0
CUST_00637,TXN_003064,60.13,upi,success,,1,9,1,1150,False,,False,0.0
CUST_03535,TXN_003065,38.88,card,success,,2,14,1,1184,False,,False,0.0
CUST_02751,TXN_003066,29.54,card,failed,authentication_failed,1,8,3,498,True,update_payment_method,True,29.54
CUST_04146,TXN_003067,10.42,upi,success,,2,6,3,1373,False,,False,0.0
CUST_03525,TXN_003068,53.48,card,success,,2,9,2,1311,False,,False,0.0
CUST_00746,TXN_003069,34.25,wallet,success,,1,7,4,1197,False,,False,0.0
CUST_00350,TXN_003070,23.79,card,success,,3,7,3,154,False,,False,0.0
CUST_02114,TXN_003071,92.04,card,success,,3,11,2,1434,False,,False,0.0
CUST_02406,TXN_003072,10.57,netbanking,success,,2,5,1,1027,False,,False,0.0
CUST_01202,TXN_003073,123.38,upi,success,,3,6,2,242,False,,False,0.0
CUST_03911,TXN_003074,32.53,netbanking,success,,2,10,1,1286,False,,False,0.0
CUST_02908,TXN_003075,42.69,card,success,,1,9,0,1468,False,,False,0.0
CUST_03740,TXN_003076,24.14,card,success,,3,6,0,677,False,,False,0.0
CUST_00545,TXN_003077,8.73,upi,success,,2,10,0,1017,False,,False,0.0
CUST_04075,TXN_003078,29.62,card,failed,network_error,2,1,2,292,True,update_payment_method,True,29.62
CUST_01031,TXN_003079,43.28,upi,failed,card_declined,1,12,0,604,True,offer_support,False,0.0
CUST_02241,TXN_003080,56.88,card,failed,authentication_failed,1,5,0,1389,True,send_reminder,True,56.88
CUST_02197,TXN_003081,28.26,card,success,,2,8,2,120,False,,False,0.0
CUST_04102,TXN_003082,5.73,card,success,,1,14,0,1339,False,,False,0.0
CUST_01384,TXN_003083,9.65,netbanking,success,,2,7,3,1204,False,,False,0.0
CUST_01204,TXN_003084,170.99,card,failed,card_declined,3,9,2,745,True,offer_support,True,170.99
CUST_01698,TXN_003085,13.82,wallet,failed,network_error,2,11,2,15,False,,False,0.0
CUST_01804,TXN_003086,103.71,card,success,,2,7,2,813,False,,False,0.0
CUST_00909,TXN_003087,15.69,upi,success,,1,6,3,454,False,,False,0.0
CUST_00882,TXN_003088,28.62,card,success,,2,5,1,1056,False,,False,0.0
CUST_01157,TXN_003089,54.61,upi,success,,1,5,2,957,False,,False,0.0
CUST_02337,TXN_003090,17.18,netbanking,success,,3,3,2,62,False,,False,0.0
CUST_01717,TXN_003091,118.36,upi,success,,2,12,1,275,False,,False,0.0
CUST_01960,TXN_003092,35.18,card,success,,2,6,1,468,False,,False,0.0
CUST_03595,TXN_003093,47.88,upi,success,,1,5,1,579,False,,False,0.0
CUST_01205,TXN_003094,26.73,card,success,,2,9,2,1378,False,,False,0.0
CUST_04549,TXN_003095,56.09,upi,success,,2,9,2,693,False,,False,0.0
CUST_03759,TXN_003096,117.1,upi,success,,2,4,3,948,False,,False,0.0
CUST_00874,TXN_003097,29.81,card,success,,3,13,1,1406,False,,False,0.0
CUST_01569,TXN_003098,132.13,upi,success,,1,9,1,680,False,,False,0.0
CUST_00918,TXN_003099,20.3,upi,success,,1,13,4,391,False,,False,0.0
CUST_01364,TXN_003100,61.02,card,success,,1,10,2,1,False,,False,0.0
CUST_01828,TXN_003101,48.97,card,success,,2,9,1,591,False,,False,0.0
CUST_00655,TXN_003102,14.09,card,success,,2,15,2,1134,False,,False,0.0
CUST_00073,TXN_003103,39.29,netbanking,success,,2,13,2,1019,False,,False,0.0
CUST_02194,TXN_003104,33.31,upi,success,,1,13,1,854,False,,False,0.0
CUST_03505,TXN_003105,16.73,card,success,,1,13,1,781,False,,False,0.0
CUST_01515,TXN_003106,44.1,card,success,,3,13,1,1168,False,,False,0.0
CUST_04302,TXN_003107,37.23,card,success,,2,3,1,930,False,,False,0.0
CUST_01846,TXN_003108,31.25,card,success,,1,9,2,242,False,,False,0.0
CUST_04504,TXN_003109,31.35,card,success,,3,10,3,962,False,,False,0.0
CUST_01180,TXN_003110,30.81,card,success,,2,6,3,390,False,,False,0.0
CUST_02697,TXN_003111,24.68,card,failed,expired_card,2,6,1,363,True,retry_payment,True,24.68
CUST_03816,TXN_003112,37.04,upi,success,,2,3,2,970,False,,False,0.0
CUST_00296,TXN_003113,19.78,upi,success,,1,8,0,771,False,,False,0.0
CUST_04650,TXN_003114,277.4,card,success,,3,6,1,474,False,,False,0.0
CUST_01825,TXN_003115,10.72,upi,success,,2,11,2,998,False,,False,0.0
CUST_02490,TXN_003116,20.74,card,failed,expired_card,1,7,4,126,True,retry_payment,True,20.74
CUST_03142,TXN_003117,22.1,card,success,,1,7,2,1036,False,,False,0.0
CUST_03215,TXN_003118,169.42,wallet,success,,3,7,1,135,False,,False,0.0
CUST_00119,TXN_003119,11.52,upi,failed,authentication_failed,2,12,4,489,True,retry_payment,False,0.0
CUST_04335,TXN_003120,46.56,card,success,,2,6,1,1197,False,,False,0.0
CUST_03118,TXN_003121,40.4,card,success,,3,5,1,1194,False,,False,0.0
CUST_04994,TXN_003122,43.25,upi,success,,1,10,0,885,False,,False,0.0
CUST_02358,TXN_003123,89.04,card,success,,1,6,2,611,False,,False,0.0
CUST_03067,TXN_003124,87.59,wallet,success,,1,6,2,883,False,,False,0.0
CUST_02205,TXN_003125,23.09,card,success,,1,7,0,1449,False,,False,0.0
CUST_04449,TXN_003126,38.68,card,success,,3,5,2,948,False,,False,0.0
CUST_04162,TXN_003127,7.45,upi,success,,3,6,2,681,False,,False,0.0
CUST_04543,TXN_003128,35.85,upi,success,,2,11,2,169,False,,False,0.0
CUST_02521,TXN_003129,17.55,upi,success,,2,7,1,1241,False,,False,0.0
CUST_03957,TXN_003130,28.53,wallet,success,,2,7,3,1428,False,,False,0.0
CUST_01794,TXN_003131,8.6,wallet,success,,2,8,1,1444,False,,False,0.0
CUST_02305,TXN_003132,45.78,card,success,,1,9,2,53,False,,False,0.0
CUST_03801,TXN_003133,8.52,card,failed,authentication_failed,2,14,0,670,True,update_payment_method,True,8.52
CUST_00406,TXN_003134,37.29,card,success,,2,10,2,708,False,,False,0.0
CUST_03552,TXN_003135,12.41,upi,success,,3,7,0,98,False,,False,0.0
CUST_00080,TXN_003136,16.78,upi,success,,1,11,4,1309,False,,False,0.0
CUST_02903,TXN_003137,83.41,card,success,,3,5,0,665,False,,False,0.0
CUST_02386,TXN_003138,53.0,wallet,success,,1,4,4,1003,False,,False,0.0
CUST_02343,TXN_003139,83.04,card,success,,1,9,0,813,False,,False,0.0
CUST_02472,TXN_003140,115.33,netbanking,success,,3,12,2,688,False,,False,0.0
CUST_02460,TXN_003141,17.85,netbanking,success,,3,7,5,416,False,,False,0.0
CUST_02037,TXN_003142,109.86,card,failed,card_declined,3,7,0,200,False,,False,0.0
CUST_02257,TXN_003143,10.25,card,success,,1,6,0,1440,False,,False,0.0
CUST_02841,TXN_003144,60.15,card,success,,2,8,6,559,False,,False,0.0
CUST_03817,TXN_003145,22.32,wallet,success,,2,9,0,114,False,,False,0.0
CUST_02761,TXN_003146,15.73,card,success,,1,9,1,204,False,,False,0.0
CUST_03212,TXN_003147,54.14,netbanking,success,,1,14,2,172,False,,False,0.0
CUST_04183,TXN_003148,70.52,upi,success,,2,11,0,420,False,,False,0.0
CUST_04947,TXN_003149,68.87,upi,failed,insufficient_funds,1,7,2,277,True,update_payment_method,True,68.87
CUST_00544,TXN_003150,39.33,wallet,success,,3,10,2,742,False,,False,0.0
CUST_03564,TXN_003151,36.8,card,success,,1,3,1,666,False,,False,0.0
CUST_01126,TXN_003152,50.48,upi,success,,2,6,2,668,False,,False,0.0
CUST_00984,TXN_003153,42.22,card,success,,3,6,2,864,False,,False,0.0
CUST_03965,TXN_003154,51.06,card,success,,1,8,1,478,False,,False,0.0
CUST_00344,TXN_003155,38.99,card,success,,1,7,2,360,False,,False,0.0
CUST_04239,TXN_003156,64.99,card,success,,2,6,0,137,False,,False,0.0
CUST_03852,TXN_003157,9.01,upi,success,,3,8,1,45,False,,False,0.0
CUST_04974,TXN_003158,29.81,card,success,,2,9,1,419,False,,False,0.0
CUST_03340,TXN_003159,10.95,upi,failed,insufficient_funds,3,8,2,484,True,retry_payment,True,10.95
CUST_04364,TXN_003160,41.32,card,failed,authentication_failed,1,8,0,29,True,send_reminder,True,41.32
CUST_00593,TXN_003161,123.17,upi,success,,3,13,1,1470,False,,False,0.0
CUST_04449,TXN_003162,22.66,netbanking,success,,3,9,1,363,False,,False,0.0
CUST_00802,TXN_003163,36.66,upi,success,,3,7,1,18,False,,False,0.0
CUST_01572,TXN_003164,60.65,wallet,success,,1,12,3,689,False,,False,0.0
CUST_00641,TXN_003165,6.33,card,success,,1,10,3,740,False,,False,0.0
CUST_02008,TXN_003166,21.81,card,success,,2,3,3,272,False,,False,0.0
CUST_03745,TXN_003167,44.33,upi,success,,2,9,0,1424,False,,False,0.0
CUST_01341,TXN_003168,3.26,card,success,,2,9,2,205,False,,False,0.0
CUST_04111,TXN_003169,15.16,upi,success,,3,6,1,1443,False,,False,0.0
CUST_03031,TXN_003170,79.89,netbanking,success,,2,12,0,119,False,,False,0.0
CUST_03145,TXN_003171,73.88,card,success,,1,12,1,512,False,,False,0.0
CUST_04694,TXN_003172,44.68,wallet,failed,authentication_failed,1,11,2,1408,True,retry_payment,True,44.68
CUST_02159,TXN_003173,67.07,card,success,,3,8,4,1308,False,,False,0.0
CUST_01723,TXN_003174,39.33,upi,success,,2,4,1,748,False,,False,0.0
CUST_04972,TXN_003175,51.64,card,success,,3,9,1,126,False,,False,0.0
CUST_02785,TXN_003176,25.73,upi,success,,3,13,0,1046,False,,False,0.0
CUST_03073,TXN_003177,36.33,card,success,,3,9,0,772,False,,False,0.0
CUST_01482,TXN_003178,19.97,wallet,success,,3,6,1,1492,False,,False,0.0
CUST_01077,TXN_003179,90.99,wallet,failed,insufficient_funds,3,10,1,1048,False,,False,0.0
CUST_00849,TXN_003180,111.86,upi,success,,1,8,2,795,False,,False,0.0
CUST_01118,TXN_003181,99.88,upi,success,,1,8,1,1127,False,,False,0.0
CUST_00976,TXN_003182,23.89,upi,success,,1,7,1,926,False,,False,0.0
CUST_03733,TXN_003183,15.44,upi,success,,1,7,2,1382,False,,False,0.0
CUST_00290,TXN_003184,91.98,upi,success,,3,7,1,33,False,,False,0.0
CUST_03147,TXN_003185,51.17,upi,failed,expired_card,2,9,0,478,False,,False,0.0
CUST_04746,TXN_003186,43.07,netbanking,success,,3,8,1,1240,False,,False,0.0
CUST_03827,TXN_003187,19.95,upi,success,,2,11,3,505,False,,False,0.0
CUST_02014,TXN_003188,46.55,card,failed,insufficient_funds,2,9,1,140,True,retry_payment,False,0.0
CUST_00297,TXN_003189,13.9,wallet,success,,1,11,3,372,False,,False,0.0
CUST_04170,TXN_003190,55.0,card,failed,expired_card,3,9,2,15,True,retry_payment,False,0.0
CUST_00016,TXN_003191,99.79,card,success,,3,6,0,638,False,,False,0.0
CUST_03406,TXN_003192,122.1,wallet,success,,1,1,3,712,False,,False,0.0
CUST_03355,TXN_003193,58.37,card,success,,1,9,1,491,False,,False,0.0
CUST_00960,TXN_003194,10.96,card,success,,3,7,0,1217,False,,False,0.0
CUST_03699,TXN_003195,38.78,upi,failed,network_error,3,14,0,10,True,send_reminder,True,38.78
CUST_00878,TXN_003196,183.41,netbanking,success,,2,8,2,1338,False,,False,0.0
CUST_01129,TXN_003197,16.53,card,success,,3,7,3,966,False,,False,0.0
CUST_04060,TXN_003198,31.58,upi,success,,3,6,0,851,False,,False,0.0
CUST_04895,TXN_003199,102.6,card,success,,2,5,2,1127,False,,False,0.0
CUST_01324,TXN_003200,54.26,card,success,,2,6,2,898,False,,False,0.0
CUST_04606,TXN_003201,240.84,card,success,,2,6,2,585,False,,False,0.0
CUST_04566,TXN_003202,18.42,card,success,,3,7,0,519,False,,False,0.0
CUST_03847,TXN_003203,15.0,wallet,success,,3,12,0,1045,False,,False,0.0
CUST_00701,TXN_003204,88.17,upi,success,,1,4,0,1018,False,,False,0.0
CUST_01497,TXN_003205,12.72,netbanking,success,,1,14,2,686,False,,False,0.0
CUST_03388,TXN_003206,28.29,wallet,success,,1,9,1,1065,False,,False,0.0
CUST_04996,TXN_003207,31.42,wallet,success,,1,10,0,1324,False,,False,0.0
CUST_04072,TXN_003208,75.85,upi,success,,2,12,0,519,False,,False,0.0
CUST_02101,TXN_003209,54.13,card,success,,1,14,1,497,False,,False,0.0
CUST_01177,TXN_003210,47.73,netbanking,failed,card_declined,3,7,2,681,True,retry_payment,False,0.0
CUST_04801,TXN_003211,24.0,upi,success,,2,10,2,833,False,,False,0.0
CUST_01381,TXN_003212,87.53,card,success,,3,7,3,1142,False,,False,0.0
CUST_01711,TXN_003213,829.36,card,success,,1,6,2,349,False,,False,0.0
CUST_04822,TXN_003214,57.57,card,success,,2,10,0,1155,False,,False,0.0
CUST_02808,TXN_003215,35.86,upi,success,,3,12,1,1111,False,,False,0.0
CUST_01323,TXN_003216,11.72,netbanking,success,,1,15,2,483,False,,False,0.0
CUST_00027,TXN_003217,19.89,upi,success,,2,8,0,1033,False,,False,0.0
CUST_02150,TXN_003218,27.91,card,success,,2,1,3,478,False,,False,0.0
CUST_04930,TXN_003219,21.59,card,success,,1,8,1,311,False,,False,0.0
CUST_02163,TXN_003220,32.69,netbanking,success,,2,6,1,8,False,,False,0.0
CUST_03497,TXN_003221,137.33,card,success,,2,5,0,504,False,,False,0.0
CUST_01265,TXN_003222,89.81,card,success,,2,9,3,586,False,,False,0.0
CUST_03878,TXN_003223,29.16,netbanking,success,,1,4,0,1323,False,,False,0.0
CUST_03879,TXN_003224,12.6,netbanking,failed,insufficient_funds,3,9,1,1126,False,,False,0.0
CUST_03041,TXN_003225,96.53,upi,success,,3,6,0,267,False,,False,0.0
CUST_03859,TXN_003226,31.84,upi,success,,1,9,5,440,False,,False,0.0
CUST_02894,TXN_003227,8.32,card,success,,1,8,1,757,False,,False,0.0
CUST_01892,TXN_003228,58.55,wallet,failed,expired_card,2,4,1,1416,True,offer_support,False,0.0
CUST_03689,TXN_003229,75.23,upi,success,,1,7,4,1266,False,,False,0.0
CUST_04175,TXN_003230,4.76,upi,success,,1,10,1,665,False,,False,0.0
CUST_04205,TXN_003231,17.12,card,success,,2,9,2,596,False,,False,0.0
CUST_01066,TXN_003232,30.31,upi,success,,1,6,0,468,False,,False,0.0
CUST_03383,TXN_003233,59.6,card,success,,2,3,3,785,False,,False,0.0
CUST_00022,TXN_003234,21.92,upi,success,,1,6,0,959,False,,False,0.0
CUST_02860,TXN_003235,17.02,upi,success,,3,12,4,51,False,,False,0.0
CUST_02856,TXN_003236,59.25,netbanking,success,,3,10,3,801,False,,False,0.0
CUST_01818,TXN_003237,22.77,card,success,,3,11,4,336,False,,False,0.0
CUST_04970,TXN_003238,51.09,netbanking,success,,1,8,3,1210,False,,False,0.0
CUST_04414,TXN_003239,13.61,card,success,,3,8,2,1012,False,,False,0.0
CUST_00194,TXN_003240,11.22,upi,success,,1,11,0,814,False,,False,0.0
CUST_01044,TXN_003241,60.6,card,success,,3,14,0,1198,False,,False,0.0
CUST_01040,TXN_003242,40.53,card,success,,2,9,2,412,False,,False,0.0
CUST_04487,TXN_003243,69.27,netbanking,success,,3,7,1,158,False,,False,0.0
CUST_02595,TXN_003244,21.63,card,success,,2,10,2,1206,False,,False,0.0
CUST_03644,TXN_003245,17.53,wallet,success,,1,12,2,579,False,,False,0.0
CUST_04049,TXN_003246,98.35,card,success,,3,7,2,786,False,,False,0.0
CUST_03838,TXN_003247,9.79,upi,success,,2,12,0,796,False,,False,0.0
CUST_00446,TXN_003248,90.12,card,success,,3,9,3,297,False,,False,0.0
CUST_00702,TXN_003249,95.24,upi,success,,1,7,1,184,False,,False,0.0
CUST_01976,TXN_003250,65.9,wallet,success,,3,5,7,1095,False,,False,0.0
CUST_01692,TXN_003251,19.1,upi,success,,3,15,2,529,False,,False,0.0
CUST_03735,TXN_003252,17.23,card,success,,1,16,3,1094,False,,False,0.0
CUST_00782,TXN_003253,27.99,netbanking,success,,3,11,1,1264,False,,False,0.0
CUST_01858,TXN_003254,11.75,upi,success,,1,6,3,58,False,,False,0.0
CUST_01183,TXN_003255,15.34,card,success,,1,8,2,339,False,,False,0.0
CUST_00944,TXN_003256,55.47,upi,success,,1,5,2,847,False,,False,0.0
CUST_00864,TXN_003257,55.67,upi,success,,1,10,3,448,False,,False,0.0
CUST_00978,TXN_003258,14.3,netbanking,success,,2,8,0,215,False,,False,0.0
CUST_02822,TXN_003259,56.88,card,success,,3,8,1,732,False,,False,0.0
CUST_02050,TXN_003260,47.63,card,failed,card_declined,1,8,2,1199,False,,False,0.0
CUST_02177,TXN_003261,110.82,wallet,success,,3,5,1,1351,False,,False,0.0
CUST_02397,TXN_003262,52.21,upi,success,,3,9,1,782,False,,False,0.0
CUST_03705,TXN_003263,77.24,upi,success,,2,10,1,292,False,,False,0.0
CUST_04309,TXN_003264,48.5,wallet,success,,3,8,1,1266,False,,False,0.0
CUST_02632,TXN_003265,72.53,card,success,,1,1,4,488,False,,False,0.0
CUST_03211,TXN_003266,11.83,card,success,,3,4,1,31,False,,False,0.0
CUST_03693,TXN_003267,30.04,netbanking,success,,2,13,0,236,False,,False,0.0
CUST_03452,TXN_003268,32.1,upi,failed,insufficient_funds,2,5,1,336,True,send_reminder,True,32.1
CUST_00672,TXN_003269,27.25,wallet,success,,2,14,0,1120,False,,False,0.0
CUST_04914,TXN_003270,47.23,upi,failed,insufficient_funds,3,8,1,1363,True,update_payment_method,False,0.0
CUST_00824,TXN_003271,55.01,card,success,,2,7,1,1262,False,,False,0.0
CUST_02059,TXN_003272,45.32,card,failed,authentication_failed,1,7,2,165,False,,False,0.0
CUST_03263,TXN_003273,28.74,card,success,,1,5,4,601,False,,False,0.0
CUST_02017,TXN_003274,18.38,wallet,success,,3,10,4,505,False,,False,0.0
CUST_01216,TXN_003275,79.66,card,success,,2,10,0,424,False,,False,0.0
CUST_04616,TXN_003276,43.81,upi,success,,2,10,1,1160,False,,False,0.0
CUST_00358,TXN_003277,14.66,card,success,,2,5,0,107,False,,False,0.0
CUST_01230,TXN_003278,28.36,card,success,,3,11,3,3,False,,False,0.0
CUST_04964,TXN_003279,8.21,card,success,,1,8,1,44,False,,False,0.0
CUST_03649,TXN_003280,34.07,upi,success,,1,9,1,1065,False,,False,0.0
CUST_00435,TXN_003281,28.26,card,success,,2,8,2,640,False,,False,0.0
CUST_03773,TXN_003282,20.91,wallet,failed,network_error,2,10,3,723,True,send_reminder,True,20.91
CUST_04847,TXN_003283,117.65,wallet,success,,2,5,1,134,False,,False,0.0
CUST_00489,TXN_003284,13.13,card,success,,1,9,1,956,False,,False,0.0
CUST_02070,TXN_003285,58.27,netbanking,success,,3,14,6,718,False,,False,0.0
CUST_02341,TXN_003286,190.45,card,failed,insufficient_funds,1,11,1,1479,False,,False,0.0
CUST_00655,TXN_003287,78.4,card,success,,2,4,3,895,False,,False,0.0
CUST_01003,TXN_003288,32.29,card,success,,2,5,1,182,False,,False,0.0
CUST_00869,TXN_003289,13.37,netbanking,failed,insufficient_funds,2,5,3,130,True,retry_payment,False,0.0
CUST_00927,TXN_003290,11.14,upi,success,,1,5,2,1114,False,,False,0.0
CUST_02018,TXN_003291,23.83,card,success,,3,9,1,127,False,,False,0.0
CUST_02319,TXN_003292,19.11,upi,success,,1,6,2,1127,False,,False,0.0
CUST_01190,TXN_003293,18.62,upi,success,,2,7,2,1276,False,,False,0.0
CUST_01447,TXN_003294,25.51,upi,failed,card_declined,3,7,2,1409,False,,False,0.0
CUST_00961,TXN_003295,30.51,upi,failed,network_error,3,6,2,103,True,send_reminder,True,30.51
CUST_03980,TXN_003296,48.82,netbanking,success,,1,6,3,979,False,,False,0.0
CUST_01059,TXN_003297,12.3,upi,success,,3,11,0,552,False,,False,0.0
CUST_04538,TXN_003298,19.19,card,success,,2,8,0,715,False,,False,0.0
CUST_02694,TXN_003299,29.14,netbanking,success,,3,16,1,1326,False,,False,0.0
CUST_04013,TXN_003300,28.32,card,success,,1,5,2,690,False,,False,0.0
CUST_03182,TXN_003301,143.9,upi,failed,expired_card,3,5,1,1086,False,,False,0.0
CUST_01330,TXN_003302,39.88,upi,success,,3,7,0,461,False,,False,0.0
CUST_03007,TXN_003303,9.11,card,success,,3,6,2,200,False,,False,0.0
CUST_01371,TXN_003304,46.27,card,success,,3,10,2,775,False,,False,0.0
CUST_00593,TXN_003305,51.24,upi,success,,3,7,1,262,False,,False,0.0
CUST_01274,TXN_003306,29.96,netbanking,success,,2,6,3,1034,False,,False,0.0
CUST_01378,TXN_003307,12.54,netbanking,success,,3,6,3,1222,False,,False,0.0
CUST_00676,TXN_003308,135.16,upi,success,,3,8,3,1431,False,,False,0.0
CUST_00119,TXN_003309,14.07,card,success,,3,5,0,837,False,,False,0.0
CUST_04719,TXN_003310,56.18,card,failed,card_declined,2,9,2,72,False,,False,0.0
CUST_02567,TXN_003311,38.86,netbanking,success,,3,2,1,139,False,,False,0.0
CUST_02010,TXN_003312,53.55,card,success,,2,10,2,240,False,,False,0.0
CUST_04649,TXN_003313,129.73,upi,success,,2,5,2,1226,False,,False,0.0
CUST_01124,TXN_003314,51.9,card,success,,1,11,0,249,False,,False,0.0
CUST_02014,TXN_003315,21.18,card,success,,2,10,2,355,False,,False,0.0
CUST_04233,TXN_003316,80.22,upi,success,,3,6,2,1479,False,,False,0.0
CUST_03160,TXN_003317,19.99,upi,success,,1,4,1,700,False,,False,0.0
CUST_01996,TXN_003318,37.74,upi,failed,insufficient_funds,3,9,0,1456,True,retry_payment,True,37.74
CUST_01279,TXN_003319,11.77,card,failed,card_declined,2,6,3,706,True,offer_support,False,0.0
CUST_00176,TXN_003320,14.49,netbanking,success,,1,8,1,681,False,,False,0.0
CUST_00426,TXN_003321,34.51,upi,success,,1,8,1,306,False,,False,0.0
CUST_00810,TXN_003322,44.45,netbanking,success,,1,11,0,338,False,,False,0.0
CUST_03933,TXN_003323,8.48,upi,success,,3,8,4,418,False,,False,0.0
CUST_03196,TXN_003324,49.3,card,success,,2,11,1,95,False,,False,0.0
CUST_02167,TXN_003325,17.19,upi,failed,network_error,1,9,3,739,True,update_payment_method,True,17.19
CUST_03914,TXN_003326,92.18,upi,success,,1,10,2,264,False,,False,0.0
CUST_00804,TXN_003327,24.99,upi,success,,2,4,1,385,False,,False,0.0
CUST_01055,TXN_003328,13.48,upi,success,,2,11,1,359,False,,False,0.0
CUST_01964,TXN_003329,35.19,card,success,,3,6,3,1320,False,,False,0.0
CUST_04587,TXN_003330,15.91,wallet,success,,3,8,5,1366,False,,False,0.0
CUST_03071,TXN_003331,91.39,card,success,,1,7,2,236,False,,False,0.0
CUST_04255,TXN_003332,33.13,card,failed,authentication_failed,3,7,0,618,True,send_reminder,True,33.13
CUST_01241,TXN_003333,29.33,netbanking,success,,1,6,2,700,False,,False,0.0
CUST_04242,TXN_003334,53.17,card,success,,2,3,2,787,False,,False,0.0
CUST_00363,TXN_003335,14.82,wallet,success,,2,8,1,1391,False,,False,0.0
CUST_01139,TXN_003336,11.81,card,success,,1,11,1,483,False,,False,0.0
CUST_02615,TXN_003337,45.91,card,success,,2,8,1,1112,False,,False,0.0
CUST_00253,TXN_003338,13.74,card,success,,2,11,2,646,False,,False,0.0
CUST_04291,TXN_003339,13.74,card,success,,3,7,0,62,False,,False,0.0
CUST_04337,TXN_003340,64.68,card,success,,3,7,3,613,False,,False,0.0
CUST_02707,TXN_003341,50.4,card,failed,authentication_failed,3,9,3,1316,False,,False,0.0
CUST_01529,TXN_003342,12.15,card,success,,3,5,0,39,False,,False,0.0
CUST_00495,TXN_003343,20.18,card,success,,2,8,2,709,False,,False,0.0
CUST_03094,TXN_003344,16.07,card,success,,3,11,1,893,False,,False,0.0
CUST_02688,TXN_003345,137.15,card,success,,2,7,0,295,False,,False,0.0
CUST_03800,TXN_003346,68.36,card,success,,3,9,1,1084,False,,False,0.0
CUST_03013,TXN_003347,23.65,card,success,,2,6,1,1155,False,,False,0.0
CUST_00642,TXN_003348,52.51,card,success,,2,2,3,1311,False,,False,0.0
CUST_00609,TXN_003349,11.19,card,success,,3,5,1,868,False,,False,0.0
CUST_03904,TXN_003350,19.33,card,success,,1,5,0,1232,False,,False,0.0
CUST_00795,TXN_003351,36.01,card,success,,3,7,2,786,False,,False,0.0
CUST_04692,TXN_003352,47.55,wallet,success,,3,14,3,369,False,,False,0.0
CUST_00530,TXN_003353,30.63,card,success,,2,8,0,1095,False,,False,0.0
CUST_03642,TXN_003354,40.38,card,success,,2,4,1,1357,False,,False,0.0
CUST_04876,TXN_003355,35.26,upi,success,,1,5,2,1420,False,,False,0.0
CUST_02206,TXN_003356,29.05,upi,success,,3,9,1,1458,False,,False,0.0
CUST_00284,TXN_003357,26.13,card,success,,1,10,1,365,False,,False,0.0
CUST_04383,TXN_003358,23.55,netbanking,success,,3,3,4,245,False,,False,0.0
CUST_00937,TXN_003359,39.87,upi,success,,3,6,0,11,False,,False,0.0
CUST_02637,TXN_003360,46.0,wallet,success,,1,9,2,39,False,,False,0.0
CUST_04922,TXN_003361,38.81,wallet,success,,3,6,2,658,False,,False,0.0
CUST_03724,TXN_003362,12.9,upi,success,,1,6,0,970,False,,False,0.0
CUST_00232,TXN_003363,14.89,upi,success,,2,11,2,67,False,,False,0.0
CUST_04102,TXN_003364,45.56,card,success,,3,7,1,309,False,,False,0.0
CUST_00807,TXN_003365,107.48,netbanking,success,,1,14,4,1057,False,,False,0.0
CUST_03747,TXN_003366,37.41,upi,failed,expired_card,2,10,0,1216,True,offer_support,True,37.41
CUST_03105,TXN_003367,23.82,card,failed,expired_card,2,7,3,1131,False,,False,0.0
CUST_01439,TXN_003368,39.63,card,success,,1,14,3,1254,False,,False,0.0
CUST_02118,TXN_003369,13.34,upi,success,,2,4,2,168,False,,False,0.0
CUST_00590,TXN_003370,94.36,upi,failed,authentication_failed,2,5,0,304,False,,False,0.0
CUST_04933,TXN_003371,38.45,netbanking,success,,3,10,1,1081,False,,False,0.0
CUST_01192,TXN_003372,19.38,card,failed,authentication_failed,1,6,4,1030,True,retry_payment,True,19.38
CUST_01544,TXN_003373,28.98,netbanking,success,,3,12,1,854,False,,False,0.0
CUST_02514,TXN_003374,21.72,card,success,,2,7,0,212,False,,False,0.0
CUST_03362,TXN_003375,94.57,upi,success,,2,4,3,679,False,,False,0.0
CUST_02526,TXN_003376,28.17,card,success,,2,11,0,1291,False,,False,0.0
CUST_02526,TXN_003377,37.5,card,success,,3,8,4,1022,False,,False,0.0
CUST_02913,TXN_003378,52.4,card,success,,2,7,3,138,False,,False,0.0
CUST_04288,TXN_003379,18.31,card,failed,network_error,2,8,4,1370,True,retry_payment,True,18.31
CUST_01976,TXN_003380,38.67,card,success,,3,7,3,251,False,,False,0.0
CUST_04160,TXN_003381,41.25,netbanking,success,,3,6,2,1228,False,,False,0.0
CUST_03934,TXN_003382,9.55,card,success,,1,8,3,35,False,,False,0.0
CUST_04805,TXN_003383,40.53,upi,success,,2,10,2,1247,False,,False,0.0
CUST_04565,TXN_003384,31.93,upi,success,,3,6,0,1192,False,,False,0.0
CUST_03991,TXN_003385,36.74,card,success,,3,12,1,305,False,,False,0.0
CUST_01234,TXN_003386,34.07,netbanking,success,,3,6,1,605,False,,False,0.0
CUST_03871,TXN_003387,40.75,netbanking,failed,insufficient_funds,2,6,1,306,False,,False,0.0
CUST_03682,TXN_003388,96.53,netbanking,failed,card_declined,3,7,2,138,False,,False,0.0
CUST_01448,TXN_003389,12.89,netbanking,success,,1,10,1,38,False,,False,0.0
CUST_03390,TXN_003390,25.19,upi,success,,3,14,2,374,False,,False,0.0
CUST_01265,TXN_003391,56.45,wallet,success,,3,5,1,1350,False,,False,0.0
CUST_02615,TXN_003392,48.65,card,success,,1,8,2,653,False,,False,0.0
CUST_03983,TXN_003393,47.82,card,success,,3,7,1,126,False,,False,0.0
CUST_00943,TXN_003394,299.72,upi,success,,2,8,1,30,False,,False,0.0
CUST_01685,TXN_003395,54.13,card,failed,insufficient_funds,2,6,4,353,False,,False,0.0
CUST_03976,TXN_003396,81.84,upi,success,,1,4,4,790,False,,False,0.0
CUST_02269,TXN_003397,25.9,card,success,,1,7,0,657,False,,False,0.0
CUST_04803,TXN_003398,14.96,card,success,,3,6,2,565,False,,False,0.0
CUST_00040,TXN_003399,25.75,netbanking,success,,2,10,0,1079,False,,False,0.0
CUST_03609,TXN_003400,58.53,card,success,,1,12,0,1086,False,,False,0.0
CUST_04071,TXN_003401,45.85,card,success,,1,7,3,889,False,,False,0.0
CUST_04589,TXN_003402,45.72,upi,failed,expired_card,1,11,1,361,False,,False,0.0
CUST_00784,TXN_003403,27.9,netbanking,success,,2,16,1,605,False,,False,0.0
CUST_04920,TXN_003404,24.56,netbanking,success,,3,7,0,257,False,,False,0.0
CUST_01961,TXN_003405,28.68,card,success,,3,6,3,292,False,,False,0.0
CUST_01760,TXN_003406,59.12,netbanking,success,,3,8,1,718,False,,False,0.0
CUST_01778,TXN_003407,64.88,upi,success,,1,12,2,581,False,,False,0.0
CUST_03191,TXN_003408,14.81,netbanking,failed,expired_card,2,4,0,229,True,retry_payment,False,0.0
CUST_03296,TXN_003409,60.94,card,success,,1,9,2,491,False,,False,0.0
CUST_02370,TXN_003410,19.68,card,failed,card_declined,2,8,2,27,True,offer_support,False,0.0
CUST_00356,TXN_003411,48.19,upi,success,,3,8,0,399,False,,False,0.0
CUST_04933,TXN_003412,28.4,upi,failed,expired_card,3,7,1,613,False,,False,0.0
CUST_01111,TXN_003413,115.89,card,success,,3,3,2,1012,False,,False,0.0
CUST_00469,TXN_003414,23.7,upi,success,,3,11,2,833,False,,False,0.0
CUST_02987,TXN_003415,38.2,upi,success,,2,9,2,1156,False,,False,0.0
CUST_02062,TXN_003416,53.8,card,success,,1,1,1,651,False,,False,0.0
CUST_03078,TXN_003417,16.46,upi,success,,3,12,0,1424,False,,False,0.0
CUST_04377,TXN_003418,31.24,card,success,,1,15,4,1367,False,,False,0.0
CUST_00487,TXN_003419,26.76,netbanking,success,,1,8,4,915,False,,False,0.0
CUST_01420,TXN_003420,21.95,upi,success,,3,13,1,269,False,,False,0.0
CUST_02583,TXN_003421,23.29,upi,success,,3,9,5,1095,False,,False,0.0
CUST_03939,TXN_003422,80.61,wallet,success,,1,8,2,968,False,,False,0.0
CUST_03003,TXN_003423,20.52,upi,success,,3,9,1,869,False,,False,0.0
CUST_01914,TXN_003424,52.1,card,success,,3,10,2,1023,False,,False,0.0
CUST_03050,TXN_003425,42.59,upi,failed,card_declined,1,4,1,13,True,offer_support,False,0.0
CUST_04899,TXN_003426,10.83,wallet,success,,2,7,2,208,False,,False,0.0
CUST_02400,TXN_003427,50.17,card,failed,authentication_failed,1,2,0,828,True,offer_support,False,0.0
CUST_04417,TXN_003428,10.69,upi,failed,network_error,2,7,2,330,False,,False,0.0
CUST_03900,TXN_003429,54.73,card,success,,1,10,2,616,False,,False,0.0
CUST_01507,TXN_003430,22.07,netbanking,success,,1,12,1,980,False,,False,0.0
CUST_01248,TXN_003431,33.34,upi,success,,2,5,3,1129,False,,False,0.0
CUST_03851,TXN_003432,11.76,wallet,failed,expired_card,3,6,3,1079,False,,False,0.0
CUST_01038,TXN_003433,36.52,upi,success,,1,15,2,680,False,,False,0.0
CUST_01684,TXN_003434,69.52,card,success,,2,7,0,586,False,,False,0.0
CUST_01177,TXN_003435,17.36,upi,success,,2,3,2,1425,False,,False,0.0
CUST_03032,TXN_003436,20.37,wallet,success,,3,10,3,913,False,,False,0.0
CUST_01471,TXN_003437,47.64,card,success,,2,7,1,1010,False,,False,0.0
CUST_03292,TXN_003438,48.6,card,success,,2,7,1,284,False,,False,0.0
CUST_04674,TXN_003439,4.72,upi,failed,expired_card,1,12,1,712,True,send_reminder,True,4.72
CUST_04148,TXN_003440,166.06,upi,success,,3,9,2,897,False,,False,0.0
CUST_04739,TXN_003441,50.54,card,success,,2,5,1,27,False,,False,0.0
CUST_00123,TXN_003442,57.83,card,success,,1,9,0,687,False,,False,0.0
CUST_02277,TXN_003443,29.52,card,success,,1,6,4,290,False,,False,0.0
CUST_01101,TXN_003444,7.51,upi,success,,1,7,2,294,False,,False,0.0
CUST_04589,TXN_003445,56.81,upi,success,,2,9,3,1144,False,,False,0.0
CUST_03559,TXN_003446,21.07,upi,failed,network_error,3,9,1,1118,True,update_payment_method,True,21.07
CUST_01601,TXN_003447,51.17,netbanking,success,,2,10,4,1014,False,,False,0.0
CUST_02818,TXN_003448,27.8,card,success,,1,11,1,1031,False,,False,0.0
CUST_03027,TXN_003449,40.06,upi,success,,1,11,4,194,False,,False,0.0
CUST_02478,TXN_003450,17.81,card,success,,1,11,0,344,False,,False,0.0
CUST_02372,TXN_003451,66.12,card,success,,1,5,1,691,False,,False,0.0
CUST_00276,TXN_003452,12.8,upi,success,,1,7,3,903,False,,False,0.0
CUST_02262,TXN_003453,199.63,upi,success,,1,11,3,552,False,,False,0.0
CUST_01742,TXN_003454,198.41,wallet,success,,3,4,1,897,False,,False,0.0
CUST_04091,TXN_003455,122.26,card,success,,3,6,1,246,False,,False,0.0
CUST_04325,TXN_003456,91.87,card,success,,3,7,1,1011,False,,False,0.0
CUST_03752,TXN_003457,30.95,card,success,,1,7,1,487,False,,False,0.0
CUST_00155,TXN_003458,84.2,upi,success,,3,7,0,579,False,,False,0.0
CUST_04206,TXN_003459,30.66,card,success,,2,6,1,349,False,,False,0.0
CUST_01982,TXN_003460,9.56,netbanking,success,,1,4,0,143,False,,False,0.0
CUST_02082,TXN_003461,110.23,netbanking,success,,1,11,1,1442,False,,False,0.0
CUST_04725,TXN_003462,81.7,upi,success,,1,10,0,723,False,,False,0.0
CUST_04336,TXN_003463,32.3,upi,success,,1,3,1,1320,False,,False,0.0
CUST_00255,TXN_003464,12.43,card,success,,1,14,2,564,False,,False,0.0
CUST_01799,TXN_003465,20.72,upi,success,,2,14,2,1252,False,,False,0.0
CUST_03748,TXN_003466,7.71,upi,success,,3,7,3,1065,False,,False,0.0
CUST_02694,TXN_003467,70.53,netbanking,success,,1,12,1,1481,False,,False,0.0
CUST_01288,TXN_003468,9.18,upi,success,,2,7,3,738,False,,False,0.0
CUST_02624,TXN_003469,41.66,card,success,,1,7,1,760,False,,False,0.0
CUST_04333,TXN_003470,16.86,card,success,,2,4,0,1412,False,,False,0.0
CUST_01117,TXN_003471,10.58,card,success,,2,7,0,167,False,,False,0.0
CUST_03730,TXN_003472,40.07,wallet,success,,1,6,3,973,False,,False,0.0
CUST_03674,TXN_003473,25.35,netbanking,success,,2,8,2,202,False,,False,0.0
CUST_04428,TXN_003474,64.75,netbanking,success,,1,6,3,1378,False,,False,0.0
CUST_01490,TXN_003475,12.01,netbanking,failed,expired_card,2,8,1,964,True,send_reminder,True,12.01
CUST_01080,TXN_003476,18.07,card,success,,3,15,2,641,False,,False,0.0
CUST_02738,TXN_003477,4.9,upi,success,,1,8,4,1207,False,,False,0.0
CUST_02656,TXN_003478,5.77,upi,success,,2,7,0,573,False,,False,0.0
CUST_02048,TXN_003479,139.57,card,success,,3,9,2,580,False,,False,0.0
CUST_03896,TXN_003480,175.37,upi,success,,2,6,1,1349,False,,False,0.0
CUST_03995,TXN_003481,35.67,upi,success,,3,9,1,1325,False,,False,0.0
CUST_01229,TXN_003482,17.13,netbanking,success,,2,10,2,272,False,,False,0.0
CUST_03977,TXN_003483,26.08,card,success,,2,9,1,878,False,,False,0.0
CUST_01154,TXN_003484,66.61,netbanking,success,,1,8,1,1407,False,,False,0.0
CUST_02038,TXN_003485,21.94,wallet,success,,3,9,1,423,False,,False,0.0
CUST_00136,TXN_003486,40.05,wallet,success,,3,9,3,239,False,,False,0.0
CUST_01702,TXN_003487,32.78,card,success,,2,11,3,376,False,,False,0.0
CUST_04792,TXN_003488,21.01,card,success,,3,9,2,100,False,,False,0.0
CUST_02213,TXN_003489,21.74,upi,success,,2,9,1,889,False,,False,0.0
CUST_03550,TXN_003490,41.87,card,failed,network_error,1,5,2,454,False,,False,0.0
CUST_00540,TXN_003491,15.16,card,success,,1,7,1,762,False,,False,0.0
CUST_03178,TXN_003492,47.53,netbanking,success,,2,11,2,542,False,,False,0.0
CUST_01858,TXN_003493,22.71,card,success,,1,7,2,145,False,,False,0.0
CUST_03720,TXN_003494,36.67,card,success,,3,6,2,609,False,,False,0.0
CUST_04640,TXN_003495,100.2,wallet,success,,2,1,1,1209,False,,False,0.0
CUST_02658,TXN_003496,28.95,card,success,,2,9,2,327,False,,False,0.0
CUST_00515,TXN_003497,69.12,wallet,success,,2,15,2,1427,False,,False,0.0
CUST_02381,TXN_003498,7.9,card,failed,expired_card,3,14,0,1114,False,,False,0.0
CUST_00616,TXN_003499,22.73,card,success,,2,7,4,1243,False,,False,0.0
CUST_02248,TXN_003500,33.86,card,success,,3,13,3,971,False,,False,0.0
CUST_00306,TXN_003501,154.26,card,success,,1,8,2,237,False,,False,0.0
CUST_03202,TXN_003502,6.9,card,success,,1,4,2,372,False,,False,0.0
CUST_01552,TXN_003503,30.66,netbanking,success,,1,8,1,208,False,,False,0.0
CUST_01008,TXN_003504,106.2,wallet,success,,1,8,1,497,False,,False,0.0
CUST_00087,TXN_003505,17.67,card,success,,1,11,0,197,False,,False,0.0
CUST_04440,TXN_003506,27.93,card,success,,2,6,1,689,False,,False,0.0
CUST_04186,TXN_003507,43.18,upi,success,,1,11,2,447,False,,False,0.0
CUST_04058,TXN_003508,38.38,upi,success,,1,8,2,869,False,,False,0.0
CUST_00291,TXN_003509,115.89,card,success,,2,12,0,1234,False,,False,0.0
CUST_01748,TXN_003510,47.41,card,success,,3,2,1,191,False,,False,0.0
CUST_04856,TXN_003511,95.8,card,success,,1,10,1,246,False,,False,0.0
CUST_02893,TXN_003512,24.83,upi,success,,3,5,2,284,False,,False,0.0
CUST_00643,TXN_003513,18.31,card,success,,2,5,1,1395,False,,False,0.0
CUST_00705,TXN_003514,27.64,upi,success,,1,6,0,1008,False,,False,0.0
CUST_01316,TXN_003515,13.1,card,success,,1,5,1,1391,False,,False,0.0
CUST_04861,TXN_003516,48.76,card,success,,3,6,2,669,False,,False,0.0
CUST_00848,TXN_003517,24.32,upi,success,,2,5,3,1385,False,,False,0.0
CUST_04514,TXN_003518,19.35,card,success,,3,8,2,965,False,,False,0.0
CUST_03390,TXN_003519,49.35,netbanking,success,,2,8,2,521,False,,False,0.0
CUST_04609,TXN_003520,13.26,upi,success,,1,5,0,1351,False,,False,0.0
CUST_04130,TXN_003521,61.34,netbanking,success,,3,4,2,58,False,,False,0.0
CUST_01661,TXN_003522,22.59,upi,success,,2,13,0,424,False,,False,0.0
CUST_04139,TXN_003523,83.7,card,failed,expired_card,2,10,1,863,True,send_reminder,False,0.0
CUST_00846,TXN_003524,24.19,card,failed,insufficient_funds,1,10,0,1383,False,,False,0.0
CUST_01455,TXN_003525,54.9,upi,success,,2,10,1,56,False,,False,0.0
CUST_01059,TXN_003526,38.23,upi,success,,3,8,1,129,False,,False,0.0
CUST_00666,TXN_003527,60.05,card,success,,1,11,2,1315,False,,False,0.0
CUST_00450,TXN_003528,36.16,card,success,,2,7,1,1092,False,,False,0.0
CUST_00937,TXN_003529,8.75,card,success,,1,10,3,1131,False,,False,0.0
CUST_00601,TXN_003530,74.22,card,success,,3,10,1,765,False,,False,0.0
CUST_01902,TXN_003531,30.87,card,success,,3,12,0,38,False,,False,0.0
CUST_00357,TXN_003532,62.28,upi,success,,3,9,1,1205,False,,False,0.0
CUST_00307,TXN_003533,57.52,wallet,success,,3,5,2,311,False,,False,0.0
CUST_04949,TXN_003534,17.84,card,success,,3,5,2,338,False,,False,0.0
CUST_00439,TXN_003535,15.93,card,success,,2,10,4,718,False,,False,0.0
CUST_00371,TXN_003536,55.94,card,success,,3,8,0,1082,False,,False,0.0
CUST_00151,TXN_003537,25.98,card,success,,1,6,3,1484,False,,False,0.0
CUST_00663,TXN_003538,70.05,upi,success,,1,7,2,1376,False,,False,0.0
CUST_02640,TXN_003539,28.72,card,success,,1,12,0,181,False,,False,0.0
CUST_04136,TXN_003540,75.09,wallet,success,,1,6,0,1048,False,,False,0.0
CUST_03674,TXN_003541,46.46,netbanking,success,,1,10,1,816,False,,False,0.0
CUST_02901,TXN_003542,41.69,upi,success,,2,12,0,726,False,,False,0.0
CUST_00426,TXN_003543,24.55,wallet,success,,3,9,3,427,False,,False,0.0
CUST_03872,TXN_003544,39.88,upi,success,,3,8,3,449,False,,False,0.0
CUST_00187,TXN_003545,85.99,wallet,success,,2,9,1,1426,False,,False,0.0
CUST_03154,TXN_003546,31.71,card,success,,1,5,0,643,False,,False,0.0
CUST_02047,TXN_003547,50.65,wallet,success,,1,7,2,432,False,,False,0.0
CUST_04410,TXN_003548,34.37,card,success,,2,6,1,1241,False,,False,0.0
CUST_01538,TXN_003549,36.59,card,success,,2,6,1,222,False,,False,0.0
CUST_03192,TXN_003550,131.46,wallet,success,,3,8,1,1215,False,,False,0.0
CUST_02200,TXN_003551,86.61,card,failed,authentication_failed,2,11,0,643,True,retry_payment,False,0.0
CUST_02611,TXN_003552,35.29,card,success,,1,8,0,560,False,,False,0.0
CUST_04694,TXN_003553,39.31,card,success,,1,8,1,590,False,,False,0.0
CUST_03564,TXN_003554,18.89,card,success,,2,7,2,677,False,,False,0.0
CUST_02073,TXN_003555,28.84,card,failed,insufficient_funds,3,8,0,818,True,update_payment_method,True,28.84
CUST_02237,TXN_003556,42.42,card,success,,1,10,3,859,False,,False,0.0
CUST_03523,TXN_003557,65.4,upi,failed,expired_card,1,7,1,1007,True,update_payment_method,True,65.4
CUST_01730,TXN_003558,60.3,netbanking,success,,1,8,1,1403,False,,False,0.0
CUST_00840,TXN_003559,13.63,card,success,,2,13,2,492,False,,False,0.0
CUST_02338,TXN_003560,72.36,netbanking,success,,1,7,4,263,False,,False,0.0
CUST_00342,TXN_003561,30.85,upi,success,,3,5,0,526,False,,False,0.0
CUST_00849,TXN_003562,15.04,netbanking,success,,3,6,1,245,False,,False,0.0
CUST_02104,TXN_003563,96.46,netbanking,success,,2,4,2,531,False,,False,0.0
CUST_03983,TXN_003564,106.76,wallet,success,,1,6,1,1270,False,,False,0.0
CUST_03907,TXN_003565,40.89,card,success,,2,5,0,1139,False,,False,0.0
CUST_01304,TXN_003566,58.38,upi,success,,2,5,2,851,False,,False,0.0
CUST_02110,TXN_003567,61.19,wallet,success,,3,8,3,1350,False,,False,0.0
CUST_00768,TXN_003568,101.15,upi,success,,3,8,1,1282,False,,False,0.0
CUST_03776,TXN_003569,59.29,card,success,,3,9,1,529,False,,False,0.0
CUST_01232,TXN_003570,11.45,upi,success,,2,10,0,1406,False,,False,0.0
CUST_03997,TXN_003571,165.31,netbanking,failed,authentication_failed,1,11,3,1140,False,,False,0.0
CUST_04210,TXN_003572,77.67,card,success,,2,10,3,945,False,,False,0.0
CUST_03445,TXN_003573,22.03,upi,success,,3,7,0,693,False,,False,0.0
CUST_01651,TXN_003574,14.53,netbanking,failed,insufficient_funds,2,12,2,88,False,,False,0.0
CUST_04764,TXN_003575,49.59,upi,failed,authentication_failed,2,10,2,1030,True,offer_support,True,49.59
CUST_03430,TXN_003576,26.51,card,failed,insufficient_funds,3,5,2,221,True,offer_support,False,0.0
CUST_03229,TXN_003577,43.12,upi,success,,2,10,1,1347,False,,False,0.0
CUST_04282,TXN_003578,60.02,upi,success,,3,6,1,1182,False,,False,0.0
CUST_04407,TXN_003579,21.05,card,failed,network_error,2,11,1,1488,True,offer_support,True,21.05
CUST_00389,TXN_003580,13.56,upi,success,,1,10,2,1195,False,,False,0.0
CUST_04407,TXN_003581,45.09,card,success,,2,7,2,821,False,,False,0.0
CUST_03825,TXN_003582,21.61,netbanking,failed,authentication_failed,3,8,2,332,True,send_reminder,False,0.0
CUST_01033,TXN_003583,37.22,netbanking,success,,3,10,0,1460,False,,False,0.0
CUST_01539,TXN_003584,11.31,netbanking,success,,2,4,2,1020,False,,False,0.0
CUST_03763,TXN_003585,27.07,upi,success,,1,4,0,472,False,,False,0.0
CUST_01083,TXN_003586,58.67,card,failed,card_declined,2,7,1,1108,True,send_reminder,True,58.67
CUST_02262,TXN_003587,53.77,upi,success,,3,7,2,494,False,,False,0.0
CUST_03444,TXN_003588,17.62,card,success,,2,3,2,162,False,,False,0.0
CUST_03252,TXN_003589,13.01,upi,success,,2,7,2,1348,False,,False,0.0
CUST_04549,TXN_003590,33.54,card,success,,3,6,1,19,False,,False,0.0
CUST_00558,TXN_003591,51.87,upi,success,,2,10,0,548,False,,False,0.0
CUST_01475,TXN_003592,45.79,upi,failed,card_declined,3,4,1,133,True,offer_support,False,0.0
CUST_04924,TXN_003593,21.98,card,success,,1,13,0,269,False,,False,0.0
CUST_02844,TXN_003594,42.02,card,success,,2,5,2,946,False,,False,0.0
CUST_01244,TXN_003595,110.15,card,success,,1,12,1,336,False,,False,0.0
CUST_01449,TXN_003596,39.02,card,success,,1,10,1,455,False,,False,0.0
CUST_01696,TXN_003597,8.97,card,failed,card_declined,2,7,0,131,False,,False,0.0
CUST_02771,TXN_003598,38.96,netbanking,success,,2,7,3,922,False,,False,0.0
CUST_01423,TXN_003599,169.89,netbanking,failed,card_declined,1,11,1,764,False,,False,0.0
CUST_03109,TXN_003600,11.82,wallet,failed,insufficient_funds,2,8,0,841,True,send_reminder,True,11.82
CUST_02226,TXN_003601,33.91,card,success,,2,12,3,691,False,,False,0.0
CUST_03052,TXN_003602,27.63,card,success,,2,4,4,580,False,,False,0.0
CUST_00776,TXN_003603,35.76,upi,failed,card_declined,3,9,1,1287,True,retry_payment,True,35.76
CUST_03118,TXN_003604,38.68,upi,success,,3,9,1,1290,False,,False,0.0
CUST_04623,TXN_003605,82.43,upi,failed,card_declined,1,7,2,782,False,,False,0.0
CUST_00676,TXN_003606,35.44,netbanking,success,,3,6,1,597,False,,False,0.0
CUST_01637,TXN_003607,92.0,upi,success,,1,7,3,358,False,,False,0.0
CUST_03468,TXN_003608,30.14,upi,success,,3,16,1,519,False,,False,0.0
CUST_03087,TXN_003609,25.03,wallet,success,,2,10,0,1186,False,,False,0.0
CUST_03374,TXN_003610,19.39,card,success,,3,9,1,216,False,,False,0.0
CUST_02798,TXN_003611,7.74,netbanking,success,,1,6,2,829,False,,False,0.0
CUST_03413,TXN_003612,41.29,upi,success,,2,5,1,1089,False,,False,0.0
CUST_03047,TXN_003613,171.26,card,success,,2,8,2,726,False,,False,0.0
CUST_00371,TXN_003614,47.78,wallet,success,,1,7,1,566,False,,False,0.0
CUST_03756,TXN_003615,57.36,netbanking,failed,network_error,2,10,2,870,True,retry_payment,True,57.36
CUST_02234,TXN_003616,23.8,netbanking,failed,insufficient_funds,3,14,1,1345,True,retry_payment,True,23.8
CUST_00258,TXN_003617,27.24,card,success,,1,3,1,1095,False,,False,0.0
CUST_02045,TXN_003618,72.8,card,failed,authentication_failed,2,9,1,609,False,,False,0.0
CUST_02176,TXN_003619,165.17,upi,success,,2,12,5,665,False,,False,0.0
CUST_00434,TXN_003620,108.89,card,success,,1,5,1,313,False,,False,0.0
CUST_04980,TXN_003621,63.07,card,success,,2,6,1,11,False,,False,0.0
CUST_01112,TXN_003622,34.06,card,success,,1,4,3,899,False,,False,0.0
CUST_01653,TXN_003623,39.16,card,success,,1,12,2,358,False,,False,0.0
CUST_02205,TXN_003624,18.12,upi,failed,authentication_failed,3,11,1,920,True,retry_payment,True,18.12
CUST_04162,TXN_003625,10.4,upi,success,,1,4,1,1436,False,,False,0.0
CUST_03714,TXN_003626,13.44,card,success,,1,8,3,743,False,,False,0.0
CUST_03855,TXN_003627,34.46,upi,success,,2,10,1,1262,False,,False,0.0
CUST_01186,TXN_003628,26.22,card,success,,3,10,4,928,False,,False,0.0
CUST_04227,TXN_003629,10.22,card,success,,3,7,0,41,False,,False,0.0
CUST_04148,TXN_003630,32.14,upi,success,,2,6,0,1222,False,,False,0.0
CUST_02319,TXN_003631,25.67,upi,success,,1,3,2,191,False,,False,0.0
CUST_02729,TXN_003632,12.96,card,success,,1,11,1,191,False,,False,0.0
CUST_00186,TXN_003633,24.63,upi,success,,3,8,2,507,False,,False,0.0
CUST_03802,TXN_003634,25.62,card,success,,3,9,3,647,False,,False,0.0
CUST_04804,TXN_003635,20.22,upi,success,,3,4,3,440,False,,False,0.0
CUST_02363,TXN_003636,69.5,card,success,,3,9,1,1468,False,,False,0.0
CUST_02702,TXN_003637,7.23,upi,success,,2,11,2,917,False,,False,0.0
CUST_02496,TXN_003638,6.76,upi,success,,1,7,3,709,False,,False,0.0
CUST_00414,TXN_003639,33.2,card,success,,2,7,1,184,False,,False,0.0
CUST_03098,TXN_003640,35.76,upi,success,,1,8,0,452,False,,False,0.0
CUST_03607,TXN_003641,45.76,netbanking,success,,2,6,3,38,False,,False,0.0
CUST_04639,TXN_003642,21.52,card,success,,2,6,0,471,False,,False,0.0
CUST_04648,TXN_003643,15.89,upi,success,,3,10,0,77,False,,False,0.0
CUST_02459,TXN_003644,32.92,netbanking,success,,1,9,2,848,False,,False,0.0
CUST_04794,TXN_003645,23.26,card,success,,3,8,2,534,False,,False,0.0
CUST_02643,TXN_003646,114.53,wallet,success,,1,8,1,720,False,,False,0.0
CUST_03210,TXN_003647,25.55,card,success,,3,5,1,1149,False,,False,0.0
CUST_03010,TXN_003648,31.74,upi,success,,3,9,1,640,False,,False,0.0
CUST_04993,TXN_003649,239.93,netbanking,success,,1,2,1,1471,False,,False,0.0
CUST_03687,TXN_003650,28.34,wallet,success,,1,13,1,756,False,,False,0.0
CUST_00600,TXN_003651,51.67,upi,success,,3,12,4,803,False,,False,0.0
CUST_00360,TXN_003652,55.54,upi,failed,network_error,2,10,1,596,True,retry_payment,True,55.54
CUST_02049,TXN_003653,59.45,card,success,,1,6,1,1047,False,,False,0.0
CUST_02578,TXN_003654,41.75,card,success,,1,10,3,1012,False,,False,0.0
CUST_03343,TXN_003655,38.67,netbanking,success,,2,9,3,640,False,,False,0.0
CUST_02408,TXN_003656,35.88,card,success,,2,5,4,294,False,,False,0.0
CUST_02573,TXN_003657,20.89,netbanking,success,,3,11,1,263,False,,False,0.0
CUST_04608,TXN_003658,42.97,card,success,,2,5,1,420,False,,False,0.0
CUST_01675,TXN_003659,167.82,card,success,,2,8,1,934,False,,False,0.0
CUST_02468,TXN_003660,87.23,card,success,,1,8,2,1132,False,,False,0.0
CUST_02787,TXN_003661,42.23,upi,success,,3,8,2,365,False,,False,0.0
CUST_02342,TXN_003662,65.67,card,success,,3,9,1,848,False,,False,0.0
CUST_04840,TXN_003663,16.52,card,success,,2,7,1,860,False,,False,0.0
CUST_04811,TXN_003664,26.89,wallet,success,,3,12,1,710,False,,False,0.0
CUST_02566,TXN_003665,70.69,netbanking,success,,1,13,0,266,False,,False,0.0
CUST_02253,TXN_003666,108.82,netbanking,success,,2,7,1,1492,False,,False,0.0
CUST_02945,TXN_003667,17.87,card,success,,3,11,4,423,False,,False,0.0
CUST_00905,TXN_003668,22.49,card,success,,3,13,2,654,False,,False,0.0
CUST_02130,TXN_003669,189.63,upi,success,,1,4,1,570,False,,False,0.0
CUST_01085,TXN_003670,35.77,card,success,,1,12,0,1363,False,,False,0.0
CUST_00721,TXN_003671,142.41,card,success,,3,8,4,1190,False,,False,0.0
CUST_00476,TXN_003672,39.08,wallet,success,,2,7,1,592,False,,False,0.0
CUST_02935,TXN_003673,40.32,card,success,,1,4,2,1258,False,,False,0.0
CUST_00003,TXN_003674,25.94,wallet,success,,3,10,1,1412,False,,False,0.0
CUST_03231,TXN_003675,70.39,card,success,,2,7,4,1317,False,,False,0.0
CUST_02160,TXN_003676,98.12,card,success,,2,5,1,5,False,,False,0.0
CUST_01833,TXN_003677,14.47,card,success,,2,16,2,506,False,,False,0.0
CUST_03846,TXN_003678,24.98,wallet,success,,3,11,1,1494,False,,False,0.0
CUST_02694,TXN_003679,68.86,upi,success,,2,4,2,764,False,,False,0.0
CUST_03667,TXN_003680,29.86,netbanking,success,,2,11,1,156,False,,False,0.0
CUST_03547,TXN_003681,22.32,card,success,,2,6,3,926,False,,False,0.0
CUST_00161,TXN_003682,74.26,netbanking,success,,3,8,2,1469,False,,False,0.0
CUST_01078,TXN_003683,80.06,upi,failed,network_error,2,6,5,412,False,,False,0.0
CUST_02850,TXN_003684,23.11,upi,success,,1,8,2,745,False,,False,0.0
CUST_04877,TXN_003685,39.25,netbanking,success,,3,12,1,17,False,,False,0.0
CUST_00772,TXN_003686,12.59,netbanking,failed,network_error,1,8,3,1471,True,retry_payment,True,12.59
CUST_00528,TXN_003687,16.18,upi,success,,2,10,0,1346,False,,False,0.0
CUST_04705,TXN_003688,36.57,card,success,,2,7,1,51,False,,False,0.0
CUST_04834,TXN_003689,33.96,netbanking,success,,2,10,0,542,False,,False,0.0
CUST_00837,TXN_003690,15.28,card,success,,3,8,1,899,False,,False,0.0
CUST_02009,TXN_003691,18.68,wallet,success,,1,8,0,135,False,,False,0.0
CUST_03133,TXN_003692,14.13,card,success,,1,8,0,130,False,,False,0.0
CUST_00976,TXN_003693,47.66,card,success,,3,9,3,1105,False,,False,0.0
CUST_01631,TXN_003694,6.86,card,success,,1,8,5,1351,False,,False,0.0
CUST_01977,TXN_003695,14.74,upi,success,,2,11,1,1491,False,,False,0.0
CUST_03208,TXN_003696,7.46,card,success,,3,7,3,111,False,,False,0.0
CUST_01541,TXN_003697,46.3,netbanking,success,,3,11,3,974,False,,False,0.0
CUST_02061,TXN_003698,7.83,upi,success,,2,9,3,387,False,,False,0.0
CUST_01448,TXN_003699,33.97,card,success,,1,4,1,841,False,,False,0.0
CUST_03798,TXN_003700,122.93,upi,success,,2,8,1,417,False,,False,0.0
CUST_00766,TXN_003701,126.31,netbanking,success,,2,7,1,665,False,,False,0.0
CUST_01154,TXN_003702,7.81,netbanking,success,,1,5,3,247,False,,False,0.0
CUST_01250,TXN_003703,42.04,card,success,,2,9,0,385,False,,False,0.0
CUST_04529,TXN_003704,15.01,wallet,success,,3,9,0,159,False,,False,0.0
CUST_04722,TXN_003705,12.75,card,success,,2,8,2,1285,False,,False,0.0
CUST_02501,TXN_003706,30.24,upi,success,,3,8,1,602,False,,False,0.0
CUST_00782,TXN_003707,88.47,netbanking,success,,3,9,0,879,False,,False,0.0
CUST_03780,TXN_003708,53.5,card,failed,network_error,3,11,1,1378,True,update_payment_method,True,53.5
CUST_02460,TXN_003709,18.69,card,success,,1,5,0,113,False,,False,0.0
CUST_04248,TXN_003710,58.21,upi,success,,1,10,1,639,False,,False,0.0
CUST_01800,TXN_003711,5.5,card,success,,3,8,2,573,False,,False,0.0
CUST_04994,TXN_003712,18.13,card,success,,2,6,2,1112,False,,False,0.0
CUST_04035,TXN_003713,17.13,card,success,,3,7,0,721,False,,False,0.0
CUST_01120,TXN_003714,35.26,netbanking,success,,2,10,2,414,False,,False,0.0
CUST_03628,TXN_003715,28.16,card,success,,1,7,3,1471,False,,False,0.0
CUST_01435,TXN_003716,29.57,upi,success,,3,10,1,547,False,,False,0.0
CUST_01749,TXN_003717,28.8,wallet,failed,insufficient_funds,3,9,0,821,True,send_reminder,True,28.8
CUST_01252,TXN_003718,33.71,netbanking,success,,3,5,1,115,False,,False,0.0
CUST_03411,TXN_003719,51.01,upi,success,,1,9,0,1254,False,,False,0.0
CUST_01315,TXN_003720,37.32,upi,failed,network_error,3,5,2,1259,False,,False,0.0
CUST_03194,TXN_003721,26.38,card,success,,3,10,2,674,False,,False,0.0
CUST_02912,TXN_003722,45.67,card,success,,2,6,1,589,False,,False,0.0
CUST_03754,TXN_003723,64.13,card,failed,network_error,2,12,0,913,True,send_reminder,True,64.13
CUST_04967,TXN_003724,21.22,card,success,,1,8,0,780,False,,False,0.0
CUST_00045,TXN_003725,31.58,card,success,,2,5,2,493,False,,False,0.0
CUST_04951,TXN_003726,83.89,upi,success,,3,11,3,233,False,,False,0.0
CUST_00547,TXN_003727,13.71,card,success,,1,7,0,818,False,,False,0.0
CUST_02634,TXN_003728,140.3,card,failed,card_declined,2,6,2,881,True,offer_support,False,0.0
CUST_01705,TXN_003729,11.34,netbanking,success,,1,3,0,398,False,,False,0.0
CUST_03195,TXN_003730,25.12,card,success,,1,7,2,144,False,,False,0.0
CUST_03608,TXN_003731,15.48,upi,success,,1,10,0,1357,False,,False,0.0
CUST_04299,TXN_003732,190.63,card,success,,3,9,3,735,False,,False,0.0
CUST_02010,TXN_003733,22.14,upi,success,,1,5,0,575,False,,False,0.0
CUST_04664,TXN_003734,22.18,card,success,,1,8,2,1345,False,,False,0.0
CUST_01612,TXN_003735,24.62,card,success,,3,9,1,504,False,,False,0.0
CUST_01020,TXN_003736,35.75,netbanking,success,,3,8,0,1418,False,,False,0.0
CUST_01896,TXN_003737,25.46,upi,success,,1,5,2,710,False,,False,0.0
CUST_02643,TXN_003738,29.78,card,success,,3,5,2,1394,False,,False,0.0
CUST_03341,TXN_003739,1.97,card,success,,2,7,1,368,False,,False,0.0
CUST_04164,TXN_003740,34.66,upi,success,,1,9,3,1376,False,,False,0.0
CUST_01125,TXN_003741,33.59,card,success,,1,6,2,164,False,,False,0.0
CUST_01516,TXN_003742,76.01,upi,success,,3,7,1,879,False,,False,0.0
CUST_04693,TXN_003743,94.37,upi,success,,3,6,0,336,False,,False,0.0
CUST_02199,TXN_003744,28.5,upi,success,,2,8,1,374,False,,False,0.0
CUST_01208,TXN_003745,63.62,netbanking,success,,3,10,1,313,False,,False,0.0
CUST_04928,TXN_003746,13.72,card,success,,2,12,0,1194,False,,False,0.0
CUST_02245,TXN_003747,61.18,netbanking,success,,1,6,1,949,False,,False,0.0
CUST_04925,TXN_003748,20.95,upi,success,,3,5,2,99,False,,False,0.0
CUST_04596,TXN_003749,12.84,upi,failed,network_error,1,6,3,1407,True,retry_payment,True,12.84
CUST_04530,TXN_003750,28.55,upi,success,,3,8,2,1461,False,,False,0.0
CUST_02909,TXN_003751,101.53,upi,success,,1,5,3,62,False,,False,0.0
CUST_03992,TXN_003752,38.28,card,success,,2,4,1,1158,False,,False,0.0
CUST_04802,TXN_003753,109.64,wallet,success,,1,7,0,1115,False,,False,0.0
CUST_01346,TXN_003754,18.19,wallet,success,,3,9,0,765,False,,False,0.0
CUST_00189,TXN_003755,76.58,card,success,,1,13,2,217,False,,False,0.0
CUST_01604,TXN_003756,19.65,upi,failed,insufficient_funds,2,7,1,1454,True,update_payment_method,True,19.65
CUST_03184,TXN_003757,39.66,netbanking,failed,network_error,1,8,1,859,False,,False,0.0
CUST_02736,TXN_003758,39.38,wallet,failed,authentication_failed,3,9,5,912,True,retry_payment,False,0.0
CUST_00403,TXN_003759,56.22,upi,failed,insufficient_funds,2,9,2,1465,True,send_reminder,False,0.0
CUST_02804,TXN_003760,40.47,card,success,,1,4,3,47,False,,False,0.0
CUST_00872,TXN_003761,18.33,upi,success,,1,11,2,96,False,,False,0.0
CUST_02528,TXN_003762,66.97,card,success,,2,12,0,974,False,,False,0.0
CUST_02878,TXN_003763,132.33,upi,success,,3,9,3,1392,False,,False,0.0
CUST_03183,TXN_003764,20.76,upi,success,,1,9,2,998,False,,False,0.0
CUST_02063,TXN_003765,7.63,upi,success,,2,14,2,324,False,,False,0.0
CUST_02042,TXN_003766,49.38,card,success,,3,11,1,77,False,,False,0.0
CUST_03393,TXN_003767,25.41,upi,success,,3,10,3,430,False,,False,0.0
CUST_03746,TXN_003768,29.82,upi,success,,3,6,0,680,False,,False,0.0
CUST_04038,TXN_003769,51.67,card,failed,card_declined,3,11,2,672,True,offer_support,True,51.67
CUST_01668,TXN_003770,22.99,card,success,,1,14,6,1043,False,,False,0.0
CUST_02120,TXN_003771,26.71,card,success,,1,12,3,42,False,,False,0.0
CUST_01654,TXN_003772,30.57,netbanking,success,,2,7,1,1248,False,,False,0.0
CUST_02638,TXN_003773,107.32,upi,success,,3,8,1,395,False,,False,0.0
CUST_00637,TXN_003774,33.92,upi,success,,2,9,2,232,False,,False,0.0
CUST_02151,TXN_003775,12.32,upi,success,,1,2,1,1184,False,,False,0.0
CUST_00944,TXN_003776,12.72,netbanking,success,,1,11,0,110,False,,False,0.0
CUST_02662,TXN_003777,37.02,upi,success,,2,8,2,164,False,,False,0.0
CUST_04252,TXN_003778,13.42,card,failed,authentication_failed,1,8,3,310,False,,False,0.0
CUST_04926,TXN_003779,9.49,card,success,,3,12,1,681,False,,False,0.0
CUST_02231,TXN_003780,55.06,card,success,,3,10,0,668,False,,False,0.0
CUST_00282,TXN_003781,57.26,netbanking,success,,3,11,0,1033,False,,False,0.0
CUST_01140,TXN_003782,24.67,upi,success,,1,9,1,407,False,,False,0.0
CUST_00524,TXN_003783,41.88,netbanking,success,,1,9,0,1457,False,,False,0.0
CUST_03796,TXN_003784,38.49,upi,success,,2,9,1,1063,False,,False,0.0
CUST_04923,TXN_003785,53.62,netbanking,success,,3,11,0,878,False,,False,0.0
CUST_02770,TXN_003786,53.72,wallet,success,,3,7,3,977,False,,False,0.0
CUST_00885,TXN_003787,4.12,upi,success,,1,7,0,100,False,,False,0.0
CUST_00106,TXN_003788,27.32,card,failed,authentication_failed,1,10,0,753,True,retry_payment,True,27.32
CUST_04880,TXN_003789,50.12,card,success,,1,11,2,575,False,,False,0.0
CUST_01582,TXN_003790,23.85,upi,success,,2,4,2,1433,False,,False,0.0
CUST_00560,TXN_003791,34.09,netbanking,success,,1,12,2,918,False,,False,0.0
CUST_00885,TXN_003792,60.37,upi,failed,network_error,3,4,2,1412,True,update_payment_method,True,60.37
CUST_01277,TXN_003793,35.33,card,success,,2,7,2,1316,False,,False,0.0
CUST_03279,TXN_003794,110.65,upi,success,,3,12,1,598,False,,False,0.0
CUST_04459,TXN_003795,81.58,card,success,,1,7,2,118,False,,False,0.0
CUST_01375,TXN_003796,30.12,card,success,,1,7,1,407,False,,False,0.0
CUST_03436,TXN_003797,28.26,netbanking,failed,insufficient_funds,1,5,2,752,True,update_payment_method,False,0.0
CUST_00325,TXN_003798,3.39,upi,success,,1,6,2,968,False,,False,0.0
CUST_00051,TXN_003799,25.5,card,success,,3,5,1,1181,False,,False,0.0
CUST_00275,TXN_003800,11.22,card,success,,3,16,1,880,False,,False,0.0
CUST_04615,TXN_003801,39.53,upi,success,,3,8,0,1155,False,,False,0.0
CUST_02909,TXN_003802,37.42,card,success,,1,8,2,1021,False,,False,0.0
CUST_04026,TXN_003803,57.78,card,success,,1,11,1,70,False,,False,0.0
CUST_00109,TXN_003804,101.22,upi,success,,2,13,0,193,False,,False,0.0
CUST_00112,TXN_003805,32.43,upi,failed,insufficient_funds,3,9,1,581,True,retry_payment,False,0.0
CUST_04244,TXN_003806,205.27,card,success,,1,7,5,653,False,,False,0.0
CUST_00513,TXN_003807,39.88,upi,success,,1,11,1,24,False,,False,0.0
CUST_00777,TXN_003808,11.61,upi,failed,authentication_failed,3,6,2,1430,True,retry_payment,False,0.0
CUST_02595,TXN_003809,21.12,card,success,,2,6,1,1106,False,,False,0.0
CUST_03033,TXN_003810,24.58,card,success,,2,9,0,1220,False,,False,0.0
CUST_01145,TXN_003811,53.18,card,success,,2,8,4,219,False,,False,0.0
CUST_02223,TXN_003812,15.52,card,failed,network_error,2,12,3,1291,False,,False,0.0
CUST_03374,TXN_003813,26.09,netbanking,success,,2,3,0,1290,False,,False,0.0
CUST_02214,TXN_003814,29.11,upi,success,,3,5,4,1200,False,,False,0.0
CUST_01913,TXN_003815,23.14,wallet,success,,3,6,2,837,False,,False,0.0
CUST_00359,TXN_003816,63.38,card,success,,1,3,3,279,False,,False,0.0
CUST_02259,TXN_003817,55.32,upi,success,,1,14,0,1224,False,,False,0.0
CUST_04013,TXN_003818,84.2,upi,success,,2,8,1,1226,False,,False,0.0
CUST_03134,TXN_003819,25.41,netbanking,success,,3,8,2,64,False,,False,0.0
CUST_04465,TXN_003820,86.66,netbanking,failed,insufficient_funds,3,12,6,185,True,retry_payment,False,0.0
CUST_00631,TXN_003821,11.12,upi,success,,3,6,2,1084,False,,False,0.0
CUST_00056,TXN_003822,10.91,upi,failed,authentication_failed,2,16,1,349,True,retry_payment,False,0.0
CUST_02741,TXN_003823,12.54,wallet,success,,1,3,1,1428,False,,False,0.0
CUST_00893,TXN_003824,33.36,wallet,failed,expired_card,1,10,3,704,False,,False,0.0
CUST_02970,TXN_003825,86.65,wallet,success,,3,11,3,1380,False,,False,0.0
CUST_04519,TXN_003826,20.46,card,success,,3,12,0,645,False,,False,0.0
CUST_01686,TXN_003827,22.62,card,success,,2,9,3,752,False,,False,0.0
CUST_02747,TXN_003828,27.86,card,success,,1,10,2,1241,False,,False,0.0
CUST_03408,TXN_003829,52.37,upi,success,,3,9,4,720,False,,False,0.0
CUST_00751,TXN_003830,22.6,card,success,,2,9,0,748,False,,False,0.0
CUST_04486,TXN_003831,21.61,card,success,,2,8,1,1319,False,,False,0.0
CUST_01014,TXN_003832,11.29,upi,success,,1,16,1,47,False,,False,0.0
CUST_04041,TXN_003833,20.96,card,success,,2,4,3,92,False,,False,0.0
CUST_03300,TXN_003834,84.94,upi,success,,3,11,2,1196,False,,False,0.0
CUST_00705,TXN_003835,35.61,card,failed,expired_card,3,10,2,177,False,,False,0.0
CUST_03624,TXN_003836,18.32,netbanking,success,,1,9,1,695,False,,False,0.0
CUST_00983,TXN_003837,89.02,card,success,,3,8,1,49,False,,False,0.0
CUST_02997,TXN_003838,20.74,upi,success,,1,10,0,270,False,,False,0.0
CUST_04798,TXN_003839,103.13,upi,success,,3,3,3,379,False,,False,0.0
CUST_04765,TXN_003840,101.79,card,success,,2,6,0,134,False,,False,0.0
CUST_04356,TXN_003841,34.63,card,failed,network_error,3,10,0,1163,True,update_payment_method,True,34.63
CUST_02470,TXN_003842,9.99,netbanking,failed,card_declined,1,8,0,1464,False,,False,0.0
CUST_02798,TXN_003843,206.77,upi,success,,1,8,0,1482,False,,False,0.0
CUST_01502,TXN_003844,45.14,card,success,,3,5,0,566,False,,False,0.0
CUST_04604,TXN_003845,25.56,upi,success,,1,8,0,227,False,,False,0.0
CUST_02386,TXN_003846,71.16,card,success,,2,9,0,752,False,,False,0.0
CUST_03858,TXN_003847,58.08,upi,success,,1,12,1,1366,False,,False,0.0
CUST_01798,TXN_003848,94.51,upi,success,,2,10,1,1101,False,,False,0.0
CUST_03702,TXN_003849,19.49,upi,success,,1,9,1,968,False,,False,0.0
CUST_01122,TXN_003850,42.72,card,failed,network_error,1,1,1,1338,True,retry_payment,True,42.72
CUST_03669,TXN_003851,12.82,card,success,,3,12,1,581,False,,False,0.0
CUST_00230,TXN_003852,56.43,card,success,,3,10,0,225,False,,False,0.0
CUST_00524,TXN_003853,32.51,card,success,,2,7,0,994,False,,False,0.0
CUST_01761,TXN_003854,41.46,upi,success,,2,4,2,469,False,,False,0.0
CUST_02410,TXN_003855,29.46,upi,success,,3,6,4,1464,False,,False,0.0
CUST_03557,TXN_003856,27.09,card,failed,insufficient_funds,2,10,1,566,True,retry_payment,False,0.0
CUST_01795,TXN_003857,16.53,card,success,,1,7,2,1180,False,,False,0.0
CUST_00093,TXN_003858,62.32,upi,success,,1,7,3,720,False,,False,0.0
CUST_01627,TXN_003859,109.05,upi,success,,2,6,1,374,False,,False,0.0
CUST_02196,TXN_003860,21.21,netbanking,success,,3,10,0,849,False,,False,0.0
CUST_02719,TXN_003861,51.56,card,success,,2,11,2,1477,False,,False,0.0
CUST_03220,TXN_003862,46.79,card,failed,card_declined,2,5,1,319,False,,False,0.0
CUST_01239,TXN_003863,33.33,card,success,,3,10,5,450,False,,False,0.0
CUST_03052,TXN_003864,9.76,upi,failed,expired_card,1,5,1,881,False,,False,0.0
CUST_03158,TXN_003865,11.69,upi,success,,2,3,0,705,False,,False,0.0
CUST_03883,TXN_003866,17.73,card,failed,expired_card,1,14,1,55,True,send_reminder,False,0.0
CUST_02610,TXN_003867,5.98,card,failed,insufficient_funds,2,8,0,73,False,,False,0.0
CUST_04052,TXN_003868,102.15,upi,success,,2,13,0,1420,False,,False,0.0
CUST_01108,TXN_003869,44.44,card,success,,3,5,1,760,False,,False,0.0
CUST_03558,TXN_003870,32.33,upi,failed,card_declined,1,7,3,1322,False,,False,0.0
CUST_00230,TXN_003871,5.74,card,failed,card_declined,3,6,0,1355,True,send_reminder,True,5.74
CUST_00514,TXN_003872,7.7,card,success,,2,10,0,232,False,,False,0.0
CUST_04323,TXN_003873,33.05,card,failed,insufficient_funds,2,7,4,961,False,,False,0.0
CUST_02375,TXN_003874,160.2,wallet,failed,network_error,1,5,2,108,True,offer_support,False,0.0
CUST_03104,TXN_003875,18.94,card,success,,1,4,0,1373,False,,False,0.0
CUST_03017,TXN_003876,66.09,card,success,,2,9,1,1089,False,,False,0.0
CUST_03474,TXN_003877,22.56,netbanking,success,,1,10,2,766,False,,False,0.0
CUST_01228,TXN_003878,34.61,card,success,,3,16,2,697,False,,False,0.0
CUST_00892,TXN_003879,87.51,card,failed,authentication_failed,3,11,2,561,True,offer_support,True,87.51
CUST_00213,TXN_003880,25.11,card,failed,network_error,2,4,1,1172,False,,False,0.0
CUST_04323,TXN_003881,19.07,upi,success,,3,14,2,1264,False,,False,0.0
CUST_01118,TXN_003882,102.97,card,success,,1,3,1,33,False,,False,0.0
CUST_02876,TXN_003883,34.34,netbanking,success,,3,13,1,1046,False,,False,0.0
CUST_02275,TXN_003884,79.28,upi,success,,2,7,1,1054,False,,False,0.0
CUST_00812,TXN_003885,19.14,upi,success,,3,14,2,426,False,,False,0.0
CUST_02070,TXN_003886,102.04,card,success,,3,7,0,881,False,,False,0.0
CUST_00416,TXN_003887,41.22,netbanking,success,,1,10,1,215,False,,False,0.0
CUST_00884,TXN_003888,46.89,netbanking,success,,3,6,2,1065,False,,False,0.0
CUST_00699,TXN_003889,36.79,netbanking,failed,network_error,3,13,3,458,True,send_reminder,True,36.79
CUST_04122,TXN_003890,22.1,card,success,,3,10,1,1119,False,,False,0.0
CUST_02837,TXN_003891,33.07,upi,success,,1,12,4,1433,False,,False,0.0
CUST_04628,TXN_003892,23.24,upi,failed,network_error,3,6,0,1301,True,offer_support,False,0.0
CUST_02180,TXN_003893,71.35,wallet,failed,expired_card,1,7,0,303,True,retry_payment,True,71.35
CUST_01007,TXN_003894,28.15,card,success,,1,7,1,259,False,,False,0.0
CUST_03043,TXN_003895,10.0,netbanking,success,,2,3,0,1263,False,,False,0.0
CUST_04647,TXN_003896,8.64,upi,success,,1,5,2,1385,False,,False,0.0
CUST_02663,TXN_003897,8.32,netbanking,success,,2,5,3,243,False,,False,0.0
CUST_00090,TXN_003898,54.29,upi,success,,1,6,0,881,False,,False,0.0
CUST_01518,TXN_003899,13.18,netbanking,success,,3,7,2,970,False,,False,0.0
CUST_04624,TXN_003900,42.1,card,success,,1,13,2,592,False,,False,0.0
CUST_02592,TXN_003901,36.94,card,success,,3,8,1,226,False,,False,0.0
CUST_04759,TXN_003902,31.44,card,failed,authentication_failed,3,10,2,516,True,send_reminder,True,31.44
CUST_02546,TXN_003903,47.03,netbanking,success,,1,7,1,1189,False,,False,0.0
CUST_00061,TXN_003904,37.59,card,success,,1,6,0,1499,False,,False,0.0
CUST_04365,TXN_003905,3.79,upi,success,,3,2,1,273,False,,False,0.0
CUST_03815,TXN_003906,25.56,wallet,success,,2,5,1,731,False,,False,0.0
CUST_03576,TXN_003907,46.53,netbanking,success,,2,13,2,469,False,,False,0.0
CUST_04851,TXN_003908,123.01,upi,success,,1,6,2,680,False,,False,0.0
CUST_00981,TXN_003909,127.63,netbanking,failed,network_error,2,5,0,497,True,update_payment_method,True,127.63
CUST_04529,TXN_003910,11.13,card,failed,card_declined,3,8,1,669,True,update_payment_method,True,11.13
CUST_01163,TXN_003911,25.03,upi,failed,authentication_failed,3,9,1,931,True,retry_payment,False,0.0
CUST_04853,TXN_003912,9.46,upi,success,,3,9,2,1462,False,,False,0.0
CUST_00957,TXN_003913,111.71,netbanking,success,,1,9,1,715,False,,False,0.0
CUST_02752,TXN_003914,74.46,card,success,,3,15,2,1327,False,,False,0.0
CUST_03946,TXN_003915,43.84,card,success,,2,6,1,1339,False,,False,0.0
CUST_00391,TXN_003916,37.82,upi,success,,2,11,2,218,False,,False,0.0
CUST_00334,TXN_003917,99.93,upi,success,,1,7,1,1478,False,,False,0.0
CUST_04249,TXN_003918,87.27,netbanking,success,,3,7,3,1462,False,,False,0.0
CUST_00303,TXN_003919,83.63,upi,failed,network_error,1,7,0,504,False,,False,0.0
CUST_03069,TXN_003920,47.72,netbanking,success,,3,7,1,650,False,,False,0.0
CUST_04691,TXN_003921,25.04,upi,failed,network_error,3,8,2,113,False,,False,0.0
CUST_03074,TXN_003922,61.17,netbanking,success,,2,5,1,607,False,,False,0.0
CUST_02405,TXN_003923,63.61,upi,success,,1,9,4,211,False,,False,0.0
CUST_02086,TXN_003924,28.43,card,success,,2,4,0,242,False,,False,0.0
CUST_03191,TXN_003925,25.0,card,success,,1,9,0,1273,False,,False,0.0
CUST_02859,TXN_003926,81.99,netbanking,failed,authentication_failed,2,7,4,220,True,offer_support,True,81.99
CUST_02509,TXN_003927,125.37,card,success,,1,8,1,1024,False,,False,0.0
CUST_00768,TXN_003928,18.18,upi,success,,3,12,1,458,False,,False,0.0
CUST_03313,TXN_003929,26.82,card,success,,2,9,1,181,False,,False,0.0
CUST_03699,TXN_003930,43.85,netbanking,success,,3,7,1,242,False,,False,0.0
CUST_03544,TXN_003931,48.88,card,success,,3,6,0,1414,False,,False,0.0
CUST_00376,TXN_003932,21.8,upi,success,,1,5,2,492,False,,False,0.0
CUST_03514,TXN_003933,149.43,upi,success,,3,9,2,1169,False,,False,0.0
CUST_03649,TXN_003934,46.42,card,success,,1,10,3,703,False,,False,0.0
CUST_00917,TXN_003935,50.66,upi,success,,1,10,2,243,False,,False,0.0
CUST_04245,TXN_003936,135.25,netbanking,success,,1,6,1,541,False,,False,0.0
CUST_02619,TXN_003937,23.12,upi,success,,3,13,2,1023,False,,False,0.0
CUST_02362,TXN_003938,30.85,wallet,success,,3,7,3,1138,False,,False,0.0
CUST_03613,TXN_003939,12.15,netbanking,success,,3,6,0,772,False,,False,0.0
CUST_02549,TXN_003940,28.85,upi,success,,2,4,1,308,False,,False,0.0
CUST_02724,TXN_003941,10.06,upi,success,,1,7,2,378,False,,False,0.0
CUST_01561,TXN_003942,60.24,wallet,success,,3,11,3,294,False,,False,0.0
CUST_04639,TXN_003943,46.34,upi,success,,2,10,3,1052,False,,False,0.0
CUST_04847,TXN_003944,26.53,card,success,,2,6,2,747,False,,False,0.0
CUST_00653,TXN_003945,30.56,netbanking,success,,2,7,1,1068,False,,False,0.0
CUST_03665,TXN_003946,60.9,wallet,failed,card_declined,1,5,2,1275,False,,False,0.0
CUST_00117,TXN_003947,13.35,upi,failed,network_error,1,9,4,1017,True,retry_payment,False,0.0
CUST_01845,TXN_003948,38.99,card,success,,2,7,3,685,False,,False,0.0
CUST_04850,TXN_003949,57.95,upi,success,,2,5,3,1467,False,,False,0.0
CUST_00874,TXN_003950,7.96,upi,success,,1,9,0,1278,False,,False,0.0
CUST_01885,TXN_003951,57.28,card,success,,2,9,0,538,False,,False,0.0
CUST_01098,TXN_003952,8.68,upi,success,,2,6,0,730,False,,False,0.0
CUST_03641,TXN_003953,30.14,upi,failed,card_declined,2,11,0,1359,True,offer_support,True,30.14
CUST_02320,TXN_003954,13.06,card,success,,2,11,2,958,False,,False,0.0
CUST_02965,TXN_003955,104.06,upi,success,,1,6,0,376,False,,False,0.0
CUST_04712,TXN_003956,13.12,card,success,,2,6,3,824,False,,False,0.0
CUST_02605,TXN_003957,8.84,netbanking,success,,3,6,1,913,False,,False,0.0
CUST_03670,TXN_003958,36.84,card,failed,expired_card,2,9,2,1492,True,offer_support,False,0.0
CUST_00490,TXN_003959,23.78,netbanking,success,,2,6,4,1091,False,,False,0.0
CUST_01077,TXN_003960,9.94,card,success,,2,9,1,711,False,,False,0.0
CUST_04734,TXN_003961,50.43,wallet,success,,1,4,2,309,False,,False,0.0
CUST_04297,TXN_003962,6.73,netbanking,success,,3,6,3,1031,False,,False,0.0
CUST_03283,TXN_003963,14.45,card,success,,3,13,1,257,False,,False,0.0
CUST_01891,TXN_003964,20.9,wallet,success,,1,9,3,1091,False,,False,0.0
CUST_00999,TXN_003965,62.91,upi,success,,2,7,0,806,False,,False,0.0
CUST_04258,TXN_003966,93.35,upi,success,,3,11,0,1264,False,,False,0.0
CUST_03926,TXN_003967,80.02,wallet,success,,2,9,1,982,False,,False,0.0
CUST_01209,TXN_003968,29.29,wallet,failed,card_declined,2,11,0,1015,False,,False,0.0
CUST_02949,TXN_003969,4.75,upi,success,,3,7,3,339,False,,False,0.0
CUST_03093,TXN_003970,45.27,wallet,success,,2,6,1,1412,False,,False,0.0
CUST_02387,TXN_003971,107.39,card,failed,insufficient_funds,3,9,2,680,True,offer_support,True,107.39
CUST_04633,TXN_003972,88.86,card,success,,1,6,1,1262,False,,False,0.0
CUST_00621,TXN_003973,47.96,card,failed,authentication_failed,2,6,0,1468,True,offer_support,True,47.96
CUST_01290,TXN_003974,12.79,card,success,,1,10,1,1294,False,,False,0.0
CUST_00476,TXN_003975,21.75,upi,success,,1,10,1,1319,False,,False,0.0
CUST_03464,TXN_003976,155.56,card,success,,3,5,2,1444,False,,False,0.0
CUST_03220,TXN_003977,10.66,upi,failed,insufficient_funds,3,8,6,609,True,offer_support,False,0.0
CUST_04936,TXN_003978,13.22,card,success,,3,9,0,477,False,,False,0.0
CUST_02712,TXN_003979,70.39,card,success,,3,6,3,502,False,,False,0.0
CUST_00753,TXN_003980,23.45,upi,success,,2,2,4,898,False,,False,0.0
CUST_02254,TXN_003981,12.87,card,success,,2,13,3,33,False,,False,0.0
CUST_00442,TXN_003982,112.44,upi,success,,1,6,2,129,False,,False,0.0
CUST_03354,TXN_003983,47.89,netbanking,success,,3,5,1,816,False,,False,0.0
CUST_03371,TXN_003984,24.4,upi,success,,3,8,1,900,False,,False,0.0
CUST_04288,TXN_003985,13.24,netbanking,success,,1,9,0,1218,False,,False,0.0
CUST_01699,TXN_003986,170.36,wallet,success,,3,6,0,253,False,,False,0.0
CUST_01551,TXN_003987,32.47,card,success,,1,9,1,514,False,,False,0.0
CUST_00357,TXN_003988,101.28,upi,success,,3,5,0,783,False,,False,0.0
CUST_02076,TXN_003989,67.69,card,success,,1,9,1,1063,False,,False,0.0
CUST_02377,TXN_003990,21.83,card,success,,1,8,2,357,False,,False,0.0
CUST_03772,TXN_003991,21.97,upi,success,,2,5,0,1290,False,,False,0.0
CUST_03769,TXN_003992,105.33,upi,success,,2,7,1,1379,False,,False,0.0
CUST_00702,TXN_003993,106.7,netbanking,failed,network_error,1,8,0,588,True,update_payment_method,True,106.7
CUST_01426,TXN_003994,7.38,upi,success,,3,8,1,162,False,,False,0.0
CUST_02557,TXN_003995,51.41,netbanking,success,,3,10,1,83,False,,False,0.0
CUST_01675,TXN_003996,30.05,upi,success,,1,12,1,719,False,,False,0.0
CUST_00128,TXN_003997,14.49,card,success,,2,11,0,72,False,,False,0.0
CUST_04228,TXN_003998,40.83,card,success,,1,4,1,1168,False,,False,0.0
CUST_03656,TXN_003999,11.25,upi,success,,3,3,5,725,False,,False,0.0
CUST_02600,TXN_004000,22.8,upi,success,,3,9,1,619,False,,False,0.0
CUST_01588,TXN_004001,17.48,card,success,,3,9,4,747,False,,False,0.0
CUST_04213,TXN_004002,22.2,card,success,,2,6,0,690,False,,False,0.0
CUST_00177,TXN_004003,31.27,card,success,,1,4,1,1313,False,,False,0.0
CUST_02232,TXN_004004,14.7,upi,success,,1,10,0,1247,False,,False,0.0
CUST_04005,TXN_004005,116.58,card,success,,3,9,1,368,False,,False,0.0
CUST_04764,TXN_004006,49.14,card,success,,2,9,3,783,False,,False,0.0
CUST_01257,TXN_004007,139.16,card,success,,2,11,4,1428,False,,False,0.0
CUST_03254,TXN_004008,29.13,card,success,,3,10,2,1013,False,,False,0.0
CUST_00949,TXN_004009,21.35,upi,success,,2,11,1,219,False,,False,0.0
CUST_00580,TXN_004010,135.2,wallet,failed,network_error,3,5,1,265,False,,False,0.0
CUST_01765,TXN_004011,20.85,card,success,,3,12,3,932,False,,False,0.0
CUST_04425,TXN_004012,28.71,upi,success,,1,6,2,1383,False,,False,0.0
CUST_03447,TXN_004013,58.91,upi,success,,3,5,2,492,False,,False,0.0
CUST_02446,TXN_004014,12.3,upi,failed,insufficient_funds,3,5,0,1042,False,,False,0.0
CUST_01414,TXN_004015,58.5,card,success,,3,6,2,787,False,,False,0.0
CUST_00709,TXN_004016,52.81,card,success,,2,12,0,1463,False,,False,0.0
CUST_01354,TXN_004017,91.42,wallet,success,,3,6,0,134,False,,False,0.0
CUST_00764,TXN_004018,67.49,wallet,success,,1,10,2,1267,False,,False,0.0
CUST_00936,TXN_004019,93.69,card,failed,authentication_failed,1,10,1,1373,True,update_payment_method,False,0.0
CUST_03437,TXN_004020,30.32,upi,success,,1,14,3,1318,False,,False,0.0
CUST_00664,TXN_004021,16.61,card,failed,network_error,1,9,2,333,True,retry_payment,True,16.61
CUST_00237,TXN_004022,179.11,card,failed,card_declined,3,7,0,858,True,update_payment_method,True,179.11
CUST_02712,TXN_004023,9.76,card,failed,card_declined,1,5,1,30,True,offer_support,True,9.76
CUST_01433,TXN_004024,10.58,upi,success,,1,8,0,983,False,,False,0.0
CUST_02274,TXN_004025,52.04,card,failed,authentication_failed,3,10,1,1212,True,retry_payment,True,52.04
CUST_00699,TXN_004026,121.51,card,success,,1,6,0,1003,False,,False,0.0
CUST_01050,TXN_004027,38.54,card,success,,2,6,1,1340,False,,False,0.0
CUST_02205,TXN_004028,73.66,card,success,,3,8,1,770,False,,False,0.0
CUST_03450,TXN_004029,6.71,card,success,,2,4,1,389,False,,False,0.0
CUST_02072,TXN_004030,22.21,upi,success,,3,12,4,770,False,,False,0.0
CUST_02709,TXN_004031,7.4,upi,success,,1,3,3,1283,False,,False,0.0
CUST_02609,TXN_004032,61.83,upi,success,,1,13,3,1306,False,,False,0.0
CUST_01345,TXN_004033,9.6,upi,success,,2,11,3,891,False,,False,0.0
CUST_01398,TXN_004034,11.91,netbanking,success,,3,6,0,741,False,,False,0.0
CUST_02129,TXN_004035,49.96,card,success,,2,9,0,842,False,,False,0.0
CUST_00161,TXN_004036,77.44,card,success,,3,11,6,501,False,,False,0.0
CUST_03427,TXN_004037,29.16,netbanking,success,,3,6,0,1497,False,,False,0.0
CUST_03072,TXN_004038,52.26,upi,success,,3,6,2,742,False,,False,0.0
CUST_01531,TXN_004039,50.92,upi,success,,2,7,1,220,False,,False,0.0
CUST_01869,TXN_004040,27.87,card,success,,3,5,2,1238,False,,False,0.0
CUST_01644,TXN_004041,13.79,card,success,,3,10,2,1048,False,,False,0.0
CUST_03257,TXN_004042,52.03,card,success,,1,7,2,1047,False,,False,0.0
CUST_03798,TXN_004043,54.08,netbanking,success,,1,8,3,1223,False,,False,0.0
CUST_00544,TXN_004044,67.71,upi,failed,insufficient_funds,3,4,1,50,True,send_reminder,False,0.0
CUST_02067,TXN_004045,42.51,card,success,,1,9,2,783,False,,False,0.0
CUST_00069,TXN_004046,13.0,card,failed,expired_card,2,8,4,919,True,send_reminder,True,13.0
CUST_02261,TXN_004047,57.53,card,success,,3,2,2,1459,False,,False,0.0
CUST_01242,TXN_004048,33.08,card,success,,2,6,2,1129,False,,False,0.0
CUST_01679,TXN_004049,22.51,upi,success,,1,7,1,1483,False,,False,0.0
CUST_02283,TXN_004050,26.16,card,failed,authentication_failed,1,9,0,1158,True,update_payment_method,True,26.16
CUST_01619,TXN_004051,19.06,netbanking,success,,2,8,1,952,False,,False,0.0
CUST_01970,TXN_004052,67.43,upi,success,,2,12,0,149,False,,False,0.0
CUST_03824,TXN_004053,10.65,wallet,success,,3,4,0,51,False,,False,0.0
CUST_04051,TXN_004054,14.96,netbanking,success,,1,9,3,1068,False,,False,0.0
CUST_00030,TXN_004055,25.46,wallet,success,,2,14,4,1329,False,,False,0.0
CUST_01889,TXN_004056,120.42,wallet,success,,2,9,3,178,False,,False,0.0
CUST_04234,TXN_004057,76.97,card,failed,expired_card,3,8,1,1184,False,,False,0.0
CUST_02652,TXN_004058,8.91,card,success,,1,8,1,618,False,,False,0.0
CUST_01027,TXN_004059,97.62,card,success,,3,12,0,142,False,,False,0.0
CUST_02967,TXN_004060,97.47,upi,success,,3,7,0,1204,False,,False,0.0
CUST_00725,TXN_004061,12.95,upi,success,,2,8,2,1485,False,,False,0.0
CUST_00110,TXN_004062,4.41,card,success,,1,7,2,754,False,,False,0.0
CUST_03162,TXN_004063,31.26,netbanking,success,,1,9,1,118,False,,False,0.0
CUST_02576,TXN_004064,81.28,netbanking,success,,2,10,3,611,False,,False,0.0
CUST_03782,TXN_004065,118.27,upi,success,,2,6,3,1489,False,,False,0.0
CUST_01724,TXN_004066,16.5,card,failed,authentication_failed,2,10,1,642,True,retry_payment,False,0.0
CUST_04271,TXN_004067,134.5,card,success,,3,11,0,1224,False,,False,0.0
CUST_02106,TXN_004068,5.57,upi,success,,2,7,1,960,False,,False,0.0
CUST_03690,TXN_004069,24.67,card,success,,1,5,1,119,False,,False,0.0
CUST_00502,TXN_004070,23.72,upi,success,,3,7,0,135,False,,False,0.0
CUST_00486,TXN_004071,83.25,card,success,,3,8,1,1382,False,,False,0.0
CUST_03914,TXN_004072,93.56,card,failed,network_error,2,6,1,1015,True,update_payment_method,True,93.56
CUST_04170,TXN_004073,71.05,card,failed,expired_card,2,12,1,1042,True,update_payment_method,True,71.05
CUST_04712,TXN_004074,11.24,upi,success,,3,7,3,1447,False,,False,0.0
CUST_01623,TXN_004075,66.03,card,success,,1,4,0,992,False,,False,0.0
CUST_00112,TXN_004076,49.76,wallet,failed,insufficient_funds,2,7,0,376,True,retry_payment,False,0.0
CUST_04899,TXN_004077,8.7,card,success,,1,7,1,1367,False,,False,0.0
CUST_03007,TXN_004078,6.34,wallet,success,,3,11,1,452,False,,False,0.0
CUST_01236,TXN_004079,75.97,card,success,,2,9,1,1224,False,,False,0.0
CUST_03819,TXN_004080,28.67,card,success,,3,11,2,1270,False,,False,0.0
CUST_04519,TXN_004081,11.84,wallet,success,,1,6,1,412,False,,False,0.0
CUST_01424,TXN_004082,28.04,upi,success,,2,5,2,1127,False,,False,0.0
CUST_03848,TXN_004083,44.31,upi,success,,1,9,0,1192,False,,False,0.0
CUST_03937,TXN_004084,30.99,upi,success,,3,8,3,951,False,,False,0.0
CUST_02508,TXN_004085,9.57,card,success,,2,7,1,471,False,,False,0.0
CUST_03162,TXN_004086,149.67,netbanking,success,,1,6,3,481,False,,False,0.0
CUST_01348,TXN_004087,73.95,card,success,,2,10,1,1476,False,,False,0.0
CUST_04645,TXN_004088,25.32,netbanking,success,,3,9,1,464,False,,False,0.0
CUST_04915,TXN_004089,26.15,wallet,success,,1,8,0,672,False,,False,0.0
CUST_04905,TXN_004090,44.15,netbanking,success,,2,12,4,951,False,,False,0.0
CUST_03685,TXN_004091,13.41,upi,success,,2,14,0,992,False,,False,0.0
CUST_00212,TXN_004092,42.87,upi,success,,1,3,0,1351,False,,False,0.0
CUST_01832,TXN_004093,11.42,upi,failed,network_error,1,10,1,200,True,update_payment_method,True,11.42
CUST_02225,TXN_004094,31.3,card,success,,2,6,0,740,False,,False,0.0
CUST_04799,TXN_004095,13.0,netbanking,success,,3,7,3,112,False,,False,0.0
CUST_02735,TXN_004096,13.54,upi,success,,1,5,4,1460,False,,False,0.0
CUST_02681,TXN_004097,123.54,card,success,,2,3,0,510,False,,False,0.0
CUST_00734,TXN_004098,34.72,netbanking,success,,3,6,2,771,False,,False,0.0
CUST_03968,TXN_004099,39.09,card,success,,3,11,2,927,False,,False,0.0
CUST_01682,TXN_004100,6.63,netbanking,success,,3,8,1,572,False,,False,0.0
CUST_00460,TXN_004101,20.54,netbanking,success,,3,11,2,134,False,,False,0.0
CUST_04938,TXN_004102,47.89,card,success,,2,5,2,1314,False,,False,0.0
CUST_00951,TXN_004103,38.68,card,success,,1,10,3,1271,False,,False,0.0
CUST_00082,TXN_004104,5.91,upi,success,,1,11,0,848,False,,False,0.0
CUST_00390,TXN_004105,39.08,card,failed,expired_card,2,6,1,193,True,offer_support,True,39.08
CUST_02263,TXN_004106,44.4,wallet,success,,3,7,2,633,False,,False,0.0
CUST_00515,TXN_004107,92.48,card,success,,1,7,1,745,False,,False,0.0
CUST_04213,TXN_004108,19.61,card,failed,authentication_failed,3,6,2,13,True,update_payment_method,False,0.0
CUST_02562,TXN_004109,5.51,card,success,,2,10,1,159,False,,False,0.0
CUST_01620,TXN_004110,14.92,netbanking,success,,3,6,4,664,False,,False,0.0
CUST_00016,TXN_004111,13.77,upi,failed,insufficient_funds,1,5,3,1221,False,,False,0.0
CUST_02399,TXN_004112,59.7,netbanking,success,,2,7,2,13,False,,False,0.0
CUST_00757,TXN_004113,3.77,wallet,success,,2,6,1,179,False,,False,0.0
CUST_04890,TXN_004114,23.13,upi,success,,2,11,2,1448,False,,False,0.0
CUST_01456,TXN_004115,103.61,card,failed,insufficient_funds,3,8,0,660,False,,False,0.0
CUST_02374,TXN_004116,33.31,card,success,,2,10,1,1209,False,,False,0.0
CUST_00094,TXN_004117,67.83,netbanking,success,,3,15,2,1163,False,,False,0.0
CUST_00655,TXN_004118,8.9,card,success,,3,8,1,1292,False,,False,0.0
CUST_01038,TXN_004119,9.19,netbanking,success,,2,5,1,1256,False,,False,0.0
CUST_00259,TXN_004120,104.56,netbanking,success,,1,10,6,1024,False,,False,0.0
CUST_03630,TXN_004121,35.91,upi,success,,1,9,1,1128,False,,False,0.0
CUST_04727,TXN_004122,35.97,upi,success,,1,7,1,484,False,,False,0.0
CUST_04926,TXN_004123,13.54,wallet,success,,2,6,3,409,False,,False,0.0
CUST_01329,TXN_004124,35.9,netbanking,success,,1,9,1,734,False,,False,0.0
CUST_03943,TXN_004125,13.24,upi,success,,3,5,2,941,False,,False,0.0
CUST_02520,TXN_004126,85.58,card,success,,2,11,1,461,False,,False,0.0
CUST_00230,TXN_004127,293.61,upi,success,,1,10,2,1429,False,,False,0.0
CUST_00454,TXN_004128,48.77,card,success,,2,3,2,1395,False,,False,0.0
CUST_02739,TXN_004129,19.93,wallet,success,,1,2,2,598,False,,False,0.0
CUST_02118,TXN_004130,4.36,upi,failed,network_error,3,16,3,205,True,offer_support,False,0.0
CUST_00042,TXN_004131,8.61,netbanking,success,,2,13,2,419,False,,False,0.0
CUST_04650,TXN_004132,114.88,card,success,,3,6,2,1229,False,,False,0.0
CUST_03651,TXN_004133,14.54,netbanking,failed,expired_card,3,11,0,1456,True,send_reminder,True,14.54
CUST_02512,TXN_004134,24.61,card,success,,1,9,5,662,False,,False,0.0
CUST_04934,TXN_004135,55.94,upi,success,,3,11,4,272,False,,False,0.0
CUST_04855,TXN_004136,108.4,card,success,,1,3,1,1365,False,,False,0.0
CUST_04869,TXN_004137,28.23,netbanking,failed,network_error,3,10,1,482,True,retry_payment,False,0.0
CUST_01294,TXN_004138,23.96,upi,success,,2,12,1,277,False,,False,0.0
CUST_04404,TXN_004139,35.07,upi,success,,2,5,2,935,False,,False,0.0
CUST_02523,TXN_004140,20.04,card,success,,3,7,0,20,False,,False,0.0
CUST_03630,TXN_004141,20.93,card,success,,1,9,4,190,False,,False,0.0
CUST_04297,TXN_004142,46.04,card,success,,3,5,1,1067,False,,False,0.0
CUST_00817,TXN_004143,38.41,card,failed,insufficient_funds,1,10,1,1371,False,,False,0.0
CUST_02241,TXN_004144,182.23,upi,failed,authentication_failed,1,10,3,816,True,retry_payment,False,0.0
CUST_00645,TXN_004145,47.04,upi,success,,2,9,3,1467,False,,False,0.0
CUST_01398,TXN_004146,83.17,card,failed,insufficient_funds,1,7,1,410,True,send_reminder,False,0.0
CUST_02068,TXN_004147,14.05,upi,success,,3,6,0,1095,False,,False,0.0
CUST_04277,TXN_004148,50.41,card,failed,expired_card,3,13,0,1327,False,,False,0.0
CUST_04313,TXN_004149,18.57,card,failed,insufficient_funds,2,9,2,1390,False,,False,0.0
CUST_01950,TXN_004150,45.44,netbanking,failed,network_error,2,9,1,1132,False,,False,0.0
CUST_01646,TXN_004151,57.44,card,success,,2,5,4,407,False,,False,0.0
CUST_02654,TXN_004152,34.46,upi,success,,2,4,2,1455,False,,False,0.0
CUST_04559,TXN_004153,227.21,wallet,success,,2,13,3,622,False,,False,0.0
CUST_04882,TXN_004154,103.79,netbanking,success,,1,10,0,1,False,,False,0.0
CUST_01134,TXN_004155,84.93,upi,failed,expired_card,3,11,1,551,True,update_payment_method,False,0.0
CUST_00933,TXN_004156,61.03,upi,failed,insufficient_funds,1,9,2,47,False,,False,0.0
CUST_03534,TXN_004157,135.73,netbanking,failed,expired_card,1,7,2,427,False,,False,0.0
CUST_01507,TXN_004158,10.49,netbanking,success,,1,3,2,800,False,,False,0.0
CUST_00999,TXN_004159,99.11,card,success,,2,7,1,962,False,,False,0.0
CUST_00156,TXN_004160,14.98,upi,success,,3,13,2,587,False,,False,0.0
CUST_02016,TXN_004161,21.08,netbanking,success,,2,5,0,1394,False,,False,0.0
CUST_01959,TXN_004162,51.89,netbanking,success,,3,12,5,350,False,,False,0.0
CUST_02815,TXN_004163,88.82,card,success,,2,7,2,787,False,,False,0.0
CUST_01001,TXN_004164,13.16,card,success,,2,4,6,1339,False,,False,0.0
CUST_03572,TXN_004165,21.98,upi,success,,3,9,0,972,False,,False,0.0
CUST_03400,TXN_004166,35.8,card,success,,2,9,4,232,False,,False,0.0
CUST_02312,TXN_004167,28.53,upi,success,,1,7,1,391,False,,False,0.0
CUST_00907,TXN_004168,65.58,upi,success,,1,3,1,1297,False,,False,0.0
CUST_02535,TXN_004169,517.36,card,success,,3,6,1,1436,False,,False,0.0
CUST_03374,TXN_004170,46.31,card,success,,1,11,1,251,False,,False,0.0
CUST_01864,TXN_004171,18.39,netbanking,success,,1,7,2,1058,False,,False,0.0
CUST_01318,TXN_004172,11.74,netbanking,success,,1,6,0,1217,False,,False,0.0
CUST_02533,TXN_004173,25.53,netbanking,success,,3,5,0,112,False,,False,0.0
CUST_01776,TXN_004174,15.61,wallet,success,,1,13,1,143,False,,False,0.0
CUST_02003,TXN_004175,48.14,wallet,success,,1,10,1,845,False,,False,0.0
CUST_01744,TXN_004176,47.54,upi,failed,card_declined,3,4,1,160,True,offer_support,False,0.0
CUST_01518,TXN_004177,22.86,card,success,,1,6,2,971,False,,False,0.0
CUST_03584,TXN_004178,162.06,netbanking,success,,1,11,3,1484,False,,False,0.0
CUST_02301,TXN_004179,18.39,upi,failed,card_declined,3,7,2,596,True,send_reminder,False,0.0
CUST_02333,TXN_004180,30.1,card,failed,expired_card,1,9,2,1271,True,update_payment_method,False,0.0
CUST_03265,TXN_004181,55.22,wallet,success,,1,2,2,782,False,,False,0.0
CUST_01807,TXN_004182,67.6,card,success,,3,9,0,14,False,,False,0.0
CUST_00506,TXN_004183,92.03,wallet,success,,1,7,1,1210,False,,False,0.0
CUST_04263,TXN_004184,46.66,upi,failed,expired_card,2,7,1,918,False,,False,0.0
CUST_00279,TXN_004185,76.76,card,success,,1,10,3,499,False,,False,0.0
CUST_02860,TXN_004186,19.45,netbanking,success,,1,4,0,1161,False,,False,0.0
CUST_01329,TXN_004187,69.02,netbanking,failed,insufficient_funds,2,3,4,1251,True,update_payment_method,True,69.02
CUST_01069,TXN_004188,68.29,upi,success,,1,5,6,134,False,,False,0.0
CUST_00210,TXN_004189,111.09,upi,success,,3,11,1,433,False,,False,0.0
CUST_04500,TXN_004190,8.72,card,failed,expired_card,1,6,2,504,True,send_reminder,True,8.72
CUST_02146,TXN_004191,16.03,card,success,,2,12,1,570,False,,False,0.0
CUST_01713,TXN_004192,63.98,card,success,,1,3,1,94,False,,False,0.0
CUST_03706,TXN_004193,3.97,card,success,,1,8,1,340,False,,False,0.0
CUST_00195,TXN_004194,49.09,card,success,,3,5,4,445,False,,False,0.0
CUST_02823,TXN_004195,77.31,upi,success,,2,17,5,368,False,,False,0.0
CUST_02473,TXN_004196,20.88,card,success,,2,7,0,580,False,,False,0.0
CUST_02767,TXN_004197,23.47,upi,success,,1,3,1,740,False,,False,0.0
CUST_00620,TXN_004198,14.02,card,success,,1,9,4,1439,False,,False,0.0
CUST_04762,TXN_004199,21.82,card,success,,3,8,2,481,False,,False,0.0
CUST_01193,TXN_004200,22.33,wallet,success,,3,3,2,1355,False,,False,0.0
CUST_03392,TXN_004201,19.18,wallet,success,,2,6,1,637,False,,False,0.0
CUST_03735,TXN_004202,18.35,netbanking,failed,insufficient_funds,1,13,2,23,True,send_reminder,False,0.0
CUST_01720,TXN_004203,26.66,card,success,,3,7,1,1264,False,,False,0.0
CUST_00654,TXN_004204,26.4,upi,success,,2,11,0,678,False,,False,0.0
CUST_01484,TXN_004205,148.31,card,success,,1,12,2,126,False,,False,0.0
CUST_04034,TXN_004206,24.16,upi,success,,1,7,2,1446,False,,False,0.0
CUST_04532,TXN_004207,43.61,netbanking,success,,3,4,1,295,False,,False,0.0
CUST_04684,TXN_004208,20.87,card,success,,1,8,0,1045,False,,False,0.0
CUST_01132,TXN_004209,20.66,wallet,failed,authentication_failed,2,12,0,410,True,update_payment_method,False,0.0
CUST_03033,TXN_004210,8.47,upi,success,,2,15,2,356,False,,False,0.0
CUST_00756,TXN_004211,9.42,card,success,,1,15,2,772,False,,False,0.0
CUST_03552,TXN_004212,12.61,card,success,,1,8,2,134,False,,False,0.0
CUST_02079,TXN_004213,38.36,netbanking,failed,insufficient_funds,2,13,1,1327,True,send_reminder,True,38.36
CUST_03568,TXN_004214,78.33,upi,success,,1,6,4,1033,False,,False,0.0
CUST_03425,TXN_004215,7.93,card,success,,3,8,1,1087,False,,False,0.0
CUST_04964,TXN_004216,21.34,card,success,,2,5,3,1405,False,,False,0.0
CUST_02443,TXN_004217,11.09,wallet,success,,3,8,1,737,False,,False,0.0
CUST_01708,TXN_004218,26.8,card,success,,3,9,3,1007,False,,False,0.0
CUST_02634,TXN_004219,78.31,wallet,success,,3,8,1,418,False,,False,0.0
CUST_00815,TXN_004220,23.16,upi,success,,2,6,2,1017,False,,False,0.0
CUST_00559,TXN_004221,31.88,card,success,,1,7,1,1094,False,,False,0.0
CUST_02596,TXN_004222,106.08,card,failed,expired_card,1,10,3,1212,False,,False,0.0
CUST_04127,TXN_004223,47.77,netbanking,success,,2,9,2,1316,False,,False,0.0
CUST_02666,TXN_004224,18.03,card,success,,1,3,1,338,False,,False,0.0
CUST_03909,TXN_004225,37.6,card,success,,3,6,0,1100,False,,False,0.0
CUST_00890,TXN_004226,17.08,card,success,,2,11,1,159,False,,False,0.0
CUST_02247,TXN_004227,46.36,netbanking,success,,3,5,2,1283,False,,False,0.0
CUST_03065,TXN_004228,50.01,upi,success,,1,6,2,607,False,,False,0.0
CUST_01739,TXN_004229,11.09,upi,success,,3,8,0,1453,False,,False,0.0
CUST_00071,TXN_004230,38.1,card,success,,2,7,1,1134,False,,False,0.0
CUST_00368,TXN_004231,30.14,upi,success,,3,6,1,143,False,,False,0.0
CUST_04638,TXN_004232,51.2,netbanking,success,,2,5,1,526,False,,False,0.0
CUST_03026,TXN_004233,64.4,card,failed,authentication_failed,1,7,1,1098,False,,False,0.0
CUST_01323,TXN_004234,48.52,wallet,success,,3,11,1,737,False,,False,0.0
CUST_01294,TXN_004235,25.98,netbanking,success,,1,7,1,1447,False,,False,0.0
CUST_00198,TXN_004236,69.87,card,failed,network_error,3,8,2,567,True,offer_support,False,0.0
CUST_04723,TXN_004237,16.47,netbanking,success,,3,6,0,1417,False,,False,0.0
CUST_00542,TXN_004238,11.51,upi,success,,1,9,1,769,False,,False,0.0
CUST_03797,TXN_004239,2.57,upi,failed,card_declined,2,9,2,1034,True,offer_support,False,0.0
CUST_01202,TXN_004240,31.31,card,success,,3,15,0,1316,False,,False,0.0
CUST_01678,TXN_004241,17.16,wallet,success,,3,9,2,903,False,,False,0.0
CUST_01370,TXN_004242,45.52,upi,success,,2,9,4,20,False,,False,0.0
CUST_04122,TXN_004243,6.84,netbanking,success,,2,8,1,1472,False,,False,0.0
CUST_00165,TXN_004244,19.73,card,success,,3,7,1,1352,False,,False,0.0
CUST_01762,TXN_004245,48.24,card,failed,insufficient_funds,2,9,2,1117,True,retry_payment,False,0.0
CUST_01397,TXN_004246,14.53,wallet,success,,2,6,3,246,False,,False,0.0
CUST_01365,TXN_004247,45.94,upi,success,,1,9,1,1388,False,,False,0.0
CUST_00965,TXN_004248,21.21,card,success,,3,14,1,194,False,,False,0.0
CUST_04562,TXN_004249,32.26,netbanking,success,,2,14,0,560,False,,False,0.0
CUST_01893,TXN_004250,53.31,card,success,,2,4,3,1483,False,,False,0.0
CUST_02091,TXN_004251,70.97,netbanking,success,,3,9,2,158,False,,False,0.0
CUST_01926,TXN_004252,35.66,wallet,success,,3,7,1,851,False,,False,0.0
CUST_04901,TXN_004253,17.27,card,success,,2,8,2,1324,False,,False,0.0
CUST_01695,TXN_004254,22.96,upi,success,,2,9,0,519,False,,False,0.0
CUST_01709,TXN_004255,55.12,wallet,success,,3,7,1,816,False,,False,0.0
CUST_01640,TXN_004256,14.63,wallet,success,,2,5,0,1226,False,,False,0.0
CUST_01635,TXN_004257,28.72,upi,success,,1,4,1,547,False,,False,0.0
CUST_00449,TXN_004258,24.32,upi,success,,2,8,1,751,False,,False,0.0
CUST_03021,TXN_004259,30.49,upi,success,,2,7,2,88,False,,False,0.0
CUST_00126,TXN_004260,14.77,card,success,,1,8,4,1417,False,,False,0.0
CUST_01130,TXN_004261,7.53,upi,success,,1,7,0,1051,False,,False,0.0
CUST_01011,TXN_004262,50.23,card,success,,2,12,1,1478,False,,False,0.0
CUST_01458,TXN_004263,71.62,card,success,,2,8,2,841,False,,False,0.0
CUST_03783,TXN_004264,7.9,card,success,,1,6,0,387,False,,False,0.0
CUST_02997,TXN_004265,44.48,netbanking,success,,2,13,3,842,False,,False,0.0
CUST_04954,TXN_004266,78.77,card,success,,1,8,0,1414,False,,False,0.0
CUST_01756,TXN_004267,53.34,card,failed,network_error,3,10,0,1478,True,retry_payment,False,0.0
CUST_04642,TXN_004268,23.73,card,success,,2,4,1,98,False,,False,0.0
CUST_00225,TXN_004269,15.57,card,success,,1,14,1,844,False,,False,0.0
CUST_02521,TXN_004270,35.33,wallet,success,,2,4,0,915,False,,False,0.0
CUST_03994,TXN_004271,40.38,card,failed,network_error,3,7,3,923,True,retry_payment,False,0.0
CUST_02659,TXN_004272,35.75,card,success,,1,8,1,684,False,,False,0.0
CUST_04666,TXN_004273,28.67,wallet,success,,2,6,0,496,False,,False,0.0
CUST_01573,TXN_004274,13.93,card,failed,card_declined,1,7,2,963,True,send_reminder,False,0.0
CUST_00167,TXN_004275,46.44,upi,success,,3,9,0,708,False,,False,0.0
CUST_03869,TXN_004276,48.26,netbanking,success,,2,3,1,386,False,,False,0.0
CUST_00340,TXN_004277,38.89,netbanking,success,,2,11,1,859,False,,False,0.0
CUST_03824,TXN_004278,36.19,card,success,,3,9,3,1311,False,,False,0.0
CUST_03667,TXN_004279,126.9,upi,success,,1,8,1,132,False,,False,0.0
CUST_04221,TXN_004280,20.1,upi,failed,insufficient_funds,2,6,1,824,True,retry_payment,True,20.1
CUST_02395,TXN_004281,92.31,upi,success,,1,5,2,1449,False,,False,0.0
CUST_04477,TXN_004282,18.41,card,failed,network_error,3,7,2,1463,False,,False,0.0
CUST_00849,TXN_004283,80.41,netbanking,success,,2,11,0,915,False,,False,0.0
CUST_02172,TXN_004284,88.83,upi,success,,2,9,0,982,False,,False,0.0
CUST_00610,TXN_004285,26.19,upi,success,,1,9,0,888,False,,False,0.0
CUST_03834,TXN_004286,125.06,wallet,failed,network_error,1,5,1,539,True,send_reminder,True,125.06
CUST_03571,TXN_004287,48.19,netbanking,success,,3,11,2,1370,False,,False,0.0
CUST_04032,TXN_004288,16.41,netbanking,success,,1,6,1,434,False,,False,0.0
CUST_03821,TXN_004289,24.55,card,success,,1,8,1,365,False,,False,0.0
CUST_01542,TXN_004290,81.96,card,success,,2,10,4,749,False,,False,0.0
CUST_00341,TXN_004291,69.3,upi,success,,2,9,0,325,False,,False,0.0
CUST_04646,TXN_004292,14.2,card,success,,3,9,1,619,False,,False,0.0
CUST_02464,TXN_004293,29.62,upi,success,,1,8,0,1419,False,,False,0.0
CUST_00472,TXN_004294,38.97,upi,success,,1,7,0,819,False,,False,0.0
CUST_04635,TXN_004295,22.06,upi,success,,1,9,0,1491,False,,False,0.0
CUST_04971,TXN_004296,218.38,card,failed,card_declined,2,13,1,269,True,retry_payment,True,218.38
CUST_02228,TXN_004297,39.92,netbanking,success,,1,10,1,304,False,,False,0.0
CUST_03850,TXN_004298,31.52,upi,success,,3,14,1,80,False,,False,0.0
CUST_00182,TXN_004299,85.86,upi,success,,3,14,3,1079,False,,False,0.0
CUST_00467,TXN_004300,24.73,upi,success,,3,7,1,1398,False,,False,0.0
CUST_01383,TXN_004301,74.14,card,success,,3,9,4,1068,False,,False,0.0
CUST_03281,TXN_004302,8.72,upi,failed,insufficient_funds,2,9,1,625,False,,False,0.0
CUST_00667,TXN_004303,23.04,card,success,,3,8,1,627,False,,False,0.0
CUST_00171,TXN_004304,76.65,upi,success,,2,8,3,508,False,,False,0.0
CUST_03344,TXN_004305,116.3,card,success,,3,7,3,149,False,,False,0.0
CUST_03851,TXN_004306,17.84,card,success,,3,6,0,293,False,,False,0.0
CUST_03696,TXN_004307,16.25,card,success,,1,7,0,661,False,,False,0.0
CUST_03996,TXN_004308,52.14,card,failed,card_declined,2,7,1,1285,True,send_reminder,True,52.14
CUST_04014,TXN_004309,20.12,netbanking,success,,3,7,0,38,False,,False,0.0
CUST_03012,TXN_004310,26.71,netbanking,success,,1,3,1,1001,False,,False,0.0
CUST_02597,TXN_004311,66.76,card,failed,network_error,2,7,1,452,False,,False,0.0
CUST_04284,TXN_004312,21.43,card,success,,3,7,1,526,False,,False,0.0
CUST_01740,TXN_004313,6.87,netbanking,success,,3,6,4,1056,False,,False,0.0
CUST_00490,TXN_004314,11.69,card,failed,expired_card,3,7,0,773,True,retry_payment,False,0.0
CUST_03760,TXN_004315,33.38,upi,success,,2,8,2,1392,False,,False,0.0
CUST_01380,TXN_004316,7.46,card,success,,3,6,1,696,False,,False,0.0
CUST_04894,TXN_004317,26.11,upi,failed,insufficient_funds,2,8,2,553,True,retry_payment,False,0.0
CUST_02071,TXN_004318,10.87,wallet,success,,2,4,1,38,False,,False,0.0
CUST_04259,TXN_004319,122.97,card,failed,insufficient_funds,1,13,2,633,False,,False,0.0
CUST_00213,TXN_004320,187.19,wallet,failed,insufficient_funds,3,8,3,622,True,retry_payment,False,0.0
CUST_03296,TXN_004321,14.2,netbanking,success,,1,9,2,151,False,,False,0.0
CUST_02241,TXN_004322,40.67,wallet,success,,1,8,1,963,False,,False,0.0
CUST_02313,TXN_004323,15.36,netbanking,success,,3,4,4,877,False,,False,0.0
CUST_01326,TXN_004324,25.86,netbanking,success,,3,5,3,594,False,,False,0.0
CUST_04855,TXN_004325,140.16,upi,success,,3,12,2,17,False,,False,0.0
CUST_01964,TXN_004326,22.8,netbanking,success,,3,7,2,1408,False,,False,0.0
CUST_04252,TXN_004327,26.34,card,failed,card_declined,3,9,1,738,False,,False,0.0
CUST_02126,TXN_004328,15.58,upi,failed,network_error,2,9,3,598,True,update_payment_method,True,15.58
CUST_00242,TXN_004329,82.84,upi,failed,insufficient_funds,1,4,0,835,True,update_payment_method,False,0.0
CUST_04397,TXN_004330,2.43,card,success,,1,8,1,1459,False,,False,0.0
CUST_00926,TXN_004331,23.24,card,success,,1,9,1,1367,False,,False,0.0
CUST_01352,TXN_004332,31.92,card,success,,3,9,3,545,False,,False,0.0
CUST_04305,TXN_004333,19.51,card,success,,2,5,3,1411,False,,False,0.0
CUST_04468,TXN_004334,66.08,card,failed,network_error,2,5,1,162,True,update_payment_method,False,0.0
CUST_04583,TXN_004335,86.63,card,failed,network_error,3,6,1,379,True,retry_payment,False,0.0
CUST_02130,TXN_004336,10.7,card,failed,card_declined,3,9,2,9,False,,False,0.0
CUST_03785,TXN_004337,176.76,upi,success,,1,4,6,1096,False,,False,0.0
CUST_01639,TXN_004338,10.61,card,success,,3,11,2,890,False,,False,0.0
CUST_03702,TXN_004339,92.84,card,success,,2,3,2,1051,False,,False,0.0
CUST_02513,TXN_004340,37.33,card,success,,3,5,1,1066,False,,False,0.0
CUST_00260,TXN_004341,22.13,card,success,,3,3,0,74,False,,False,0.0
CUST_02089,TXN_004342,23.87,card,success,,2,7,2,762,False,,False,0.0
CUST_02339,TXN_004343,32.24,wallet,success,,3,10,1,1044,False,,False,0.0
CUST_01287,TXN_004344,39.12,card,success,,3,7,1,117,False,,False,0.0
CUST_01872,TXN_004345,15.86,card,failed,network_error,2,7,1,1074,False,,False,0.0
CUST_02513,TXN_004346,27.46,upi,success,,3,13,3,131,False,,False,0.0
CUST_00249,TXN_004347,17.88,netbanking,success,,3,11,1,1121,False,,False,0.0
CUST_00759,TXN_004348,12.53,upi,success,,2,13,1,808,False,,False,0.0
CUST_03834,TXN_004349,17.22,card,failed,card_declined,3,8,3,685,True,update_payment_method,True,17.22
CUST_01760,TXN_004350,13.2,upi,success,,1,7,2,1489,False,,False,0.0
CUST_03042,TXN_004351,23.66,upi,success,,1,6,2,651,False,,False,0.0
CUST_02829,TXN_004352,46.8,card,success,,3,9,0,199,False,,False,0.0
CUST_02756,TXN_004353,36.47,wallet,success,,2,12,1,627,False,,False,0.0
CUST_02067,TXN_004354,160.69,wallet,success,,1,16,2,210,False,,False,0.0
CUST_02417,TXN_004355,5.65,upi,success,,2,3,0,1127,False,,False,0.0
CUST_04119,TXN_004356,48.21,card,success,,1,3,1,287,False,,False,0.0
CUST_04825,TXN_004357,33.29,upi,success,,1,7,1,28,False,,False,0.0
CUST_01284,TXN_004358,63.6,wallet,success,,1,7,2,1222,False,,False,0.0
CUST_03347,TXN_004359,58.74,wallet,success,,3,12,1,249,False,,False,0.0
CUST_04848,TXN_004360,29.02,card,success,,1,2,0,1154,False,,False,0.0
CUST_00038,TXN_004361,38.02,card,success,,3,13,0,1333,False,,False,0.0
CUST_03923,TXN_004362,18.26,card,success,,2,10,1,345,False,,False,0.0
CUST_02484,TXN_004363,54.11,netbanking,success,,1,12,1,1275,False,,False,0.0
CUST_04837,TXN_004364,7.37,upi,success,,1,7,1,350,False,,False,0.0
CUST_02891,TXN_004365,61.65,card,success,,1,6,3,1245,False,,False,0.0
CUST_04190,TXN_004366,32.51,card,success,,2,5,0,915,False,,False,0.0
CUST_00830,TXN_004367,22.43,card,success,,2,7,1,127,False,,False,0.0
CUST_00711,TXN_004368,27.49,netbanking,success,,3,8,2,1236,False,,False,0.0
CUST_04632,TXN_004369,29.16,card,success,,1,11,3,1443,False,,False,0.0
CUST_02632,TXN_004370,93.49,card,success,,2,9,1,106,False,,False,0.0
CUST_02792,TXN_004371,440.01,upi,success,,1,9,2,172,False,,False,0.0
CUST_00850,TXN_004372,87.87,upi,success,,2,13,1,668,False,,False,0.0
CUST_01134,TXN_004373,21.07,upi,success,,1,8,2,1258,False,,False,0.0
CUST_04091,TXN_004374,54.81,netbanking,success,,1,1,1,1493,False,,False,0.0
CUST_01517,TXN_004375,56.75,card,success,,2,10,1,390,False,,False,0.0
CUST_02921,TXN_004376,15.8,card,success,,2,9,0,1217,False,,False,0.0
CUST_01583,TXN_004377,12.08,card,success,,1,6,2,391,False,,False,0.0
CUST_01317,TXN_004378,31.48,upi,success,,2,6,2,87,False,,False,0.0
CUST_00830,TXN_004379,63.19,wallet,success,,2,17,4,1008,False,,False,0.0
CUST_04648,TXN_004380,9.12,card,success,,3,12,0,1043,False,,False,0.0
CUST_04700,TXN_004381,18.6,netbanking,success,,2,8,0,792,False,,False,0.0
CUST_00576,TXN_004382,52.36,upi,success,,3,5,1,1473,False,,False,0.0
CUST_01766,TXN_004383,34.24,wallet,success,,1,10,1,20,False,,False,0.0
CUST_02819,TXN_004384,102.82,upi,success,,2,6,0,707,False,,False,0.0
CUST_01917,TXN_004385,10.71,card,success,,3,5,1,159,False,,False,0.0
CUST_03605,TXN_004386,217.4,netbanking,success,,1,4,2,1466,False,,False,0.0
CUST_01301,TXN_004387,9.68,netbanking,success,,1,6,0,283,False,,False,0.0
CUST_00295,TXN_004388,6.53,upi,success,,3,11,2,1210,False,,False,0.0
CUST_01685,TXN_004389,31.59,netbanking,success,,1,4,1,1378,False,,False,0.0
CUST_02989,TXN_004390,13.36,card,success,,3,0,3,50,False,,False,0.0
CUST_00904,TXN_004391,32.1,upi,success,,3,6,2,596,False,,False,0.0
CUST_04079,TXN_004392,31.22,card,success,,3,9,4,860,False,,False,0.0
CUST_00062,TXN_004393,28.31,card,success,,3,7,3,365,False,,False,0.0
CUST_00338,TXN_004394,16.88,card,success,,3,6,0,869,False,,False,0.0
CUST_02544,TXN_004395,46.81,card,success,,3,4,1,320,False,,False,0.0
CUST_02561,TXN_004396,25.69,card,success,,1,5,2,1152,False,,False,0.0
CUST_01475,TXN_004397,80.07,upi,failed,authentication_failed,1,11,0,253,False,,False,0.0
CUST_01293,TXN_004398,28.67,netbanking,success,,3,4,3,1471,False,,False,0.0
CUST_00349,TXN_004399,15.31,card,success,,2,4,1,1425,False,,False,0.0
CUST_03314,TXN_004400,8.58,card,success,,1,10,1,1115,False,,False,0.0
CUST_01895,TXN_004401,28.86,card,success,,2,13,2,127,False,,False,0.0
CUST_00594,TXN_004402,12.0,card,success,,1,12,3,65,False,,False,0.0
CUST_01999,TXN_004403,11.25,card,failed,network_error,2,7,3,801,True,send_reminder,True,11.25
CUST_04685,TXN_004404,50.5,upi,failed,card_declined,3,5,2,357,True,retry_payment,False,0.0
CUST_01306,TXN_004405,7.99,wallet,success,,1,7,4,961,False,,False,0.0
CUST_04473,TXN_004406,102.49,upi,failed,authentication_failed,1,8,3,119,True,offer_support,False,0.0
CUST_01294,TXN_004407,37.63,upi,success,,3,11,4,296,False,,False,0.0
CUST_00930,TXN_004408,31.97,upi,success,,2,4,1,1179,False,,False,0.0
CUST_01303,TXN_004409,14.47,card,success,,1,8,1,234,False,,False,0.0
CUST_01617,TXN_004410,61.04,card,success,,1,17,2,891,False,,False,0.0
CUST_00603,TXN_004411,33.04,card,success,,2,17,1,727,False,,False,0.0
CUST_02938,TXN_004412,19.13,card,success,,1,13,0,447,False,,False,0.0
CUST_01667,TXN_004413,38.86,netbanking,success,,1,7,1,1438,False,,False,0.0
CUST_03590,TXN_004414,8.62,upi,success,,1,4,2,395,False,,False,0.0
CUST_02455,TXN_004415,8.95,upi,success,,3,10,3,1350,False,,False,0.0
CUST_02213,TXN_004416,13.52,card,success,,2,7,1,652,False,,False,0.0
CUST_02355,TXN_004417,43.8,card,success,,3,13,1,457,False,,False,0.0
CUST_00782,TXN_004418,33.03,wallet,failed,insufficient_funds,1,4,0,1465,False,,False,0.0
CUST_03564,TXN_004419,76.64,card,success,,1,6,1,425,False,,False,0.0
CUST_00521,TXN_004420,15.86,upi,success,,2,10,2,1397,False,,False,0.0
CUST_03607,TXN_004421,52.44,card,failed,expired_card,3,8,1,1290,False,,False,0.0
CUST_04998,TXN_004422,30.23,card,success,,2,6,0,347,False,,False,0.0
CUST_03820,TXN_004423,15.57,card,success,,1,4,2,350,False,,False,0.0
CUST_02277,TXN_004424,45.07,wallet,failed,network_error,1,12,1,1457,False,,False,0.0
CUST_01573,TXN_004425,31.41,card,success,,1,7,2,1388,False,,False,0.0
CUST_04362,TXN_004426,20.02,upi,success,,3,8,1,1150,False,,False,0.0
CUST_01286,TXN_004427,34.25,card,success,,1,5,2,8,False,,False,0.0
CUST_02412,TXN_004428,29.86,upi,success,,1,8,1,95,False,,False,0.0
CUST_03854,TXN_004429,29.28,upi,success,,2,9,2,228,False,,False,0.0
CUST_04611,TXN_004430,23.81,upi,success,,3,7,2,658,False,,False,0.0
CUST_04604,TXN_004431,11.66,card,success,,2,8,1,553,False,,False,0.0
CUST_00439,TXN_004432,35.16,card,success,,3,9,4,829,False,,False,0.0
CUST_04491,TXN_004433,17.42,netbanking,success,,2,11,1,446,False,,False,0.0
CUST_00570,TXN_004434,14.64,upi,success,,3,6,1,45,False,,False,0.0
CUST_02922,TXN_004435,27.32,card,success,,1,8,5,766,False,,False,0.0
CUST_04648,TXN_004436,59.57,card,success,,2,12,0,1002,False,,False,0.0
CUST_03274,TXN_004437,38.42,card,success,,2,6,0,1332,False,,False,0.0
CUST_04737,TXN_004438,21.65,upi,success,,3,8,1,344,False,,False,0.0
CUST_01722,TXN_004439,20.97,card,success,,1,12,2,235,False,,False,0.0
CUST_01574,TXN_004440,55.07,card,success,,1,10,1,672,False,,False,0.0
CUST_01631,TXN_004441,4.87,card,success,,1,6,2,815,False,,False,0.0
CUST_01776,TXN_004442,62.67,upi,success,,3,4,0,714,False,,False,0.0
CUST_03414,TXN_004443,7.39,wallet,success,,3,8,0,15,False,,False,0.0
CUST_02262,TXN_004444,10.67,upi,success,,1,5,1,767,False,,False,0.0
CUST_03687,TXN_004445,21.95,upi,success,,2,6,2,683,False,,False,0.0
CUST_02081,TXN_004446,187.94,netbanking,success,,2,7,0,118,False,,False,0.0
CUST_01539,TXN_004447,126.71,card,success,,3,10,1,751,False,,False,0.0
CUST_00951,TXN_004448,58.28,upi,success,,2,12,1,456,False,,False,0.0
CUST_02755,TXN_004449,44.05,card,success,,3,10,2,461,False,,False,0.0
CUST_04491,TXN_004450,7.46,card,success,,3,6,5,1050,False,,False,0.0
CUST_04294,TXN_004451,37.54,upi,success,,2,7,0,751,False,,False,0.0
CUST_01267,TXN_004452,21.34,card,success,,3,7,3,847,False,,False,0.0
CUST_02388,TXN_004453,17.23,upi,success,,1,10,1,130,False,,False,0.0
CUST_03526,TXN_004454,37.48,upi,success,,1,4,0,15,False,,False,0.0
CUST_03062,TXN_004455,22.72,card,success,,3,8,1,1266,False,,False,0.0
CUST_00336,TXN_004456,66.38,card,success,,1,9,1,1445,False,,False,0.0
CUST_02955,TXN_004457,7.04,upi,success,,2,3,2,806,False,,False,0.0
CUST_00194,TXN_004458,35.16,upi,failed,network_error,3,9,2,626,False,,False,0.0
CUST_00583,TXN_004459,16.39,netbanking,success,,2,11,2,1363,False,,False,0.0
CUST_03268,TXN_004460,23.86,card,success,,3,9,3,635,False,,False,0.0
CUST_00513,TXN_004461,42.25,netbanking,failed,authentication_failed,3,8,0,414,True,send_reminder,False,0.0
CUST_01695,TXN_004462,13.55,card,success,,1,4,4,1459,False,,False,0.0
CUST_02942,TXN_004463,37.77,card,failed,expired_card,2,5,2,870,True,update_payment_method,False,0.0
CUST_03277,TXN_004464,27.94,upi,success,,3,8,1,4,False,,False,0.0
CUST_02229,TXN_004465,19.52,card,success,,3,4,2,1160,False,,False,0.0
CUST_00471,TXN_004466,22.73,card,success,,2,11,1,325,False,,False,0.0
CUST_03995,TXN_004467,29.26,card,success,,2,6,2,1042,False,,False,0.0
CUST_04749,TXN_004468,17.92,netbanking,success,,1,7,1,820,False,,False,0.0
CUST_04443,TXN_004469,33.3,wallet,success,,2,6,1,295,False,,False,0.0
CUST_03742,TXN_004470,26.51,wallet,success,,1,12,1,382,False,,False,0.0
CUST_02011,TXN_004471,20.31,card,success,,3,5,2,453,False,,False,0.0
CUST_04381,TXN_004472,118.14,upi,success,,3,8,2,711,False,,False,0.0
CUST_02441,TXN_004473,46.16,netbanking,failed,expired_card,1,12,1,45,True,retry_payment,True,46.16
CUST_00683,TXN_004474,24.38,card,success,,1,6,2,963,False,,False,0.0
CUST_04252,TXN_004475,37.21,card,success,,2,8,1,920,False,,False,0.0
CUST_01601,TXN_004476,14.56,card,success,,3,7,1,1124,False,,False,0.0
CUST_04693,TXN_004477,23.35,upi,success,,3,3,1,801,False,,False,0.0
CUST_01842,TXN_004478,25.63,upi,success,,1,11,0,1046,False,,False,0.0
CUST_04347,TXN_004479,12.21,card,success,,2,10,1,1298,False,,False,0.0
CUST_02686,TXN_004480,45.15,card,success,,2,3,4,1049,False,,False,0.0
CUST_02337,TXN_004481,22.1,upi,success,,2,3,5,1035,False,,False,0.0
CUST_01485,TXN_004482,24.92,upi,success,,1,9,1,1446,False,,False,0.0
CUST_04178,TXN_004483,21.01,card,success,,3,7,2,777,False,,False,0.0
CUST_00304,TXN_004484,353.28,card,success,,3,4,1,779,False,,False,0.0
CUST_02344,TXN_004485,19.49,wallet,failed,network_error,3,8,2,1050,False,,False,0.0
CUST_01845,TXN_004486,6.33,upi,success,,1,9,1,85,False,,False,0.0
CUST_02717,TXN_004487,9.21,upi,success,,3,9,1,695,False,,False,0.0
CUST_01273,TXN_004488,60.79,upi,failed,card_declined,2,13,1,242,True,offer_support,True,60.79
CUST_03323,TXN_004489,96.46,wallet,success,,3,3,0,1499,False,,False,0.0
CUST_01930,TXN_004490,19.19,card,success,,2,8,5,930,False,,False,0.0
CUST_00941,TXN_004491,92.13,card,success,,2,7,0,22,False,,False,0.0
CUST_00985,TXN_004492,59.94,card,success,,2,10,1,293,False,,False,0.0
CUST_03482,TXN_004493,28.46,netbanking,success,,1,6,2,768,False,,False,0.0
CUST_01310,TXN_004494,26.89,card,success,,2,14,2,1129,False,,False,0.0
CUST_01536,TXN_004495,38.27,card,failed,insufficient_funds,3,6,1,1466,False,,False,0.0
CUST_03135,TXN_004496,66.82,card,success,,1,10,1,13,False,,False,0.0
CUST_01649,TXN_004497,45.51,upi,success,,1,1,0,269,False,,False,0.0
CUST_01941,TXN_004498,19.27,upi,failed,card_declined,1,7,3,1374,True,send_reminder,False,0.0
CUST_01223,TXN_004499,28.81,card,success,,2,11,3,150,False,,False,0.0
CUST_01727,TXN_004500,161.58,card,failed,card_declined,1,8,2,310,True,retry_payment,True,161.58
CUST_03464,TXN_004501,40.49,netbanking,failed,authentication_failed,2,9,1,875,False,,False,0.0
CUST_02669,TXN_004502,66.38,card,failed,authentication_failed,1,9,2,1306,False,,False,0.0
CUST_04987,TXN_004503,51.0,upi,success,,1,8,0,1011,False,,False,0.0
CUST_03859,TXN_004504,41.21,card,success,,1,6,1,572,False,,False,0.0
CUST_00085,TXN_004505,36.12,wallet,success,,2,14,0,1498,False,,False,0.0
CUST_01894,TXN_004506,67.89,card,success,,1,10,2,705,False,,False,0.0
CUST_01449,TXN_004507,58.85,upi,success,,2,9,0,1499,False,,False,0.0
CUST_02938,TXN_004508,40.9,card,success,,2,8,0,1298,False,,False,0.0
CUST_01329,TXN_004509,19.01,card,success,,1,11,1,994,False,,False,0.0
CUST_04831,TXN_004510,45.08,upi,failed,network_error,1,15,2,1127,True,update_payment_method,True,45.08
CUST_01497,TXN_004511,31.39,upi,failed,expired_card,3,8,0,1442,False,,False,0.0
CUST_02610,TXN_004512,25.88,netbanking,success,,2,10,0,713,False,,False,0.0
CUST_00615,TXN_004513,282.31,upi,success,,2,9,1,968,False,,False,0.0
CUST_04549,TXN_004514,9.67,upi,success,,3,6,0,923,False,,False,0.0
CUST_04559,TXN_004515,71.29,netbanking,success,,1,6,2,536,False,,False,0.0
CUST_03968,TXN_004516,16.61,card,success,,3,8,2,9,False,,False,0.0
CUST_01758,TXN_004517,36.78,netbanking,success,,1,8,1,1360,False,,False,0.0
CUST_00294,TXN_004518,258.49,card,success,,2,9,2,379,False,,False,0.0
CUST_03555,TXN_004519,15.33,card,success,,1,9,0,967,False,,False,0.0
CUST_02146,TXN_004520,18.56,netbanking,success,,1,4,0,672,False,,False,0.0
CUST_04951,TXN_004521,32.65,card,success,,2,12,1,1336,False,,False,0.0
CUST_03491,TXN_004522,16.81,card,success,,2,9,0,675,False,,False,0.0
CUST_02693,TXN_004523,67.17,card,success,,1,5,1,689,False,,False,0.0
CUST_04933,TXN_004524,21.59,upi,success,,1,12,2,1454,False,,False,0.0
CUST_04002,TXN_004525,55.88,upi,success,,1,7,2,332,False,,False,0.0
CUST_02292,TXN_004526,11.43,card,success,,2,7,1,207,False,,False,0.0
CUST_00095,TXN_004527,7.8,card,success,,2,14,2,587,False,,False,0.0
CUST_00464,TXN_004528,27.57,card,success,,3,8,1,690,False,,False,0.0
CUST_02219,TXN_004529,9.44,card,success,,2,3,1,230,False,,False,0.0
CUST_02810,TXN_004530,111.57,card,success,,2,7,2,198,False,,False,0.0
CUST_00151,TXN_004531,9.74,card,success,,3,8,2,824,False,,False,0.0
CUST_00633,TXN_004532,14.44,netbanking,success,,3,7,1,1303,False,,False,0.0
CUST_03521,TXN_004533,46.1,upi,success,,2,9,2,402,False,,False,0.0
CUST_03757,TXN_004534,20.72,card,failed,network_error,1,12,1,483,True,retry_payment,True,20.72
CUST_00150,TXN_004535,9.83,card,success,,2,10,1,1304,False,,False,0.0
CUST_02538,TXN_004536,169.35,card,success,,1,10,4,581,False,,False,0.0
CUST_00405,TXN_004537,14.86,card,success,,2,6,0,731,False,,False,0.0
CUST_03617,TXN_004538,28.3,card,success,,1,8,0,1084,False,,False,0.0
CUST_04170,TXN_004539,28.01,wallet,success,,2,7,1,1474,False,,False,0.0
CUST_04346,TXN_004540,58.45,upi,success,,1,7,1,411,False,,False,0.0
CUST_02991,TXN_004541,47.94,upi,success,,3,8,1,1314,False,,False,0.0
CUST_03145,TXN_004542,17.09,card,success,,1,8,1,1464,False,,False,0.0
CUST_04633,TXN_004543,25.52,upi,success,,3,5,0,250,False,,False,0.0
CUST_03062,TXN_004544,27.62,wallet,success,,3,11,3,175,False,,False,0.0
CUST_02231,TXN_004545,60.29,card,success,,3,7,3,865,False,,False,0.0
CUST_03773,TXN_004546,13.01,netbanking,success,,2,11,2,333,False,,False,0.0
CUST_02954,TXN_004547,166.42,card,failed,network_error,3,5,0,793,False,,False,0.0
CUST_04212,TXN_004548,18.04,upi,success,,3,7,0,303,False,,False,0.0
CUST_02623,TXN_004549,32.88,card,success,,3,16,4,42,False,,False,0.0
CUST_04345,TXN_004550,13.09,upi,success,,3,8,0,682,False,,False,0.0
CUST_00225,TXN_004551,11.72,card,success,,2,6,2,582,False,,False,0.0
CUST_00183,TXN_004552,16.45,upi,success,,3,6,0,1048,False,,False,0.0
CUST_00496,TXN_004553,15.23,upi,success,,1,10,0,44,False,,False,0.0
CUST_02781,TXN_004554,23.77,upi,success,,3,9,3,595,False,,False,0.0
CUST_03545,TXN_004555,15.13,upi,success,,2,16,1,256,False,,False,0.0
CUST_01082,TXN_004556,57.77,card,success,,1,5,1,44,False,,False,0.0
CUST_00779,TXN_004557,17.7,upi,success,,1,5,1,1010,False,,False,0.0
CUST_04301,TXN_004558,16.2,card,success,,3,8,1,142,False,,False,0.0
CUST_03752,TXN_004559,24.18,upi,success,,1,10,2,1278,False,,False,0.0
CUST_03242,TXN_004560,73.28,card,success,,3,9,1,175,False,,False,0.0
CUST_02442,TXN_004561,39.33,upi,success,,1,12,1,1049,False,,False,0.0
CUST_02101,TXN_004562,30.58,card,success,,2,2,1,592,False,,False,0.0
CUST_00103,TXN_004563,10.52,wallet,success,,2,6,2,843,False,,False,0.0
CUST_00941,TXN_004564,13.27,upi,failed,insufficient_funds,2,8,0,634,True,send_reminder,False,0.0
CUST_04485,TXN_004565,11.91,card,success,,1,16,0,1459,False,,False,0.0
CUST_01695,TXN_004566,94.21,upi,success,,3,14,1,1225,False,,False,0.0
CUST_03523,TXN_004567,50.63,card,success,,3,8,2,1210,False,,False,0.0
CUST_03519,TXN_004568,16.62,card,success,,3,7,1,1239,False,,False,0.0
CUST_01547,TXN_004569,21.08,card,success,,2,9,0,1436,False,,False,0.0
CUST_01022,TXN_004570,17.11,netbanking,success,,1,11,2,1013,False,,False,0.0
CUST_03458,TXN_004571,16.3,wallet,success,,2,9,1,1097,False,,False,0.0
CUST_00468,TXN_004572,47.86,wallet,success,,1,6,0,711,False,,False,0.0
CUST_02474,TXN_004573,26.31,card,success,,3,4,1,366,False,,False,0.0
CUST_04440,TXN_004574,175.03,card,success,,1,6,1,462,False,,False,0.0
CUST_03556,TXN_004575,90.04,netbanking,success,,1,3,1,1044,False,,False,0.0
CUST_03821,TXN_004576,94.4,card,success,,3,14,1,681,False,,False,0.0
CUST_00417,TXN_004577,56.66,upi,success,,2,9,1,1169,False,,False,0.0
CUST_00999,TXN_004578,23.61,wallet,success,,1,8,2,1052,False,,False,0.0
CUST_01376,TXN_004579,53.42,card,failed,expired_card,3,11,1,1454,True,retry_payment,True,53.42
CUST_01462,TXN_004580,25.05,card,success,,2,13,2,1424,False,,False,0.0
CUST_00971,TXN_004581,122.02,netbanking,success,,1,7,0,669,False,,False,0.0
CUST_04860,TXN_004582,45.76,upi,success,,2,1,1,1318,False,,False,0.0
CUST_00825,TXN_004583,40.85,wallet,failed,network_error,2,7,1,236,False,,False,0.0
CUST_03541,TXN_004584,36.66,upi,success,,3,13,0,541,False,,False,0.0
CUST_02934,TXN_004585,133.25,card,success,,2,9,0,1408,False,,False,0.0
CUST_03052,TXN_004586,10.52,netbanking,success,,3,8,3,1186,False,,False,0.0
CUST_01074,TXN_004587,144.12,netbanking,success,,1,2,4,376,False,,False,0.0
CUST_01538,TXN_004588,28.53,wallet,success,,2,12,2,490,False,,False,0.0
CUST_03032,TXN_004589,10.75,upi,success,,1,7,1,439,False,,False,0.0
CUST_01496,TXN_004590,18.14,upi,failed,network_error,2,5,0,137,False,,False,0.0
CUST_03470,TXN_004591,8.84,card,success,,2,7,2,1361,False,,False,0.0
CUST_00198,TXN_004592,55.86,card,success,,3,7,2,297,False,,False,0.0
CUST_00365,TXN_004593,14.43,wallet,success,,1,10,5,808,False,,False,0.0
CUST_03642,TXN_004594,37.9,wallet,success,,1,6,2,723,False,,False,0.0
CUST_03084,TXN_004595,82.05,upi,failed,insufficient_funds,3,8,1,100,True,update_payment_method,True,82.05
CUST_00216,TXN_004596,19.34,wallet,success,,2,3,1,1082,False,,False,0.0
CUST_04495,TXN_004597,26.72,card,success,,3,7,4,1183,False,,False,0.0
CUST_00025,TXN_004598,11.67,netbanking,success,,3,7,1,1040,False,,False,0.0
CUST_04777,TXN_004599,24.27,upi,success,,1,5,0,1160,False,,False,0.0
CUST_03647,TXN_004600,259.62,upi,success,,2,10,0,978,False,,False,0.0
CUST_04940,TXN_004601,61.7,upi,success,,1,6,3,1062,False,,False,0.0
CUST_04744,TXN_004602,26.8,upi,success,,3,10,3,1174,False,,False,0.0
CUST_01566,TXN_004603,20.3,netbanking,success,,2,3,1,406,False,,False,0.0
CUST_03782,TXN_004604,32.01,card,success,,2,10,2,959,False,,False,0.0
CUST_01055,TXN_004605,36.75,netbanking,failed,network_error,1,8,0,50,True,update_payment_method,True,36.75
CUST_02358,TXN_004606,23.68,card,success,,2,5,0,159,False,,False,0.0
CUST_01201,TXN_004607,50.6,card,success,,2,7,0,804,False,,False,0.0
CUST_02430,TXN_004608,15.44,upi,failed,network_error,3,6,1,1258,True,offer_support,True,15.44
CUST_04361,TXN_004609,15.38,netbanking,success,,1,11,0,201,False,,False,0.0
CUST_02181,TXN_004610,44.53,wallet,success,,3,7,1,789,False,,False,0.0
CUST_00462,TXN_004611,13.0,card,success,,3,15,1,293,False,,False,0.0
CUST_01623,TXN_004612,59.34,card,success,,3,10,1,694,False,,False,0.0
CUST_03932,TXN_004613,32.74,upi,success,,2,7,2,1487,False,,False,0.0
CUST_02609,TXN_004614,7.67,netbanking,success,,3,10,2,485,False,,False,0.0
CUST_02801,TXN_004615,36.15,wallet,success,,1,10,2,277,False,,False,0.0
CUST_02156,TXN_004616,8.6,netbanking,failed,card_declined,1,6,0,1172,True,retry_payment,True,8.6
CUST_01464,TXN_004617,57.67,upi,success,,3,5,2,891,False,,False,0.0
CUST_02991,TXN_004618,27.14,netbanking,success,,1,8,0,1163,False,,False,0.0
CUST_03165,TXN_004619,145.6,card,success,,3,8,3,241,False,,False,0.0
CUST_04490,TXN_004620,78.03,wallet,failed,card_declined,3,7,1,1118,True,update_payment_method,False,0.0
CUST_03089,TXN_004621,14.17,upi,failed,authentication_failed,3,7,0,1429,True,offer_support,False,0.0
CUST_04975,TXN_004622,6.58,card,success,,3,9,2,282,False,,False,0.0
CUST_04133,TXN_004623,18.1,upi,success,,1,9,0,1158,False,,False,0.0
CUST_00394,TXN_004624,12.47,netbanking,success,,3,18,1,368,False,,False,0.0
CUST_01961,TXN_004625,142.68,card,success,,3,8,3,1254,False,,False,0.0
CUST_01924,TXN_004626,32.84,card,failed,authentication_failed,1,6,2,934,True,offer_support,False,0.0
CUST_00016,TXN_004627,69.88,upi,success,,1,12,1,946,False,,False,0.0
CUST_00904,TXN_004628,26.36,wallet,success,,2,10,1,582,False,,False,0.0
CUST_03811,TXN_004629,28.68,upi,success,,3,3,4,1438,False,,False,0.0
CUST_01761,TXN_004630,32.26,card,success,,2,5,1,20,False,,False,0.0
CUST_00740,TXN_004631,80.26,upi,success,,1,4,1,1170,False,,False,0.0
CUST_01438,TXN_004632,42.49,card,success,,2,5,2,93,False,,False,0.0
CUST_01374,TXN_004633,14.21,card,success,,2,13,1,349,False,,False,0.0
CUST_00873,TXN_004634,121.27,card,success,,2,9,0,504,False,,False,0.0
CUST_00506,TXN_004635,26.2,upi,success,,2,12,2,1375,False,,False,0.0
CUST_03820,TXN_004636,23.0,card,success,,3,12,1,385,False,,False,0.0
CUST_04122,TXN_004637,3.44,card,failed,network_error,3,6,0,997,True,offer_support,True,3.44
CUST_02481,TXN_004638,55.01,card,success,,2,15,0,172,False,,False,0.0
CUST_03077,TXN_004639,35.9,upi,success,,1,9,2,1405,False,,False,0.0
CUST_04596,TXN_004640,35.87,card,success,,1,8,0,1494,False,,False,0.0
CUST_04213,TXN_004641,23.99,card,failed,network_error,1,8,3,154,True,update_payment_method,False,0.0
CUST_00163,TXN_004642,20.9,upi,success,,2,6,0,106,False,,False,0.0
CUST_04764,TXN_004643,24.64,netbanking,failed,network_error,1,11,0,144,True,offer_support,True,24.64
CUST_00335,TXN_004644,47.97,netbanking,success,,1,3,0,821,False,,False,0.0
CUST_00133,TXN_004645,55.22,upi,success,,1,6,2,314,False,,False,0.0
CUST_02016,TXN_004646,27.53,upi,success,,3,6,2,610,False,,False,0.0
CUST_03729,TXN_004647,70.75,netbanking,success,,1,7,1,987,False,,False,0.0
CUST_00402,TXN_004648,31.09,upi,success,,3,5,3,1355,False,,False,0.0
CUST_01465,TXN_004649,22.12,upi,success,,2,8,1,233,False,,False,0.0
CUST_01314,TXN_004650,38.81,card,success,,3,7,4,1039,False,,False,0.0
CUST_01987,TXN_004651,11.16,card,success,,2,5,3,386,False,,False,0.0
CUST_04930,TXN_004652,39.89,card,success,,3,13,4,175,False,,False,0.0
CUST_01657,TXN_004653,9.64,card,success,,1,7,0,1182,False,,False,0.0
CUST_01045,TXN_004654,14.55,wallet,success,,3,7,2,1301,False,,False,0.0
CUST_00612,TXN_004655,6.59,card,success,,2,12,2,231,False,,False,0.0
CUST_00991,TXN_004656,28.79,upi,success,,2,8,1,562,False,,False,0.0
CUST_00666,TXN_004657,120.03,wallet,success,,3,6,0,4,False,,False,0.0
CUST_02868,TXN_004658,30.15,upi,failed,network_error,2,4,2,67,False,,False,0.0
CUST_02103,TXN_004659,55.42,card,success,,2,8,3,1167,False,,False,0.0
CUST_02490,TXN_004660,217.42,wallet,success,,2,4,0,808,False,,False,0.0
CUST_04160,TXN_004661,45.75,card,success,,1,8,0,250,False,,False,0.0
CUST_02902,TXN_004662,17.95,card,success,,2,8,2,553,False,,False,0.0
CUST_00776,TXN_004663,20.04,card,success,,3,1,3,80,False,,False,0.0
CUST_01884,TXN_004664,33.13,card,success,,1,7,0,486,False,,False,0.0
CUST_01563,TXN_004665,19.96,netbanking,success,,1,3,1,1254,False,,False,0.0
CUST_04133,TXN_004666,21.19,card,success,,3,10,0,1078,False,,False,0.0
CUST_01535,TXN_004667,72.84,netbanking,success,,1,5,1,5,False,,False,0.0
CUST_00693,TXN_004668,75.26,card,success,,1,10,2,469,False,,False,0.0
CUST_03680,TXN_004669,8.87,wallet,success,,3,10,0,769,False,,False,0.0
CUST_02142,TXN_004670,17.21,card,success,,1,9,2,733,False,,False,0.0
CUST_00480,TXN_004671,22.85,wallet,success,,1,9,1,305,False,,False,0.0
CUST_03449,TXN_004672,53.48,card,success,,2,11,2,1221,False,,False,0.0
CUST_01053,TXN_004673,82.64,netbanking,success,,3,8,0,659,False,,False,0.0
CUST_04341,TXN_004674,287.6,netbanking,success,,3,2,2,836,False,,False,0.0
CUST_04162,TXN_004675,22.82,upi,failed,expired_card,1,12,2,1314,True,offer_support,True,22.82
CUST_01848,TXN_004676,23.75,card,success,,1,6,1,1195,False,,False,0.0
CUST_02778,TXN_004677,53.03,upi,success,,2,4,1,1040,False,,False,0.0
CUST_02839,TXN_004678,19.19,upi,success,,3,15,2,1156,False,,False,0.0
CUST_03267,TXN_004679,29.58,upi,success,,1,9,5,1230,False,,False,0.0
CUST_00346,TXN_004680,23.76,upi,success,,2,5,3,941,False,,False,0.0
CUST_01624,TXN_004681,4.07,wallet,success,,1,9,1,697,False,,False,0.0
CUST_00852,TXN_004682,36.55,wallet,success,,1,9,1,994,False,,False,0.0
CUST_03487,TXN_004683,28.62,upi,success,,2,9,2,791,False,,False,0.0
CUST_00346,TXN_004684,91.56,card,success,,1,9,2,1453,False,,False,0.0
CUST_02585,TXN_004685,33.26,card,success,,3,6,3,36,False,,False,0.0
CUST_03639,TXN_004686,12.14,upi,success,,1,2,1,1478,False,,False,0.0
CUST_04741,TXN_004687,26.94,wallet,success,,3,9,2,124,False,,False,0.0
CUST_01441,TXN_004688,6.22,card,success,,2,4,2,1327,False,,False,0.0
CUST_00040,TXN_004689,12.57,card,success,,2,10,0,1483,False,,False,0.0
CUST_03619,TXN_004690,55.06,card,failed,authentication_failed,2,11,1,1483,True,update_payment_method,True,55.06
CUST_00008,TXN_004691,27.17,card,success,,2,2,0,1019,False,,False,0.0
CUST_00332,TXN_004692,69.27,wallet,success,,2,10,3,577,False,,False,0.0
CUST_04952,TXN_004693,6.87,upi,success,,1,4,0,70,False,,False,0.0
CUST_04312,TXN_004694,27.28,card,failed,authentication_failed,1,12,1,290,False,,False,0.0
CUST_03537,TXN_004695,22.64,card,success,,1,4,2,433,False,,False,0.0
CUST_04177,TXN_004696,71.14,card,success,,1,10,1,439,False,,False,0.0
CUST_00377,TXN_004697,56.72,upi,success,,1,6,2,1310,False,,False,0.0
CUST_00445,TXN_004698,55.36,upi,success,,1,12,2,124,False,,False,0.0
CUST_01504,TXN_004699,113.65,card,success,,1,8,1,487,False,,False,0.0
CUST_00119,TXN_004700,24.67,card,success,,3,4,1,639,False,,False,0.0
CUST_04441,TXN_004701,96.36,wallet,failed,card_declined,2,10,2,245,True,update_payment_method,True,96.36
CUST_00282,TXN_004702,14.36,netbanking,success,,2,10,1,135,False,,False,0.0
CUST_02720,TXN_004703,13.95,upi,success,,3,8,2,174,False,,False,0.0
CUST_04268,TXN_004704,60.47,upi,success,,2,8,2,956,False,,False,0.0
CUST_03675,TXN_004705,9.94,wallet,success,,1,7,2,1288,False,,False,0.0
CUST_01174,TXN_004706,52.36,upi,failed,insufficient_funds,3,7,0,297,True,update_payment_method,False,0.0
CUST_02352,TXN_004707,35.91,wallet,success,,3,7,1,22,False,,False,0.0
CUST_02741,TXN_004708,78.06,card,success,,1,8,0,1484,False,,False,0.0
CUST_03839,TXN_004709,31.58,card,success,,3,10,2,1200,False,,False,0.0
CUST_02131,TXN_004710,34.63,card,success,,1,6,0,1110,False,,False,0.0
CUST_01425,TXN_004711,49.77,netbanking,failed,card_declined,3,8,1,498,True,offer_support,True,49.77
CUST_03977,TXN_004712,19.49,upi,success,,2,6,1,553,False,,False,0.0
CUST_04432,TXN_004713,18.82,card,success,,1,5,2,535,False,,False,0.0
CUST_02445,TXN_004714,48.4,wallet,success,,3,9,1,1145,False,,False,0.0
CUST_00141,TXN_004715,32.35,wallet,success,,2,5,1,852,False,,False,0.0
CUST_02503,TXN_004716,23.91,card,success,,3,7,2,629,False,,False,0.0
CUST_04446,TXN_004717,30.99,upi,success,,1,8,4,392,False,,False,0.0
CUST_04945,TXN_004718,118.59,upi,success,,1,9,0,253,False,,False,0.0
CUST_02005,TXN_004719,23.23,card,success,,2,4,0,843,False,,False,0.0
CUST_00751,TXN_004720,22.7,upi,success,,1,5,0,256,False,,False,0.0
CUST_02861,TXN_004721,8.45,card,success,,2,3,0,1438,False,,False,0.0
CUST_04153,TXN_004722,32.01,wallet,success,,2,3,2,580,False,,False,0.0
CUST_04725,TXN_004723,56.01,netbanking,success,,3,8,2,1462,False,,False,0.0
CUST_00259,TXN_004724,64.65,wallet,success,,1,13,0,767,False,,False,0.0
CUST_01453,TXN_004725,36.11,netbanking,success,,1,10,5,1376,False,,False,0.0
CUST_02388,TXN_004726,71.14,card,success,,3,11,2,1353,False,,False,0.0
CUST_00492,TXN_004727,59.44,card,success,,3,10,4,1148,False,,False,0.0
CUST_04431,TXN_004728,80.67,upi,success,,1,11,1,531,False,,False,0.0
CUST_00561,TXN_004729,72.78,card,success,,3,3,1,978,False,,False,0.0
CUST_03326,TXN_004730,116.28,upi,success,,1,9,3,1216,False,,False,0.0
CUST_04593,TXN_004731,28.91,card,success,,3,9,1,1128,False,,False,0.0
CUST_03426,TXN_004732,11.45,card,success,,1,9,3,180,False,,False,0.0
CUST_03816,TXN_004733,56.32,upi,success,,1,5,1,1087,False,,False,0.0
CUST_01317,TXN_004734,61.83,upi,success,,3,9,1,1159,False,,False,0.0
CUST_04137,TXN_004735,116.28,upi,success,,1,6,2,83,False,,False,0.0
CUST_02093,TXN_004736,92.3,upi,success,,2,8,1,588,False,,False,0.0
CUST_00307,TXN_004737,157.02,card,success,,2,7,1,1134,False,,False,0.0
CUST_01833,TXN_004738,54.37,netbanking,success,,1,8,2,464,False,,False,0.0
CUST_01749,TXN_004739,39.77,upi,success,,1,8,2,963,False,,False,0.0
CUST_02607,TXN_004740,10.94,upi,failed,network_error,2,6,2,790,True,retry_payment,True,10.94
CUST_01324,TXN_004741,42.37,card,success,,2,5,0,846,False,,False,0.0
CUST_02311,TXN_004742,21.28,upi,success,,1,10,1,1174,False,,False,0.0
CUST_02140,TXN_004743,39.22,card,failed,authentication_failed,3,8,0,170,True,retry_payment,False,0.0
CUST_01635,TXN_004744,34.59,upi,success,,1,6,0,725,False,,False,0.0
CUST_03481,TXN_004745,48.3,card,success,,2,4,0,265,False,,False,0.0
CUST_01528,TXN_004746,30.63,netbanking,failed,network_error,3,10,1,638,False,,False,0.0
CUST_03829,TXN_004747,69.97,netbanking,success,,2,3,1,973,False,,False,0.0
CUST_01255,TXN_004748,3.75,upi,success,,3,9,1,1191,False,,False,0.0
CUST_04324,TXN_004749,38.55,netbanking,success,,2,2,3,219,False,,False,0.0
CUST_01825,TXN_004750,86.66,upi,failed,expired_card,2,5,2,1170,True,send_reminder,True,86.66
CUST_00204,TXN_004751,147.83,card,success,,3,7,3,252,False,,False,0.0
CUST_00750,TXN_004752,59.48,upi,success,,2,4,1,893,False,,False,0.0
CUST_04031,TXN_004753,127.47,wallet,success,,2,14,0,1214,False,,False,0.0
CUST_04360,TXN_004754,37.91,card,failed,expired_card,2,7,0,796,True,offer_support,False,0.0
CUST_01060,TXN_004755,33.19,card,success,,1,5,1,834,False,,False,0.0
CUST_03010,TXN_004756,50.58,upi,success,,3,8,0,248,False,,False,0.0
CUST_02872,TXN_004757,33.03,card,success,,2,10,2,1152,False,,False,0.0
CUST_00669,TXN_004758,17.71,upi,success,,1,7,1,796,False,,False,0.0
CUST_02260,TXN_004759,21.93,upi,success,,1,9,1,478,False,,False,0.0
CUST_03469,TXN_004760,13.6,netbanking,success,,3,7,1,140,False,,False,0.0
CUST_04835,TXN_004761,50.54,card,success,,2,5,1,501,False,,False,0.0
CUST_04238,TXN_004762,33.42,card,success,,2,7,0,1349,False,,False,0.0
CUST_00490,TXN_004763,24.82,netbanking,success,,2,5,1,1282,False,,False,0.0
CUST_01188,TXN_004764,21.04,card,success,,1,10,1,566,False,,False,0.0
CUST_02184,TXN_004765,49.6,upi,success,,1,11,1,851,False,,False,0.0
CUST_00753,TXN_004766,61.83,card,success,,1,8,6,723,False,,False,0.0
CUST_02853,TXN_004767,13.4,card,success,,3,12,2,1488,False,,False,0.0
CUST_00044,TXN_004768,11.82,upi,success,,3,7,2,585,False,,False,0.0
CUST_00568,TXN_004769,71.07,card,success,,1,6,3,333,False,,False,0.0
CUST_00237,TXN_004770,11.02,upi,success,,3,8,1,1091,False,,False,0.0
CUST_01478,TXN_004771,51.32,upi,success,,3,9,0,1323,False,,False,0.0
CUST_03811,TXN_004772,120.73,netbanking,success,,1,4,1,667,False,,False,0.0
CUST_00887,TXN_004773,120.95,netbanking,success,,2,5,2,530,False,,False,0.0
CUST_04935,TXN_004774,59.76,card,success,,1,5,2,1238,False,,False,0.0
CUST_01348,TXN_004775,58.38,card,failed,card_declined,3,12,1,545,True,offer_support,True,58.38
CUST_00225,TXN_004776,200.64,netbanking,success,,3,4,1,869,False,,False,0.0
CUST_01678,TXN_004777,5.12,card,failed,network_error,1,7,2,581,True,retry_payment,True,5.12
CUST_03740,TXN_004778,22.84,card,success,,3,6,2,110,False,,False,0.0
CUST_00534,TXN_004779,65.29,card,success,,1,10,1,1047,False,,False,0.0
CUST_00360,TXN_004780,25.28,upi,success,,2,7,2,422,False,,False,0.0
CUST_04246,TXN_004781,89.28,card,failed,network_error,1,10,2,161,True,send_reminder,False,0.0
CUST_02961,TXN_004782,32.09,card,failed,authentication_failed,3,8,2,1357,True,update_payment_method,False,0.0
CUST_01716,TXN_004783,36.8,upi,success,,1,9,2,969,False,,False,0.0
CUST_03780,TXN_004784,26.58,netbanking,success,,3,3,3,100,False,,False,0.0
CUST_04221,TXN_004785,21.8,card,success,,3,5,2,1108,False,,False,0.0
CUST_01796,TXN_004786,21.38,upi,success,,1,7,3,1438,False,,False,0.0
CUST_02806,TXN_004787,41.14,upi,failed,network_error,1,5,1,878,True,retry_payment,False,0.0
CUST_00055,TXN_004788,17.82,card,success,,1,8,1,1266,False,,False,0.0
CUST_01531,TXN_004789,70.99,card,success,,3,9,1,1001,False,,False,0.0
CUST_02976,TXN_004790,55.85,card,success,,1,7,4,1192,False,,False,0.0
CUST_00986,TXN_004791,79.8,card,success,,2,6,1,78,False,,False,0.0
CUST_04956,TXN_004792,13.42,netbanking,success,,3,9,2,1251,False,,False,0.0
CUST_04855,TXN_004793,8.5,card,success,,1,15,3,1145,False,,False,0.0
CUST_01288,TXN_004794,33.0,wallet,success,,2,8,3,987,False,,False,0.0
CUST_01982,TXN_004795,336.65,card,success,,1,5,0,1106,False,,False,0.0
CUST_00948,TXN_004796,91.19,card,success,,3,8,2,150,False,,False,0.0
CUST_02520,TXN_004797,21.25,upi,failed,expired_card,2,9,2,265,True,retry_payment,True,21.25
CUST_00620,TXN_004798,46.51,netbanking,success,,3,11,3,795,False,,False,0.0
CUST_01955,TXN_004799,59.27,card,failed,insufficient_funds,1,7,0,699,False,,False,0.0
CUST_02776,TXN_004800,11.08,card,success,,3,9,2,837,False,,False,0.0
CUST_03059,TXN_004801,99.06,upi,failed,expired_card,2,4,1,16,False,,False,0.0
CUST_02982,TXN_004802,28.96,card,success,,1,4,1,295,False,,False,0.0
CUST_01107,TXN_004803,30.8,upi,success,,2,10,0,307,False,,False,0.0
CUST_03961,TXN_004804,33.75,netbanking,success,,1,4,1,1380,False,,False,0.0
CUST_03459,TXN_004805,82.73,card,success,,3,9,2,1414,False,,False,0.0
CUST_03765,TXN_004806,18.1,netbanking,success,,3,9,3,1151,False,,False,0.0
CUST_02339,TXN_004807,8.45,card,success,,3,9,3,794,False,,False,0.0
CUST_04462,TXN_004808,42.88,netbanking,failed,network_error,2,6,1,1030,False,,False,0.0
CUST_01949,TXN_004809,6.46,wallet,success,,3,8,4,796,False,,False,0.0
CUST_04029,TXN_004810,26.03,upi,success,,3,6,4,741,False,,False,0.0
CUST_01018,TXN_004811,85.58,wallet,success,,2,10,2,893,False,,False,0.0
CUST_01237,TXN_004812,52.63,netbanking,success,,1,7,1,1485,False,,False,0.0
CUST_02634,TXN_004813,76.24,card,failed,insufficient_funds,1,9,1,120,True,send_reminder,False,0.0
CUST_02779,TXN_004814,54.4,card,success,,2,13,3,293,False,,False,0.0
CUST_03731,TXN_004815,227.75,card,success,,2,9,0,952,False,,False,0.0
CUST_01487,TXN_004816,20.68,upi,success,,2,4,1,825,False,,False,0.0
CUST_04363,TXN_004817,45.54,upi,success,,3,15,1,187,False,,False,0.0
CUST_01649,TXN_004818,23.32,upi,success,,1,4,1,387,False,,False,0.0
CUST_02671,TXN_004819,71.2,upi,success,,1,6,2,1345,False,,False,0.0
CUST_04659,TXN_004820,31.52,card,success,,2,6,1,37,False,,False,0.0
CUST_02697,TXN_004821,130.98,card,success,,3,12,1,796,False,,False,0.0
CUST_03409,TXN_004822,21.66,card,success,,3,12,2,19,False,,False,0.0
CUST_04543,TXN_004823,102.07,wallet,success,,3,11,2,65,False,,False,0.0
CUST_04872,TXN_004824,53.22,card,success,,2,6,4,1444,False,,False,0.0
CUST_02497,TXN_004825,32.27,card,success,,2,9,2,872,False,,False,0.0
CUST_02085,TXN_004826,51.11,card,success,,2,4,3,799,False,,False,0.0
CUST_00985,TXN_004827,40.81,wallet,failed,network_error,1,4,2,1070,True,offer_support,False,0.0
CUST_02687,TXN_004828,44.03,card,success,,3,13,0,1174,False,,False,0.0
CUST_04591,TXN_004829,28.06,upi,failed,insufficient_funds,3,9,4,967,True,offer_support,True,28.06
CUST_02436,TXN_004830,18.89,card,success,,3,4,2,1191,False,,False,0.0
CUST_01743,TXN_004831,25.33,card,success,,2,9,3,1455,False,,False,0.0
CUST_00537,TXN_004832,8.61,upi,success,,3,7,1,81,False,,False,0.0
CUST_01949,TXN_004833,64.95,upi,success,,1,12,0,830,False,,False,0.0
CUST_01184,TXN_004834,12.33,upi,success,,2,7,1,1214,False,,False,0.0
CUST_04883,TXN_004835,27.82,card,success,,1,9,1,58,False,,False,0.0
CUST_02638,TXN_004836,55.61,wallet,success,,2,3,0,718,False,,False,0.0
CUST_00685,TXN_004837,64.81,upi,success,,3,9,2,1187,False,,False,0.0
CUST_00337,TXN_004838,8.01,wallet,success,,2,7,0,626,False,,False,0.0
CUST_04253,TXN_004839,30.77,card,success,,3,7,1,180,False,,False,0.0
CUST_04657,TXN_004840,47.84,card,success,,3,11,4,1319,False,,False,0.0
CUST_03815,TXN_004841,34.52,card,success,,1,8,0,495,False,,False,0.0
CUST_00620,TXN_004842,97.05,netbanking,success,,3,6,2,1319,False,,False,0.0
CUST_00492,TXN_004843,17.16,upi,success,,1,4,2,1344,False,,False,0.0
CUST_00990,TXN_004844,6.43,upi,success,,2,9,0,1158,False,,False,0.0
CUST_03755,TXN_004845,63.32,card,success,,2,7,0,427,False,,False,0.0
CUST_03826,TXN_004846,21.55,card,success,,1,3,2,721,False,,False,0.0
CUST_04189,TXN_004847,8.11,card,success,,2,12,2,777,False,,False,0.0
CUST_00485,TXN_004848,29.17,netbanking,success,,3,8,1,566,False,,False,0.0
CUST_00766,TXN_004849,88.63,card,success,,1,9,1,608,False,,False,0.0
CUST_04501,TXN_004850,12.05,card,success,,1,5,2,214,False,,False,0.0
CUST_04643,TXN_004851,214.6,card,success,,2,9,0,1435,False,,False,0.0
CUST_03628,TXN_004852,16.94,card,success,,1,13,2,1458,False,,False,0.0
CUST_00531,TXN_004853,35.5,wallet,success,,1,5,1,718,False,,False,0.0
CUST_00344,TXN_004854,12.49,card,success,,2,10,2,2,False,,False,0.0
CUST_00278,TXN_004855,34.24,wallet,failed,authentication_failed,2,5,2,1174,False,,False,0.0
CUST_03459,TXN_004856,29.76,upi,failed,network_error,3,3,2,1201,True,send_reminder,False,0.0
CUST_04229,TXN_004857,10.06,upi,success,,2,12,2,282,False,,False,0.0
CUST_03158,TXN_004858,317.56,upi,success,,1,8,1,494,False,,False,0.0
CUST_01311,TXN_004859,22.28,upi,failed,expired_card,2,7,2,174,True,offer_support,False,0.0
CUST_03786,TXN_004860,22.3,upi,success,,1,7,2,166,False,,False,0.0
CUST_00296,TXN_004861,71.9,card,failed,expired_card,1,11,2,34,False,,False,0.0
CUST_04141,TXN_004862,141.37,wallet,success,,3,7,0,67,False,,False,0.0
CUST_04459,TXN_004863,81.54,card,failed,expired_card,2,13,0,831,False,,False,0.0
CUST_03592,TXN_004864,12.67,card,success,,2,8,0,208,False,,False,0.0
CUST_04396,TXN_004865,39.3,card,success,,2,6,1,137,False,,False,0.0
CUST_02931,TXN_004866,7.35,upi,success,,1,5,1,145,False,,False,0.0
CUST_02342,TXN_004867,68.13,card,success,,3,8,1,1136,False,,False,0.0
CUST_01612,TXN_004868,8.95,card,success,,1,11,0,961,False,,False,0.0
CUST_04608,TXN_004869,17.42,card,success,,3,9,0,9,False,,False,0.0
CUST_03486,TXN_004870,33.03,card,success,,3,7,2,1177,False,,False,0.0
CUST_00953,TXN_004871,47.28,card,failed,authentication_failed,1,4,1,921,True,retry_payment,False,0.0
CUST_04784,TXN_004872,26.88,netbanking,failed,expired_card,1,6,2,96,True,offer_support,False,0.0
CUST_00296,TXN_004873,111.64,card,failed,authentication_failed,3,7,4,1391,False,,False,0.0
CUST_02938,TXN_004874,59.06,wallet,failed,insufficient_funds,1,13,2,612,True,update_payment_method,False,0.0
CUST_00953,TXN_004875,55.47,upi,success,,1,7,3,1350,False,,False,0.0
CUST_03322,TXN_004876,12.38,netbanking,failed,card_declined,3,5,2,176,True,update_payment_method,False,0.0
CUST_02063,TXN_004877,128.96,wallet,success,,1,5,0,1328,False,,False,0.0
CUST_02186,TXN_004878,17.42,card,success,,2,3,1,377,False,,False,0.0
CUST_03358,TXN_004879,132.96,upi,failed,network_error,2,5,2,365,True,update_payment_method,True,132.96
CUST_03780,TXN_004880,166.96,card,success,,2,6,1,929,False,,False,0.0
CUST_01900,TXN_004881,49.91,card,success,,1,11,0,136,False,,False,0.0
CUST_04988,TXN_004882,75.61,card,success,,2,3,0,1194,False,,False,0.0
CUST_02492,TXN_004883,2.81,upi,success,,2,9,0,12,False,,False,0.0
CUST_00802,TXN_004884,28.33,netbanking,success,,3,12,1,182,False,,False,0.0
CUST_00032,TXN_004885,79.98,card,success,,3,9,3,275,False,,False,0.0
CUST_01012,TXN_004886,69.38,upi,success,,2,9,2,230,False,,False,0.0
CUST_03455,TXN_004887,12.48,card,success,,1,11,1,671,False,,False,0.0
CUST_02697,TXN_004888,26.18,card,success,,2,11,3,18,False,,False,0.0
CUST_01689,TXN_004889,4.35,card,success,,2,7,2,1071,False,,False,0.0
CUST_02407,TXN_004890,46.08,upi,success,,3,5,0,445,False,,False,0.0
CUST_04190,TXN_004891,7.34,upi,success,,3,8,3,684,False,,False,0.0
CUST_02858,TXN_004892,81.81,card,success,,1,9,0,1298,False,,False,0.0
CUST_00291,TXN_004893,85.3,card,failed,expired_card,1,11,0,542,True,offer_support,True,85.3
CUST_00246,TXN_004894,22.66,upi,success,,2,6,1,633,False,,False,0.0
CUST_02410,TXN_004895,50.25,netbanking,failed,card_declined,3,10,1,1262,True,retry_payment,False,0.0
CUST_02021,TXN_004896,27.84,card,success,,1,10,0,1154,False,,False,0.0
CUST_04252,TXN_004897,40.19,upi,failed,expired_card,2,4,2,653,True,update_payment_method,False,0.0
CUST_02915,TXN_004898,13.23,upi,success,,3,5,1,400,False,,False,0.0
CUST_03784,TXN_004899,54.49,upi,success,,3,8,1,490,False,,False,0.0
CUST_02926,TXN_004900,8.91,card,success,,3,12,2,178,False,,False,0.0
CUST_01727,TXN_004901,7.66,wallet,success,,3,11,0,75,False,,False,0.0
CUST_03287,TXN_004902,30.04,upi,success,,3,3,2,377,False,,False,0.0
CUST_03107,TXN_004903,27.97,card,success,,1,6,0,1324,False,,False,0.0
CUST_03601,TXN_004904,41.18,netbanking,success,,2,13,0,9,False,,False,0.0
CUST_00947,TXN_004905,19.7,netbanking,success,,3,8,0,375,False,,False,0.0
CUST_03208,TXN_004906,149.69,upi,success,,2,13,3,1392,False,,False,0.0
CUST_01428,TXN_004907,37.66,netbanking,success,,1,10,0,965,False,,False,0.0
CUST_03951,TXN_004908,39.9,card,success,,3,6,2,1205,False,,False,0.0
CUST_03992,TXN_004909,38.78,netbanking,success,,1,9,2,360,False,,False,0.0
CUST_03124,TXN_004910,73.87,card,success,,1,5,2,408,False,,False,0.0
CUST_04733,TXN_004911,52.5,netbanking,failed,network_error,3,8,3,922,True,offer_support,True,52.5
CUST_02688,TXN_004912,47.16,card,success,,3,16,1,1451,False,,False,0.0
CUST_00126,TXN_004913,59.67,card,failed,authentication_failed,1,8,5,257,True,send_reminder,True,59.67
CUST_03031,TXN_004914,7.69,card,success,,2,7,1,1442,False,,False,0.0
CUST_03888,TXN_004915,7.93,netbanking,success,,1,10,1,313,False,,False,0.0
CUST_00506,TXN_004916,31.16,upi,success,,2,8,3,640,False,,False,0.0
CUST_00523,TXN_004917,28.27,netbanking,success,,3,7,2,960,False,,False,0.0
CUST_01366,TXN_004918,52.66,card,success,,3,7,3,266,False,,False,0.0
CUST_04221,TXN_004919,33.65,card,success,,1,10,1,1255,False,,False,0.0
CUST_02637,TXN_004920,52.75,upi,success,,3,13,1,1438,False,,False,0.0
CUST_04882,TXN_004921,12.23,card,success,,1,11,0,1250,False,,False,0.0
CUST_04365,TXN_004922,32.83,upi,success,,2,8,0,1043,False,,False,0.0
CUST_02774,TXN_004923,11.33,wallet,failed,expired_card,2,7,1,454,True,update_payment_method,True,11.33
CUST_03395,TXN_004924,45.13,upi,success,,2,9,2,223,False,,False,0.0
CUST_01655,TXN_004925,7.37,card,success,,3,9,2,1361,False,,False,0.0
CUST_00452,TXN_004926,43.76,upi,success,,2,11,0,1324,False,,False,0.0
CUST_01994,TXN_004927,10.22,wallet,success,,3,7,3,1247,False,,False,0.0
CUST_02961,TXN_004928,24.37,upi,success,,2,7,2,719,False,,False,0.0
CUST_00911,TXN_004929,67.76,netbanking,success,,2,3,2,924,False,,False,0.0
CUST_01109,TXN_004930,39.72,card,success,,2,10,2,540,False,,False,0.0
CUST_00075,TXN_004931,8.88,upi,success,,1,8,1,301,False,,False,0.0
CUST_03670,TXN_004932,19.34,card,success,,3,6,3,313,False,,False,0.0
CUST_04497,TXN_004933,9.96,upi,success,,1,7,2,669,False,,False,0.0
CUST_04137,TXN_004934,8.54,netbanking,success,,1,5,1,450,False,,False,0.0
CUST_01900,TXN_004935,36.38,wallet,failed,card_declined,2,5,2,720,True,retry_payment,False,0.0
CUST_02967,TXN_004936,51.84,card,success,,3,9,3,402,False,,False,0.0
CUST_04804,TXN_004937,47.11,netbanking,success,,2,3,1,585,False,,False,0.0
CUST_02957,TXN_004938,53.63,card,success,,1,13,1,611,False,,False,0.0
CUST_01480,TXN_004939,32.8,upi,success,,1,6,0,1250,False,,False,0.0
CUST_01693,TXN_004940,26.61,upi,success,,3,7,2,1478,False,,False,0.0
CUST_03635,TXN_004941,14.03,upi,failed,insufficient_funds,3,6,0,1260,True,offer_support,False,0.0
CUST_02231,TXN_004942,23.29,card,success,,1,6,0,187,False,,False,0.0
CUST_04186,TXN_004943,11.51,upi,success,,3,13,0,211,False,,False,0.0
CUST_04320,TXN_004944,16.84,upi,failed,insufficient_funds,2,8,1,1424,False,,False,0.0
CUST_00180,TXN_004945,35.56,upi,success,,1,12,3,343,False,,False,0.0
CUST_03616,TXN_004946,30.14,upi,success,,1,5,1,220,False,,False,0.0
CUST_01850,TXN_004947,384.44,upi,failed,network_error,3,9,0,1150,True,update_payment_method,True,384.44
CUST_02599,TXN_004948,11.28,card,success,,1,6,3,737,False,,False,0.0
CUST_01324,TXN_004949,29.96,card,success,,3,7,2,178,False,,False,0.0
CUST_01841,TXN_004950,10.6,upi,success,,2,5,1,7,False,,False,0.0
CUST_01652,TXN_004951,24.28,upi,success,,3,7,3,597,False,,False,0.0
CUST_00252,TXN_004952,25.09,card,success,,2,7,3,163,False,,False,0.0
CUST_03914,TXN_004953,65.1,card,success,,1,13,2,43,False,,False,0.0
CUST_00715,TXN_004954,23.11,wallet,failed,network_error,2,3,3,18,False,,False,0.0
CUST_01879,TXN_004955,28.42,netbanking,success,,3,8,0,96,False,,False,0.0
CUST_00965,TXN_004956,23.47,upi,success,,3,11,2,128,False,,False,0.0
CUST_00803,TXN_004957,10.8,netbanking,success,,2,6,0,708,False,,False,0.0
CUST_01867,TXN_004958,19.65,wallet,success,,1,10,2,1207,False,,False,0.0
CUST_04593,TXN_004959,24.4,upi,success,,1,12,2,1153,False,,False,0.0
CUST_04720,TXN_004960,35.13,card,success,,2,7,1,488,False,,False,0.0
CUST_01909,TXN_004961,51.79,upi,success,,3,2,1,465,False,,False,0.0
CUST_02526,TXN_004962,27.45,wallet,success,,2,6,0,354,False,,False,0.0
CUST_04928,TXN_004963,27.07,upi,success,,2,8,0,491,False,,False,0.0
CUST_01174,TXN_004964,8.36,card,success,,3,8,1,681,False,,False,0.0
CUST_04723,TXN_004965,51.0,wallet,success,,1,5,2,693,False,,False,0.0
CUST_00529,TXN_004966,18.98,netbanking,success,,1,10,2,388,False,,False,0.0
CUST_01130,TXN_004967,60.2,card,success,,3,7,1,605,False,,False,0.0
CUST_01692,TXN_004968,94.93,wallet,success,,2,8,1,1076,False,,False,0.0
CUST_00186,TXN_004969,28.49,upi,success,,2,5,2,350,False,,False,0.0
CUST_04078,TXN_004970,14.6,netbanking,success,,3,8,0,975,False,,False,0.0
CUST_04277,TXN_004971,32.68,wallet,success,,3,3,5,638,False,,False,0.0
CUST_01917,TXN_004972,43.77,card,success,,2,7,1,271,False,,False,0.0
CUST_04182,TXN_004973,25.73,netbanking,success,,1,6,5,1258,False,,False,0.0
CUST_03862,TXN_004974,21.09,card,failed,authentication_failed,3,7,2,373,True,update_payment_method,False,0.0
CUST_04007,TXN_004975,51.98,netbanking,success,,1,12,5,567,False,,False,0.0
CUST_04013,TXN_004976,49.31,netbanking,success,,1,11,0,617,False,,False,0.0
CUST_02867,TXN_004977,25.1,netbanking,success,,1,5,6,82,False,,False,0.0
CUST_00554,TXN_004978,8.82,netbanking,success,,1,10,1,1313,False,,False,0.0
CUST_04617,TXN_004979,47.71,netbanking,success,,3,10,0,864,False,,False,0.0
CUST_03043,TXN_004980,17.92,card,success,,2,8,0,646,False,,False,0.0
CUST_04506,TXN_004981,39.31,card,success,,3,6,0,1349,False,,False,0.0
CUST_04795,TXN_004982,37.37,card,failed,network_error,1,6,3,72,True,send_reminder,False,0.0
CUST_00936,TXN_004983,7.31,netbanking,success,,3,10,0,562,False,,False,0.0
CUST_02011,TXN_004984,35.33,upi,success,,2,6,4,24,False,,False,0.0
CUST_00963,TXN_004985,49.98,upi,success,,2,8,1,100,False,,False,0.0
CUST_00255,TXN_004986,55.13,card,failed,card_declined,1,14,2,673,True,offer_support,True,55.13
CUST_04832,TXN_004987,36.38,upi,success,,3,6,1,1125,False,,False,0.0
CUST_04616,TXN_004988,6.81,upi,failed,expired_card,2,5,1,1495,True,update_payment_method,False,0.0
CUST_04658,TXN_004989,91.99,wallet,failed,insufficient_funds,3,5,1,47,True,retry_payment,True,91.99
CUST_04418,TXN_004990,46.01,netbanking,success,,3,5,2,754,False,,False,0.0
CUST_03244,TXN_004991,12.65,upi,success,,1,8,1,714,False,,False,0.0
CUST_02611,TXN_004992,17.63,netbanking,success,,3,7,0,992,False,,False,0.0
CUST_04957,TXN_004993,39.84,card,success,,2,7,1,486,False,,False,0.0
CUST_02761,TXN_004994,57.04,card,success,,1,12,1,1286,False,,False,0.0
CUST_03212,TXN_004995,22.41,upi,success,,3,5,2,829,False,,False,0.0
CUST_01059,TXN_004996,64.1,upi,failed,authentication_failed,1,8,1,383,True,retry_payment,True,64.1
CUST_03733,TXN_004997,7.89,card,success,,3,7,0,919,False,,False,0.0
CUST_04097,TXN_004998,14.38,card,success,,3,5,1,16,False,,False,0.0
CUST_03392,TXN_004999,6.35,upi,success,,1,9,2,495,False,,False,0.0
CUST_02493,TXN_005000,16.15,card,success,,2,12,1,507,False,,False,0.0
CUST_00990,TXN_005001,110.66,card,success,,3,3,1,1288,False,,False,0.0
CUST_00170,TXN_005002,171.78,upi,failed,authentication_failed,2,8,2,151,True,update_payment_method,True,171.78
CUST_03136,TXN_005003,39.95,wallet,success,,3,1,2,1401,False,,False,0.0
CUST_03415,TXN_005004,19.87,card,success,,3,4,1,428,False,,False,0.0
CUST_03863,TXN_005005,27.73,card,success,,1,2,3,1059,False,,False,0.0
CUST_04752,TXN_005006,48.36,card,success,,2,9,5,513,False,,False,0.0
CUST_02487,TXN_005007,9.48,card,failed,expired_card,3,10,1,1393,False,,False,0.0
CUST_04145,TXN_005008,20.95,netbanking,failed,card_declined,2,8,1,96,True,retry_payment,True,20.95
CUST_03581,TXN_005009,104.37,card,success,,2,15,3,874,False,,False,0.0
CUST_01386,TXN_005010,14.35,card,success,,3,8,0,459,False,,False,0.0
CUST_04225,TXN_005011,18.19,wallet,success,,1,7,1,732,False,,False,0.0
CUST_00267,TXN_005012,33.47,netbanking,success,,2,5,4,1110,False,,False,0.0
CUST_02994,TXN_005013,41.53,card,success,,2,11,2,593,False,,False,0.0
CUST_04701,TXN_005014,20.09,card,failed,network_error,3,7,1,997,True,send_reminder,True,20.09
CUST_03295,TXN_005015,35.22,netbanking,success,,3,13,4,956,False,,False,0.0
CUST_04685,TXN_005016,53.86,upi,success,,3,14,1,355,False,,False,0.0
CUST_00281,TXN_005017,159.04,wallet,success,,2,6,0,862,False,,False,0.0
CUST_02662,TXN_005018,29.93,card,success,,2,10,1,67,False,,False,0.0
CUST_03903,TXN_005019,32.04,netbanking,failed,authentication_failed,1,11,1,912,True,update_payment_method,True,32.04
CUST_03211,TXN_005020,112.39,card,success,,3,11,1,601,False,,False,0.0
CUST_04402,TXN_005021,21.34,card,success,,1,10,1,29,False,,False,0.0
CUST_02313,TXN_005022,11.48,netbanking,success,,1,7,1,795,False,,False,0.0
CUST_03413,TXN_005023,40.46,upi,failed,authentication_failed,2,8,3,848,True,offer_support,True,40.46
CUST_02099,TXN_005024,78.33,card,success,,3,14,2,53,False,,False,0.0
CUST_04360,TXN_005025,44.2,card,success,,3,9,1,814,False,,False,0.0
CUST_00598,TXN_005026,30.64,netbanking,success,,1,7,4,431,False,,False,0.0
CUST_01271,TXN_005027,10.39,card,success,,2,8,1,1390,False,,False,0.0
CUST_00484,TXN_005028,31.6,card,success,,1,9,0,938,False,,False,0.0
CUST_03510,TXN_005029,88.81,card,success,,2,8,1,758,False,,False,0.0
CUST_01164,TXN_005030,12.34,card,success,,3,10,2,609,False,,False,0.0
CUST_01586,TXN_005031,27.23,netbanking,success,,2,14,0,271,False,,False,0.0
CUST_04183,TXN_005032,24.29,card,success,,3,11,0,902,False,,False,0.0
CUST_01801,TXN_005033,18.95,upi,success,,2,10,2,1003,False,,False,0.0
CUST_00730,TXN_005034,40.38,upi,failed,network_error,3,5,2,1151,True,offer_support,True,40.38
CUST_00105,TXN_005035,47.21,card,success,,2,5,1,1382,False,,False,0.0
CUST_01134,TXN_005036,46.82,upi,success,,3,7,1,498,False,,False,0.0
CUST_04573,TXN_005037,15.16,card,success,,3,8,2,895,False,,False,0.0
CUST_02743,TXN_005038,8.87,netbanking,success,,3,9,2,852,False,,False,0.0
CUST_04974,TXN_005039,40.85,netbanking,success,,2,11,0,1275,False,,False,0.0
CUST_01076,TXN_005040,22.09,netbanking,success,,2,6,2,1474,False,,False,0.0
CUST_01758,TXN_005041,144.12,card,success,,3,8,1,216,False,,False,0.0
CUST_00816,TXN_005042,149.55,netbanking,success,,3,4,0,997,False,,False,0.0
CUST_01992,TXN_005043,162.8,upi,success,,1,5,1,802,False,,False,0.0
CUST_02817,TXN_005044,15.61,card,success,,1,9,2,1349,False,,False,0.0
CUST_04040,TXN_005045,52.22,card,success,,1,3,1,299,False,,False,0.0
CUST_01841,TXN_005046,66.47,card,failed,card_declined,1,5,0,1095,False,,False,0.0
CUST_03857,TXN_005047,60.74,card,success,,1,8,2,457,False,,False,0.0
CUST_03131,TXN_005048,24.94,card,success,,1,5,2,1420,False,,False,0.0
CUST_01459,TXN_005049,92.14,wallet,success,,1,8,3,1227,False,,False,0.0
CUST_04561,TXN_005050,33.13,wallet,success,,3,6,2,945,False,,False,0.0
CUST_02171,TXN_005051,36.69,card,success,,3,7,1,1012,False,,False,0.0
CUST_00755,TXN_005052,9.68,wallet,failed,authentication_failed,1,5,0,1498,False,,False,0.0
CUST_04813,TXN_005053,55.47,upi,success,,2,10,1,1252,False,,False,0.0
CUST_04567,TXN_005054,26.89,upi,success,,2,4,1,10,False,,False,0.0
CUST_00248,TXN_005055,48.03,wallet,success,,3,6,1,112,False,,False,0.0
CUST_04512,TXN_005056,39.97,upi,success,,1,5,0,1476,False,,False,0.0
CUST_04736,TXN_005057,38.27,upi,success,,3,6,5,1094,False,,False,0.0
CUST_04145,TXN_005058,31.93,card,failed,insufficient_funds,1,4,2,1480,True,update_payment_method,False,0.0
CUST_01275,TXN_005059,62.13,card,success,,2,9,0,929,False,,False,0.0
CUST_03156,TXN_005060,28.24,wallet,success,,2,12,1,202,False,,False,0.0
CUST_02691,TXN_005061,10.34,card,success,,1,7,1,732,False,,False,0.0
CUST_03101,TXN_005062,52.2,card,success,,1,13,1,1384,False,,False,0.0
CUST_03082,TXN_005063,17.34,card,success,,2,10,2,818,False,,False,0.0
CUST_03196,TXN_005064,11.48,upi,success,,3,6,3,251,False,,False,0.0
CUST_02570,TXN_005065,14.62,card,success,,2,10,3,1079,False,,False,0.0
CUST_03452,TXN_005066,41.54,wallet,success,,3,15,1,1455,False,,False,0.0
CUST_02633,TXN_005067,30.65,card,failed,insufficient_funds,2,9,2,1043,True,update_payment_method,False,0.0
CUST_00083,TXN_005068,6.01,netbanking,success,,2,6,2,675,False,,False,0.0
CUST_00177,TXN_005069,24.36,upi,success,,3,7,3,322,False,,False,0.0
CUST_04790,TXN_005070,84.38,upi,failed,insufficient_funds,2,11,1,906,True,send_reminder,True,84.38
CUST_04546,TXN_005071,23.08,card,success,,3,8,2,1414,False,,False,0.0
CUST_02928,TXN_005072,29.01,card,success,,3,7,3,549,False,,False,0.0
CUST_00873,TXN_005073,76.28,netbanking,failed,network_error,2,4,1,1007,True,offer_support,False,0.0
CUST_03907,TXN_005074,62.58,netbanking,success,,2,5,2,1414,False,,False,0.0
CUST_00717,TXN_005075,74.99,card,success,,1,8,3,1296,False,,False,0.0
CUST_01887,TXN_005076,3.6,wallet,success,,1,2,4,893,False,,False,0.0
CUST_01649,TXN_005077,132.53,netbanking,success,,3,8,2,588,False,,False,0.0
CUST_00062,TXN_005078,55.1,card,success,,2,16,0,1406,False,,False,0.0
CUST_04035,TXN_005079,237.27,upi,success,,3,7,2,1215,False,,False,0.0
CUST_02549,TXN_005080,17.71,netbanking,success,,2,5,0,300,False,,False,0.0
CUST_01581,TXN_005081,8.08,netbanking,success,,1,8,0,460,False,,False,0.0
CUST_02536,TXN_005082,33.31,card,success,,2,9,4,697,False,,False,0.0
CUST_00001,TXN_005083,26.57,card,success,,1,11,1,209,False,,False,0.0
CUST_02185,TXN_005084,55.86,card,success,,2,11,1,1028,False,,False,0.0
CUST_02598,TXN_005085,78.25,card,success,,2,9,2,329,False,,False,0.0
CUST_01699,TXN_005086,30.88,card,success,,3,8,3,390,False,,False,0.0
CUST_04152,TXN_005087,27.31,upi,failed,expired_card,3,9,3,1196,False,,False,0.0
CUST_01249,TXN_005088,50.31,upi,failed,expired_card,2,6,1,1077,True,send_reminder,True,50.31
CUST_00689,TXN_005089,26.98,card,success,,3,8,1,65,False,,False,0.0
CUST_02638,TXN_005090,25.23,upi,success,,1,11,0,103,False,,False,0.0
CUST_04436,TXN_005091,75.92,card,success,,2,6,2,103,False,,False,0.0
CUST_01877,TXN_005092,90.72,card,failed,expired_card,2,7,0,4,False,,False,0.0
CUST_00234,TXN_005093,78.82,netbanking,success,,2,11,1,1047,False,,False,0.0
CUST_04849,TXN_005094,28.95,netbanking,success,,3,14,5,4,False,,False,0.0
CUST_02222,TXN_005095,5.98,card,success,,2,9,2,245,False,,False,0.0
CUST_00865,TXN_005096,29.41,netbanking,success,,1,14,2,1004,False,,False,0.0
CUST_03078,TXN_005097,18.06,netbanking,success,,2,7,2,301,False,,False,0.0
CUST_01599,TXN_005098,29.85,upi,success,,1,8,7,991,False,,False,0.0
CUST_04689,TXN_005099,19.36,wallet,failed,expired_card,2,7,1,907,False,,False,0.0
CUST_01470,TXN_005100,32.57,card,success,,3,9,3,13,False,,False,0.0
CUST_02751,TXN_005101,14.42,card,success,,1,5,0,1036,False,,False,0.0
CUST_02717,TXN_005102,11.89,netbanking,success,,2,5,4,643,False,,False,0.0
CUST_01212,TXN_005103,88.07,upi,success,,1,9,3,276,False,,False,0.0
CUST_02496,TXN_005104,15.25,card,success,,1,6,2,873,False,,False,0.0
CUST_00546,TXN_005105,33.12,card,success,,1,13,1,1179,False,,False,0.0
CUST_03219,TXN_005106,71.07,card,success,,2,8,2,452,False,,False,0.0
CUST_03791,TXN_005107,68.82,card,success,,2,9,0,1126,False,,False,0.0
CUST_04750,TXN_005108,62.54,card,success,,2,6,3,1008,False,,False,0.0
CUST_01629,TXN_005109,42.19,wallet,success,,1,11,0,363,False,,False,0.0
CUST_01426,TXN_005110,59.1,card,success,,1,5,0,873,False,,False,0.0
CUST_02744,TXN_005111,99.33,netbanking,success,,1,11,2,327,False,,False,0.0
CUST_03464,TXN_005112,46.53,card,success,,3,7,2,216,False,,False,0.0
CUST_04962,TXN_005113,7.62,card,success,,2,9,4,1103,False,,False,0.0
CUST_00126,TXN_005114,21.7,wallet,success,,2,8,1,809,False,,False,0.0
CUST_01192,TXN_005115,57.81,card,success,,1,7,2,670,False,,False,0.0
CUST_01312,TXN_005116,20.05,card,success,,1,9,2,1231,False,,False,0.0
CUST_01277,TXN_005117,121.04,netbanking,success,,2,5,1,478,False,,False,0.0
CUST_02319,TXN_005118,31.48,card,success,,3,8,1,1177,False,,False,0.0
CUST_04364,TXN_005119,35.45,card,success,,1,7,0,100,False,,False,0.0
CUST_00155,TXN_005120,81.43,wallet,failed,network_error,2,10,1,156,True,retry_payment,True,81.43
CUST_04079,TXN_005121,28.61,card,success,,2,12,1,519,False,,False,0.0
CUST_03088,TXN_005122,38.13,upi,success,,3,12,1,1455,False,,False,0.0
CUST_03076,TXN_005123,67.99,card,success,,1,8,3,96,False,,False,0.0
CUST_03391,TXN_005124,10.2,card,success,,1,7,0,588,False,,False,0.0
CUST_00577,TXN_005125,26.36,upi,failed,network_error,2,9,0,124,True,send_reminder,True,26.36
CUST_03733,TXN_005126,64.28,upi,success,,2,6,1,464,False,,False,0.0
CUST_01241,TXN_005127,34.9,card,success,,1,9,2,689,False,,False,0.0
CUST_02583,TXN_005128,107.11,netbanking,success,,2,14,0,1045,False,,False,0.0
CUST_03384,TXN_005129,9.39,netbanking,failed,insufficient_funds,3,6,2,887,True,update_payment_method,True,9.39
CUST_03020,TXN_005130,8.57,upi,success,,3,6,4,1057,False,,False,0.0
CUST_01616,TXN_005131,61.3,upi,failed,authentication_failed,1,9,0,1422,True,offer_support,True,61.3
CUST_01980,TXN_005132,66.2,upi,success,,3,5,1,1187,False,,False,0.0
CUST_02383,TXN_005133,28.37,upi,failed,network_error,3,8,1,1211,True,send_reminder,False,0.0
CUST_00207,TXN_005134,45.62,card,failed,expired_card,2,5,1,785,True,update_payment_method,True,45.62
CUST_03630,TXN_005135,60.11,netbanking,success,,2,8,1,904,False,,False,0.0
CUST_00500,TXN_005136,17.27,upi,failed,insufficient_funds,3,5,0,1228,True,retry_payment,True,17.27
CUST_02293,TXN_005137,18.81,wallet,failed,network_error,2,9,2,1106,False,,False,0.0
CUST_03275,TXN_005138,38.54,wallet,failed,insufficient_funds,1,10,1,837,True,retry_payment,False,0.0
CUST_00402,TXN_005139,68.26,card,success,,1,12,2,1449,False,,False,0.0
CUST_04977,TXN_005140,13.03,card,success,,3,13,1,292,False,,False,0.0
CUST_01886,TXN_005141,28.27,upi,success,,2,9,0,905,False,,False,0.0
CUST_00080,TXN_005142,27.24,upi,success,,2,5,3,261,False,,False,0.0
CUST_03293,TXN_005143,46.26,netbanking,success,,3,4,3,1058,False,,False,0.0
CUST_02788,TXN_005144,32.89,card,success,,1,7,0,58,False,,False,0.0
CUST_03202,TXN_005145,21.4,upi,failed,authentication_failed,3,7,1,9,False,,False,0.0
CUST_03755,TXN_005146,89.91,wallet,success,,1,5,5,921,False,,False,0.0
CUST_02378,TXN_005147,21.51,wallet,success,,2,10,1,449,False,,False,0.0
CUST_04134,TXN_005148,26.21,card,success,,1,5,1,433,False,,False,0.0
CUST_01851,TXN_005149,9.27,wallet,success,,3,4,1,980,False,,False,0.0
CUST_02726,TXN_005150,18.71,card,success,,1,8,6,298,False,,False,0.0
CUST_00793,TXN_005151,50.04,upi,success,,2,8,3,914,False,,False,0.0
CUST_03099,TXN_005152,42.8,card,success,,1,8,0,619,False,,False,0.0
CUST_01308,TXN_005153,53.5,upi,success,,3,4,1,1177,False,,False,0.0
CUST_03483,TXN_005154,51.46,card,success,,1,9,2,426,False,,False,0.0
CUST_04005,TXN_005155,175.94,card,success,,2,6,2,523,False,,False,0.0
CUST_04294,TXN_005156,18.21,card,success,,3,12,0,461,False,,False,0.0
CUST_04645,TXN_005157,9.07,wallet,success,,3,5,3,133,False,,False,0.0
CUST_00612,TXN_005158,14.29,upi,success,,2,10,3,408,False,,False,0.0
CUST_00690,TXN_005159,18.86,upi,success,,2,5,2,1102,False,,False,0.0
CUST_04630,TXN_005160,15.19,upi,success,,1,8,1,1425,False,,False,0.0
CUST_01904,TXN_005161,35.69,card,success,,2,4,1,1028,False,,False,0.0
CUST_00131,TXN_005162,90.21,card,success,,3,10,1,723,False,,False,0.0
CUST_01435,TXN_005163,113.49,card,success,,1,4,1,1387,False,,False,0.0
CUST_04181,TXN_005164,49.57,upi,success,,1,15,1,622,False,,False,0.0
CUST_01775,TXN_005165,183.65,wallet,success,,1,14,3,402,False,,False,0.0
CUST_00384,TXN_005166,24.9,card,success,,2,5,1,1058,False,,False,0.0
CUST_03610,TXN_005167,8.97,upi,success,,1,9,0,287,False,,False,0.0
CUST_00973,TXN_005168,76.9,netbanking,success,,3,6,0,348,False,,False,0.0
CUST_01764,TXN_005169,7.61,wallet,success,,2,7,0,765,False,,False,0.0
CUST_00020,TXN_005170,18.1,card,success,,3,7,0,879,False,,False,0.0
CUST_03010,TXN_005171,50.2,wallet,success,,3,6,1,226,False,,False,0.0
CUST_02226,TXN_005172,30.51,upi,success,,2,9,2,907,False,,False,0.0
CUST_04335,TXN_005173,28.42,upi,success,,3,3,2,1053,False,,False,0.0
CUST_01672,TXN_005174,12.88,netbanking,success,,2,5,1,879,False,,False,0.0
CUST_01023,TXN_005175,32.83,card,success,,3,9,0,434,False,,False,0.0
CUST_00830,TXN_005176,73.92,netbanking,success,,1,5,1,65,False,,False,0.0
CUST_01001,TXN_005177,33.65,upi,success,,3,6,3,94,False,,False,0.0
CUST_02255,TXN_005178,17.04,netbanking,failed,expired_card,2,5,1,707,True,retry_payment,True,17.04
CUST_00436,TXN_005179,12.21,netbanking,success,,2,5,1,1242,False,,False,0.0
CUST_02012,TXN_005180,17.33,upi,success,,1,10,3,164,False,,False,0.0
CUST_04273,TXN_005181,45.33,card,success,,2,10,3,1429,False,,False,0.0
CUST_03838,TXN_005182,43.59,card,success,,2,8,2,1310,False,,False,0.0
CUST_03186,TXN_005183,17.45,netbanking,success,,2,8,0,1474,False,,False,0.0
CUST_04465,TXN_005184,5.65,upi,success,,3,8,3,779,False,,False,0.0
CUST_03901,TXN_005185,46.34,netbanking,success,,2,8,3,16,False,,False,0.0
CUST_03263,TXN_005186,16.15,card,success,,3,2,0,1431,False,,False,0.0
CUST_04315,TXN_005187,57.47,upi,success,,3,6,1,351,False,,False,0.0
CUST_00622,TXN_005188,18.09,netbanking,failed,network_error,2,5,1,1499,True,retry_payment,False,0.0
CUST_04091,TXN_005189,15.02,netbanking,success,,2,10,4,396,False,,False,0.0
CUST_01477,TXN_005190,37.43,card,success,,3,7,3,844,False,,False,0.0
CUST_03665,TXN_005191,218.36,card,failed,card_declined,1,9,3,689,False,,False,0.0
CUST_04566,TXN_005192,60.29,netbanking,success,,3,7,1,1169,False,,False,0.0
CUST_02480,TXN_005193,36.93,netbanking,success,,1,9,0,1413,False,,False,0.0
CUST_00444,TXN_005194,44.13,card,success,,2,10,2,1002,False,,False,0.0
CUST_01851,TXN_005195,8.16,upi,success,,1,13,3,834,False,,False,0.0
CUST_02034,TXN_005196,13.49,card,failed,authentication_failed,3,8,3,678,False,,False,0.0
CUST_04683,TXN_005197,4.44,card,failed,insufficient_funds,2,9,0,609,True,update_payment_method,True,4.44
CUST_04712,TXN_005198,132.14,card,success,,2,7,2,365,False,,False,0.0
CUST_02842,TXN_005199,112.38,card,failed,card_declined,2,10,0,1159,True,send_reminder,True,112.38
CUST_04753,TXN_005200,45.34,netbanking,success,,3,9,0,194,False,,False,0.0
CUST_02182,TXN_005201,36.9,card,success,,1,9,1,159,False,,False,0.0
CUST_02056,TXN_005202,9.57,netbanking,success,,1,9,2,117,False,,False,0.0
CUST_04182,TXN_005203,27.79,upi,success,,3,10,0,651,False,,False,0.0
CUST_03337,TXN_005204,138.92,card,success,,2,7,2,612,False,,False,0.0
CUST_02612,TXN_005205,36.79,card,success,,3,6,1,1399,False,,False,0.0
CUST_02284,TXN_005206,21.08,card,failed,expired_card,2,7,2,855,False,,False,0.0
CUST_03528,TXN_005207,8.11,upi,success,,3,11,1,6,False,,False,0.0
CUST_03767,TXN_005208,99.91,wallet,failed,expired_card,1,9,3,1488,False,,False,0.0
CUST_02453,TXN_005209,31.31,netbanking,success,,2,9,0,487,False,,False,0.0
CUST_00158,TXN_005210,8.12,netbanking,success,,2,10,0,1009,False,,False,0.0
CUST_00510,TXN_005211,15.81,netbanking,success,,2,8,1,556,False,,False,0.0
CUST_00721,TXN_005212,11.92,netbanking,success,,3,11,1,1094,False,,False,0.0
CUST_02310,TXN_005213,29.8,upi,success,,1,7,0,170,False,,False,0.0
CUST_03071,TXN_005214,39.09,upi,success,,3,11,0,1196,False,,False,0.0
CUST_04019,TXN_005215,22.14,card,success,,3,16,1,40,False,,False,0.0
CUST_01163,TXN_005216,61.66,card,success,,1,9,1,943,False,,False,0.0
CUST_03933,TXN_005217,35.27,upi,success,,2,11,3,534,False,,False,0.0
CUST_03330,TXN_005218,77.47,upi,success,,1,9,0,806,False,,False,0.0
CUST_00259,TXN_005219,24.88,card,success,,2,3,1,1157,False,,False,0.0
CUST_01756,TXN_005220,378.52,wallet,success,,2,5,0,75,False,,False,0.0
CUST_01513,TXN_005221,21.08,card,success,,3,6,0,820,False,,False,0.0
CUST_04433,TXN_005222,16.08,upi,success,,1,6,0,58,False,,False,0.0
CUST_04606,TXN_005223,14.57,wallet,failed,card_declined,2,8,4,1235,False,,False,0.0
CUST_04096,TXN_005224,27.97,card,success,,1,11,0,355,False,,False,0.0
CUST_02640,TXN_005225,8.37,wallet,success,,3,12,1,1072,False,,False,0.0
CUST_02464,TXN_005226,41.92,netbanking,success,,1,10,0,710,False,,False,0.0
CUST_01558,TXN_005227,7.21,upi,success,,3,5,0,32,False,,False,0.0
CUST_03864,TXN_005228,37.69,wallet,success,,2,4,4,615,False,,False,0.0
CUST_00432,TXN_005229,11.23,upi,success,,3,6,4,576,False,,False,0.0
CUST_01356,TXN_005230,24.41,upi,success,,1,7,0,1446,False,,False,0.0
CUST_00676,TXN_005231,53.71,upi,success,,2,7,1,1006,False,,False,0.0
CUST_02471,TXN_005232,209.19,card,success,,1,6,4,598,False,,False,0.0
CUST_01499,TXN_005233,13.98,card,success,,1,2,1,1108,False,,False,0.0
CUST_00988,TXN_005234,29.36,card,success,,3,5,2,531,False,,False,0.0
CUST_01882,TXN_005235,18.56,card,success,,3,11,3,1252,False,,False,0.0
CUST_04304,TXN_005236,16.51,netbanking,success,,3,9,1,1180,False,,False,0.0
CUST_02790,TXN_005237,18.69,wallet,success,,1,11,2,1322,False,,False,0.0
CUST_04115,TXN_005238,64.02,wallet,success,,3,5,1,706,False,,False,0.0
CUST_04569,TXN_005239,22.41,card,failed,network_error,2,6,4,1281,True,retry_payment,True,22.41
CUST_04510,TXN_005240,200.23,upi,success,,1,14,2,1038,False,,False,0.0
CUST_01755,TXN_005241,46.19,upi,success,,2,8,3,1331,False,,False,0.0
CUST_04387,TXN_005242,14.76,card,success,,1,8,2,801,False,,False,0.0
CUST_04546,TXN_005243,24.7,upi,success,,2,3,2,721,False,,False,0.0
CUST_04798,TXN_005244,17.44,card,failed,authentication_failed,2,10,3,912,True,offer_support,True,17.44
CUST_01755,TXN_005245,62.81,wallet,failed,card_declined,1,6,2,423,False,,False,0.0
CUST_01142,TXN_005246,8.93,card,success,,3,6,1,892,False,,False,0.0
CUST_02921,TXN_005247,11.33,netbanking,success,,2,3,1,864,False,,False,0.0
CUST_04659,TXN_005248,20.63,netbanking,success,,2,7,2,134,False,,False,0.0
CUST_04503,TXN_005249,57.19,upi,success,,1,5,2,127,False,,False,0.0
CUST_02856,TXN_005250,88.81,card,success,,3,7,2,411,False,,False,0.0
CUST_00747,TXN_005251,99.93,card,success,,2,5,1,477,False,,False,0.0
CUST_02113,TXN_005252,50.59,wallet,success,,2,9,2,1049,False,,False,0.0
CUST_03570,TXN_005253,30.99,card,success,,1,7,1,1333,False,,False,0.0
CUST_02802,TXN_005254,62.53,card,success,,3,8,0,146,False,,False,0.0
CUST_01728,TXN_005255,13.26,wallet,success,,2,11,1,577,False,,False,0.0
CUST_01713,TXN_005256,7.57,netbanking,success,,3,10,1,225,False,,False,0.0
CUST_00299,TXN_005257,46.96,upi,success,,2,9,2,1031,False,,False,0.0
CUST_01443,TXN_005258,14.81,card,success,,1,11,1,485,False,,False,0.0
CUST_03347,TXN_005259,31.43,upi,success,,3,10,1,173,False,,False,0.0
CUST_01207,TXN_005260,36.44,netbanking,success,,2,11,3,193,False,,False,0.0
CUST_04966,TXN_005261,40.39,card,success,,2,3,1,488,False,,False,0.0
CUST_00413,TXN_005262,70.12,card,success,,2,9,1,1269,False,,False,0.0
CUST_02944,TXN_005263,64.44,card,success,,3,7,2,1178,False,,False,0.0
CUST_02483,TXN_005264,38.71,upi,failed,card_declined,1,6,1,253,True,update_payment_method,True,38.71
CUST_04166,TXN_005265,23.25,card,failed,network_error,3,10,1,444,False,,False,0.0
CUST_04438,TXN_005266,36.1,netbanking,success,,2,2,1,171,False,,False,0.0
CUST_02717,TXN_005267,20.55,card,success,,3,7,3,272,False,,False,0.0
CUST_03151,TXN_005268,28.3,card,success,,2,8,1,897,False,,False,0.0
CUST_03495,TXN_005269,268.95,wallet,success,,2,12,2,493,False,,False,0.0
CUST_02605,TXN_005270,38.31,wallet,success,,2,8,2,1033,False,,False,0.0
CUST_00925,TXN_005271,47.47,upi,success,,2,9,3,599,False,,False,0.0
CUST_02143,TXN_005272,18.83,wallet,success,,3,8,1,1108,False,,False,0.0
CUST_01208,TXN_005273,74.89,card,success,,1,7,1,973,False,,False,0.0
CUST_02322,TXN_005274,60.84,upi,success,,1,9,1,418,False,,False,0.0
CUST_03076,TXN_005275,61.18,card,failed,insufficient_funds,3,10,3,1372,False,,False,0.0
CUST_01047,TXN_005276,39.33,upi,success,,3,7,0,120,False,,False,0.0
CUST_01247,TXN_005277,75.74,netbanking,success,,2,4,3,45,False,,False,0.0
CUST_04114,TXN_005278,91.59,netbanking,success,,1,9,0,1475,False,,False,0.0
CUST_01889,TXN_005279,41.53,card,failed,authentication_failed,3,6,1,302,True,retry_payment,False,0.0
CUST_00992,TXN_005280,30.21,card,failed,authentication_failed,3,11,0,366,False,,False,0.0
CUST_03566,TXN_005281,67.74,wallet,success,,3,8,2,554,False,,False,0.0
CUST_03583,TXN_005282,16.07,upi,failed,network_error,1,11,2,547,True,update_payment_method,True,16.07
CUST_04130,TXN_005283,18.65,card,failed,insufficient_funds,1,12,2,554,True,retry_payment,False,0.0
CUST_03800,TXN_005284,31.73,card,failed,insufficient_funds,2,7,2,277,True,offer_support,True,31.73
CUST_04959,TXN_005285,8.22,card,success,,1,5,3,328,False,,False,0.0
CUST_02874,TXN_005286,64.2,card,success,,3,8,5,162,False,,False,0.0
CUST_01434,TXN_005287,15.33,card,success,,2,9,2,1109,False,,False,0.0
CUST_04314,TXN_005288,22.71,upi,success,,1,5,5,1133,False,,False,0.0
CUST_01324,TXN_005289,27.92,upi,success,,3,5,1,824,False,,False,0.0
CUST_01455,TXN_005290,34.17,upi,success,,3,11,2,1070,False,,False,0.0
CUST_04142,TXN_005291,25.16,card,failed,expired_card,3,6,0,119,False,,False,0.0
CUST_04408,TXN_005292,31.38,card,success,,2,6,0,1362,False,,False,0.0
CUST_01697,TXN_005293,31.57,card,success,,3,12,2,901,False,,False,0.0
CUST_03647,TXN_005294,23.16,netbanking,success,,2,4,0,532,False,,False,0.0
CUST_04612,TXN_005295,17.84,netbanking,success,,1,6,1,339,False,,False,0.0
CUST_03993,TXN_005296,78.66,card,success,,2,12,0,747,False,,False,0.0
CUST_00025,TXN_005297,6.15,upi,success,,1,5,2,579,False,,False,0.0
CUST_03323,TXN_005298,28.09,upi,success,,1,8,1,535,False,,False,0.0
CUST_00850,TXN_005299,22.76,upi,success,,1,20,1,246,False,,False,0.0
CUST_04231,TXN_005300,46.29,upi,success,,2,8,3,1348,False,,False,0.0
CUST_00336,TXN_005301,10.35,wallet,success,,3,5,0,658,False,,False,0.0
CUST_04965,TXN_005302,22.2,card,success,,1,13,1,153,False,,False,0.0
CUST_00887,TXN_005303,30.51,upi,success,,3,6,2,974,False,,False,0.0
CUST_02101,TXN_005304,77.95,upi,failed,insufficient_funds,3,5,1,1476,False,,False,0.0
CUST_01171,TXN_005305,43.2,upi,success,,2,10,4,1347,False,,False,0.0
CUST_04069,TXN_005306,12.85,card,success,,2,6,0,336,False,,False,0.0
CUST_01968,TXN_005307,22.42,upi,success,,2,14,2,537,False,,False,0.0
CUST_03723,TXN_005308,67.28,card,success,,1,7,0,186,False,,False,0.0
CUST_00337,TXN_005309,12.67,upi,success,,1,9,3,1371,False,,False,0.0
CUST_02264,TXN_005310,31.1,upi,success,,1,8,3,65,False,,False,0.0
CUST_04555,TXN_005311,32.87,card,success,,2,7,2,1316,False,,False,0.0
CUST_04634,TXN_005312,24.32,wallet,success,,2,9,2,1193,False,,False,0.0
CUST_01044,TXN_005313,286.17,netbanking,success,,1,9,0,777,False,,False,0.0
CUST_01972,TXN_005314,23.8,upi,success,,1,7,1,1088,False,,False,0.0
CUST_02046,TXN_005315,47.46,wallet,success,,3,12,2,567,False,,False,0.0
CUST_02827,TXN_005316,17.94,netbanking,success,,2,10,3,1212,False,,False,0.0
CUST_02687,TXN_005317,50.51,card,success,,3,8,2,726,False,,False,0.0
CUST_00530,TXN_005318,66.46,upi,failed,expired_card,3,3,0,1258,False,,False,0.0
CUST_03813,TXN_005319,20.69,upi,failed,insufficient_funds,3,10,2,646,False,,False,0.0
CUST_01129,TXN_005320,31.7,upi,success,,1,5,3,924,False,,False,0.0
CUST_01575,TXN_005321,16.18,wallet,success,,2,5,2,1114,False,,False,0.0
CUST_04203,TXN_005322,13.26,upi,failed,insufficient_funds,2,6,2,65,True,offer_support,False,0.0
CUST_03448,TXN_005323,75.9,card,success,,3,7,2,668,False,,False,0.0
CUST_01983,TXN_005324,21.26,upi,success,,3,10,1,77,False,,False,0.0
CUST_04562,TXN_005325,4.8,netbanking,success,,3,8,0,41,False,,False,0.0
CUST_01971,TXN_005326,135.95,card,success,,3,8,2,1405,False,,False,0.0
CUST_02827,TXN_005327,17.43,card,success,,1,6,2,222,False,,False,0.0
CUST_01230,TXN_005328,27.19,card,success,,1,9,0,1386,False,,False,0.0
CUST_00916,TXN_005329,123.07,upi,success,,2,15,1,806,False,,False,0.0
CUST_02458,TXN_005330,29.57,card,success,,3,4,2,874,False,,False,0.0
CUST_02815,TXN_005331,29.06,card,success,,1,5,3,1106,False,,False,0.0
CUST_04029,TXN_005332,12.4,card,success,,1,6,1,1247,False,,False,0.0
CUST_01955,TXN_005333,8.95,upi,success,,1,13,3,67,False,,False,0.0
CUST_04475,TXN_005334,28.99,card,success,,3,8,2,1353,False,,False,0.0
CUST_03037,TXN_005335,44.27,card,success,,3,7,2,146,False,,False,0.0
CUST_00351,TXN_005336,42.28,upi,failed,authentication_failed,2,9,1,109,True,update_payment_method,False,0.0
CUST_03695,TXN_005337,22.53,card,success,,1,13,2,1090,False,,False,0.0
CUST_02874,TXN_005338,33.66,card,success,,1,10,2,148,False,,False,0.0
CUST_01947,TXN_005339,7.62,upi,success,,1,8,1,1380,False,,False,0.0
CUST_02336,TXN_005340,47.85,card,success,,2,5,4,1258,False,,False,0.0
CUST_01509,TXN_005341,37.68,card,failed,expired_card,2,11,0,905,False,,False,0.0
CUST_03071,TXN_005342,160.6,card,failed,insufficient_funds,1,8,1,44,True,retry_payment,False,0.0
CUST_02835,TXN_005343,33.31,card,success,,3,12,2,509,False,,False,0.0
CUST_02236,TXN_005344,15.58,upi,success,,2,9,0,373,False,,False,0.0
CUST_01426,TXN_005345,31.8,wallet,success,,1,11,2,248,False,,False,0.0
CUST_01993,TXN_005346,25.48,card,success,,2,2,3,347,False,,False,0.0
CUST_02489,TXN_005347,46.89,upi,success,,3,6,1,1321,False,,False,0.0
CUST_02359,TXN_005348,33.84,wallet,success,,3,8,3,318,False,,False,0.0
CUST_01547,TXN_005349,12.09,upi,success,,2,13,1,173,False,,False,0.0
CUST_02910,TXN_005350,8.95,netbanking,success,,2,8,1,993,False,,False,0.0
CUST_01133,TXN_005351,40.87,upi,failed,authentication_failed,1,8,0,1162,True,update_payment_method,True,40.87
CUST_02505,TXN_005352,100.13,upi,success,,3,11,1,1049,False,,False,0.0
CUST_00608,TXN_005353,35.29,wallet,success,,3,3,0,1344,False,,False,0.0
CUST_02361,TXN_005354,63.47,card,success,,1,5,1,533,False,,False,0.0
CUST_03920,TXN_005355,74.46,wallet,success,,2,7,1,110,False,,False,0.0
CUST_04089,TXN_005356,40.99,upi,failed,card_declined,3,8,0,175,True,send_reminder,False,0.0
CUST_03473,TXN_005357,17.26,upi,success,,1,5,2,1284,False,,False,0.0
CUST_03728,TXN_005358,38.72,upi,success,,2,6,3,1132,False,,False,0.0
CUST_00330,TXN_005359,86.98,card,success,,3,11,0,1347,False,,False,0.0
CUST_01707,TXN_005360,50.6,card,success,,1,8,1,647,False,,False,0.0
CUST_03271,TXN_005361,60.26,wallet,success,,2,10,0,602,False,,False,0.0
CUST_04003,TXN_005362,22.87,upi,success,,2,12,3,576,False,,False,0.0
CUST_02914,TXN_005363,28.17,netbanking,success,,2,11,0,92,False,,False,0.0
CUST_04268,TXN_005364,30.11,card,failed,network_error,1,5,4,296,True,retry_payment,True,30.11
CUST_01366,TXN_005365,31.78,card,success,,3,7,2,372,False,,False,0.0
CUST_00768,TXN_005366,84.3,card,success,,1,4,1,501,False,,False,0.0
CUST_00432,TXN_005367,5.06,card,success,,2,12,2,1385,False,,False,0.0
CUST_02913,TXN_005368,33.93,upi,failed,insufficient_funds,1,10,2,1071,False,,False,0.0
CUST_03326,TXN_005369,31.07,wallet,success,,3,7,0,1053,False,,False,0.0
CUST_01427,TXN_005370,11.05,netbanking,failed,insufficient_funds,2,8,2,525,True,update_payment_method,False,0.0
CUST_03918,TXN_005371,56.68,upi,success,,2,8,2,486,False,,False,0.0
CUST_03696,TXN_005372,18.55,card,success,,1,4,1,1064,False,,False,0.0
CUST_01801,TXN_005373,24.89,upi,success,,2,7,2,1168,False,,False,0.0
CUST_01194,TXN_005374,145.33,upi,success,,3,6,3,924,False,,False,0.0
CUST_03711,TXN_005375,74.29,upi,success,,2,9,1,374,False,,False,0.0
CUST_03357,TXN_005376,52.44,upi,failed,network_error,1,12,1,147,False,,False,0.0
CUST_00854,TXN_005377,44.91,card,success,,1,10,1,575,False,,False,0.0
CUST_01276,TXN_005378,29.03,card,success,,1,10,0,1361,False,,False,0.0
CUST_02430,TXN_005379,163.94,wallet,success,,3,12,3,1191,False,,False,0.0
CUST_02556,TXN_005380,62.91,upi,success,,1,6,2,1031,False,,False,0.0
CUST_00830,TXN_005381,18.18,wallet,success,,1,7,2,1411,False,,False,0.0
CUST_04743,TXN_005382,10.8,card,success,,2,10,0,339,False,,False,0.0
CUST_01943,TXN_005383,52.12,upi,failed,expired_card,1,11,0,92,True,send_reminder,False,0.0
CUST_01907,TXN_005384,31.67,card,success,,1,11,0,1493,False,,False,0.0
CUST_00303,TXN_005385,10.56,wallet,success,,1,10,1,188,False,,False,0.0
CUST_04378,TXN_005386,46.66,card,success,,1,12,0,704,False,,False,0.0
CUST_01176,TXN_005387,26.7,upi,success,,2,5,3,532,False,,False,0.0
CUST_04934,TXN_005388,50.63,card,success,,1,11,1,1474,False,,False,0.0
CUST_02480,TXN_005389,47.15,card,success,,1,11,2,234,False,,False,0.0
CUST_04374,TXN_005390,20.36,card,success,,3,7,3,77,False,,False,0.0
CUST_00896,TXN_005391,54.94,upi,failed,insufficient_funds,3,7,1,161,True,update_payment_method,False,0.0
CUST_00830,TXN_005392,22.24,netbanking,failed,authentication_failed,1,4,0,530,False,,False,0.0
CUST_04005,TXN_005393,23.42,wallet,success,,3,12,2,571,False,,False,0.0
CUST_04098,TXN_005394,21.63,upi,failed,expired_card,1,9,0,198,True,offer_support,False,0.0
CUST_02715,TXN_005395,81.84,upi,success,,2,4,3,756,False,,False,0.0
CUST_00161,TXN_005396,26.46,netbanking,success,,2,4,1,1074,False,,False,0.0
CUST_04718,TXN_005397,99.28,card,failed,authentication_failed,2,13,1,102,True,update_payment_method,False,0.0
CUST_01967,TXN_005398,137.94,netbanking,failed,card_declined,2,7,2,1104,True,send_reminder,False,0.0
CUST_04679,TXN_005399,18.34,netbanking,success,,3,9,1,514,False,,False,0.0
CUST_04353,TXN_005400,3.2,upi,success,,1,6,0,30,False,,False,0.0
CUST_04257,TXN_005401,76.37,card,success,,2,6,2,1499,False,,False,0.0
CUST_03444,TXN_005402,25.19,card,success,,3,8,2,915,False,,False,0.0
CUST_03366,TXN_005403,16.56,card,success,,2,5,3,1317,False,,False,0.0
CUST_02664,TXN_005404,20.68,wallet,success,,3,5,3,252,False,,False,0.0
CUST_00124,TXN_005405,23.76,upi,success,,1,5,3,974,False,,False,0.0
CUST_01939,TXN_005406,93.48,upi,success,,2,3,2,292,False,,False,0.0
CUST_03652,TXN_005407,37.63,upi,success,,1,6,2,1433,False,,False,0.0
CUST_04061,TXN_005408,92.47,netbanking,success,,2,5,0,1015,False,,False,0.0
CUST_02798,TXN_005409,49.17,card,success,,2,10,2,1020,False,,False,0.0
CUST_03548,TXN_005410,25.86,card,success,,3,14,2,1338,False,,False,0.0
CUST_00109,TXN_005411,24.23,upi,success,,3,9,2,1107,False,,False,0.0
CUST_02342,TXN_005412,51.9,card,success,,1,4,1,133,False,,False,0.0
CUST_02539,TXN_005413,63.84,card,success,,2,5,0,171,False,,False,0.0
CUST_04462,TXN_005414,73.51,upi,failed,expired_card,3,12,1,430,True,update_payment_method,False,0.0
CUST_01555,TXN_005415,26.86,card,success,,1,9,1,578,False,,False,0.0
CUST_01150,TXN_005416,38.1,wallet,success,,1,8,0,301,False,,False,0.0
CUST_01762,TXN_005417,52.84,netbanking,success,,3,8,2,394,False,,False,0.0
CUST_00852,TXN_005418,24.36,wallet,success,,2,6,0,34,False,,False,0.0
CUST_02792,TXN_005419,13.36,wallet,success,,2,9,2,193,False,,False,0.0
CUST_03214,TXN_005420,17.37,card,success,,1,4,1,1117,False,,False,0.0
CUST_04005,TXN_005421,27.31,card,success,,2,8,0,1123,False,,False,0.0
CUST_04859,TXN_005422,56.25,upi,failed,insufficient_funds,2,6,1,526,False,,False,0.0
CUST_00368,TXN_005423,90.67,card,success,,1,5,0,562,False,,False,0.0
CUST_01237,TXN_005424,11.19,wallet,success,,3,5,1,66,False,,False,0.0
CUST_01504,TXN_005425,20.53,card,success,,3,8,1,323,False,,False,0.0
CUST_01249,TXN_005426,24.87,upi,success,,2,11,1,235,False,,False,0.0
CUST_04136,TXN_005427,62.54,upi,success,,1,7,1,1402,False,,False,0.0
CUST_00698,TXN_005428,21.7,wallet,success,,1,5,1,249,False,,False,0.0
CUST_00149,TXN_005429,23.48,upi,failed,card_declined,1,6,0,52,True,offer_support,False,0.0
CUST_04302,TXN_005430,10.7,upi,success,,3,6,1,844,False,,False,0.0
CUST_04807,TXN_005431,48.75,card,success,,3,7,3,517,False,,False,0.0
CUST_01132,TXN_005432,29.1,upi,success,,3,9,3,1489,False,,False,0.0
CUST_01664,TXN_005433,19.62,upi,success,,3,6,1,941,False,,False,0.0
CUST_02516,TXN_005434,26.91,upi,failed,insufficient_funds,1,8,4,160,True,update_payment_method,False,0.0
CUST_02630,TXN_005435,81.58,netbanking,success,,3,11,2,605,False,,False,0.0
CUST_04954,TXN_005436,14.82,card,success,,1,9,1,193,False,,False,0.0
CUST_02021,TXN_005437,16.89,card,success,,1,9,2,868,False,,False,0.0
CUST_00061,TXN_005438,90.18,wallet,success,,2,10,0,632,False,,False,0.0
CUST_02114,TXN_005439,35.19,card,success,,3,11,2,1256,False,,False,0.0
CUST_02782,TXN_005440,56.59,upi,success,,3,5,1,1366,False,,False,0.0
CUST_02584,TXN_005441,45.67,upi,failed,expired_card,2,4,4,550,True,offer_support,False,0.0
CUST_02561,TXN_005442,32.19,wallet,success,,1,9,1,1163,False,,False,0.0
CUST_04613,TXN_005443,25.06,card,success,,1,10,0,462,False,,False,0.0
CUST_04037,TXN_005444,64.41,card,success,,1,9,0,617,False,,False,0.0
CUST_01259,TXN_005445,83.92,netbanking,success,,3,5,0,582,False,,False,0.0
CUST_01777,TXN_005446,78.83,upi,success,,2,10,1,1420,False,,False,0.0
CUST_03338,TXN_005447,12.83,upi,success,,2,12,1,1274,False,,False,0.0
CUST_02052,TXN_005448,94.06,card,failed,insufficient_funds,3,4,0,877,True,send_reminder,True,94.06
CUST_02142,TXN_005449,24.87,card,success,,2,5,0,608,False,,False,0.0
CUST_00840,TXN_005450,18.1,wallet,success,,1,10,1,927,False,,False,0.0
CUST_01272,TXN_005451,28.92,upi,success,,3,5,2,1123,False,,False,0.0
CUST_03704,TXN_005452,64.39,wallet,success,,2,11,3,541,False,,False,0.0
CUST_04214,TXN_005453,51.03,wallet,success,,3,15,0,282,False,,False,0.0
CUST_03923,TXN_005454,27.0,upi,success,,3,10,2,1189,False,,False,0.0
CUST_01539,TXN_005455,64.72,upi,success,,1,9,1,1186,False,,False,0.0
CUST_00684,TXN_005456,37.04,upi,success,,1,7,2,1385,False,,False,0.0
CUST_00799,TXN_005457,20.94,netbanking,failed,insufficient_funds,2,10,1,1148,True,retry_payment,True,20.94
CUST_01967,TXN_005458,18.79,upi,success,,2,4,0,1122,False,,False,0.0
CUST_02589,TXN_005459,45.98,card,success,,3,9,1,1149,False,,False,0.0
CUST_04464,TXN_005460,31.0,wallet,failed,card_declined,1,11,2,583,False,,False,0.0
CUST_04494,TXN_005461,11.02,upi,success,,3,8,2,778,False,,False,0.0
CUST_00014,TXN_005462,65.22,netbanking,success,,3,10,0,63,False,,False,0.0
CUST_03538,TXN_005463,22.55,card,success,,3,8,0,4,False,,False,0.0
CUST_01494,TXN_005464,118.36,upi,success,,2,3,1,157,False,,False,0.0
CUST_00989,TXN_005465,10.78,upi,success,,1,11,1,724,False,,False,0.0
CUST_02775,TXN_005466,28.66,netbanking,success,,3,4,2,520,False,,False,0.0
CUST_00170,TXN_005467,18.92,card,success,,1,6,2,904,False,,False,0.0
CUST_01671,TXN_005468,15.18,card,success,,2,9,4,1241,False,,False,0.0
CUST_02761,TXN_005469,22.43,netbanking,success,,1,5,4,535,False,,False,0.0
CUST_01360,TXN_005470,136.52,wallet,success,,1,11,3,1286,False,,False,0.0
CUST_02967,TXN_005471,37.14,card,success,,2,10,0,198,False,,False,0.0
CUST_02300,TXN_005472,17.58,card,success,,2,3,1,1475,False,,False,0.0
CUST_03997,TXN_005473,7.67,upi,success,,3,5,0,1162,False,,False,0.0
CUST_00908,TXN_005474,8.36,card,success,,2,10,2,81,False,,False,0.0
CUST_00286,TXN_005475,21.56,card,success,,3,8,2,1248,False,,False,0.0
CUST_02648,TXN_005476,19.95,upi,success,,3,8,1,839,False,,False,0.0
CUST_01285,TXN_005477,27.68,upi,success,,2,13,3,812,False,,False,0.0
CUST_03533,TXN_005478,5.38,card,success,,3,10,0,782,False,,False,0.0
CUST_00467,TXN_005479,30.77,card,success,,3,10,1,401,False,,False,0.0
CUST_02876,TXN_005480,75.35,wallet,success,,2,4,1,1482,False,,False,0.0
CUST_04949,TXN_005481,121.3,upi,success,,2,9,3,53,False,,False,0.0
CUST_00466,TXN_005482,7.27,netbanking,success,,2,5,0,584,False,,False,0.0
CUST_01509,TXN_005483,17.44,card,success,,1,11,2,761,False,,False,0.0
CUST_04222,TXN_005484,16.72,netbanking,success,,1,5,0,1339,False,,False,0.0
CUST_02668,TXN_005485,37.21,netbanking,success,,1,8,1,509,False,,False,0.0
CUST_00875,TXN_005486,12.48,card,success,,2,6,1,1446,False,,False,0.0
CUST_01066,TXN_005487,127.21,upi,success,,3,9,4,1155,False,,False,0.0
CUST_03824,TXN_005488,34.29,upi,success,,3,2,0,760,False,,False,0.0
CUST_04304,TXN_005489,30.01,card,success,,1,4,2,1247,False,,False,0.0
CUST_01803,TXN_005490,118.41,netbanking,success,,3,6,0,1367,False,,False,0.0
CUST_02369,TXN_005491,32.69,card,success,,2,8,4,5,False,,False,0.0
CUST_03914,TXN_005492,45.62,upi,success,,3,6,1,559,False,,False,0.0
CUST_00885,TXN_005493,18.16,wallet,success,,2,6,1,1136,False,,False,0.0
CUST_01032,TXN_005494,11.06,card,success,,3,9,1,487,False,,False,0.0
CUST_03872,TXN_005495,20.32,card,success,,3,6,1,759,False,,False,0.0
CUST_00934,TXN_005496,190.49,card,success,,2,8,0,97,False,,False,0.0
CUST_03854,TXN_005497,54.95,wallet,success,,3,8,1,398,False,,False,0.0
CUST_02485,TXN_005498,41.25,card,success,,3,9,0,324,False,,False,0.0
CUST_04950,TXN_005499,15.16,card,failed,network_error,1,10,1,861,True,update_payment_method,True,15.16
CUST_00165,TXN_005500,68.65,upi,failed,network_error,3,2,3,1404,True,update_payment_method,False,0.0
CUST_04729,TXN_005501,11.18,netbanking,success,,3,11,2,366,False,,False,0.0
CUST_01127,TXN_005502,9.45,upi,success,,2,12,5,298,False,,False,0.0
CUST_00176,TXN_005503,21.18,wallet,success,,2,10,2,446,False,,False,0.0
CUST_03620,TXN_005504,158.16,card,success,,1,9,1,1202,False,,False,0.0
CUST_02663,TXN_005505,151.16,upi,success,,3,9,0,475,False,,False,0.0
CUST_04187,TXN_005506,23.08,upi,success,,3,6,0,962,False,,False,0.0
CUST_00542,TXN_005507,19.31,card,success,,2,9,2,878,False,,False,0.0
CUST_00404,TXN_005508,8.91,netbanking,success,,3,4,1,841,False,,False,0.0
CUST_02836,TXN_005509,35.25,upi,success,,1,4,1,1468,False,,False,0.0
CUST_04410,TXN_005510,37.7,card,success,,2,9,3,1259,False,,False,0.0
CUST_02029,TXN_005511,62.28,card,failed,card_declined,3,12,0,749,False,,False,0.0
CUST_03987,TXN_005512,68.62,card,success,,2,9,1,641,False,,False,0.0
CUST_04531,TXN_005513,28.28,netbanking,success,,3,3,1,213,False,,False,0.0
CUST_04348,TXN_005514,51.67,card,success,,1,6,4,669,False,,False,0.0
CUST_02543,TXN_005515,18.91,wallet,success,,3,7,2,880,False,,False,0.0
CUST_03492,TXN_005516,50.89,card,success,,1,10,1,594,False,,False,0.0
CUST_02628,TXN_005517,22.07,wallet,success,,1,7,2,637,False,,False,0.0
CUST_03371,TXN_005518,47.83,netbanking,failed,authentication_failed,3,11,1,766,True,update_payment_method,True,47.83
CUST_02835,TXN_005519,44.83,card,failed,expired_card,3,7,1,532,True,offer_support,False,0.0
CUST_02625,TXN_005520,34.99,card,success,,2,10,4,997,False,,False,0.0
CUST_02184,TXN_005521,62.53,netbanking,success,,1,6,3,795,False,,False,0.0
CUST_03264,TXN_005522,9.43,card,success,,2,8,1,186,False,,False,0.0
CUST_03755,TXN_005523,14.13,card,failed,authentication_failed,1,5,0,231,True,send_reminder,False,0.0
CUST_04595,TXN_005524,26.68,netbanking,success,,1,5,5,929,False,,False,0.0
CUST_03066,TXN_005525,10.44,wallet,success,,1,7,2,468,False,,False,0.0
CUST_00503,TXN_005526,23.92,netbanking,success,,2,7,0,216,False,,False,0.0
CUST_02937,TXN_005527,24.54,netbanking,success,,1,2,2,1262,False,,False,0.0
CUST_01579,TXN_005528,94.42,upi,success,,3,5,1,1310,False,,False,0.0
CUST_00135,TXN_005529,37.12,netbanking,success,,1,9,1,273,False,,False,0.0
CUST_00363,TXN_005530,75.46,card,success,,3,3,2,762,False,,False,0.0
CUST_02956,TXN_005531,42.15,netbanking,success,,3,7,3,384,False,,False,0.0
CUST_04724,TXN_005532,21.57,upi,success,,2,10,1,135,False,,False,0.0
CUST_02528,TXN_005533,36.85,upi,success,,2,8,2,1006,False,,False,0.0
CUST_02226,TXN_005534,59.36,wallet,success,,1,6,1,513,False,,False,0.0
CUST_00444,TXN_005535,86.03,upi,success,,1,7,3,681,False,,False,0.0
CUST_03377,TXN_005536,29.79,upi,success,,1,10,3,705,False,,False,0.0
CUST_00278,TXN_005537,8.86,upi,failed,expired_card,2,14,0,609,True,send_reminder,True,8.86
CUST_04205,TXN_005538,8.38,card,success,,3,8,0,189,False,,False,0.0
CUST_04082,TXN_005539,25.5,card,failed,card_declined,3,8,5,42,True,offer_support,False,0.0
CUST_04955,TXN_005540,5.1,wallet,failed,expired_card,3,9,3,1163,False,,False,0.0
CUST_01422,TXN_005541,139.22,card,success,,3,11,2,5,False,,False,0.0
CUST_00809,TXN_005542,53.39,upi,failed,network_error,2,8,1,334,False,,False,0.0
CUST_01498,TXN_005543,19.91,upi,success,,3,8,0,225,False,,False,0.0
CUST_03997,TXN_005544,13.63,netbanking,success,,1,7,2,715,False,,False,0.0
CUST_01094,TXN_005545,75.38,netbanking,success,,1,10,1,961,False,,False,0.0
CUST_04437,TXN_005546,13.59,card,success,,3,5,3,1149,False,,False,0.0
CUST_00771,TXN_005547,14.66,card,success,,1,6,2,269,False,,False,0.0
CUST_00245,TXN_005548,17.94,upi,failed,expired_card,3,12,1,514,False,,False,0.0
CUST_01097,TXN_005549,36.28,card,failed,expired_card,1,8,1,1377,True,send_reminder,False,0.0
CUST_03770,TXN_005550,54.41,upi,success,,3,6,1,1442,False,,False,0.0
CUST_03011,TXN_005551,85.98,card,failed,authentication_failed,3,13,1,1125,True,update_payment_method,True,85.98
CUST_01774,TXN_005552,76.4,card,success,,1,1,3,1471,False,,False,0.0
CUST_03280,TXN_005553,33.14,wallet,success,,1,6,0,1215,False,,False,0.0
CUST_03243,TXN_005554,74.92,wallet,success,,3,6,1,755,False,,False,0.0
CUST_02774,TXN_005555,19.36,upi,success,,3,8,1,783,False,,False,0.0
CUST_02570,TXN_005556,7.72,card,success,,2,7,2,571,False,,False,0.0
CUST_00508,TXN_005557,19.36,wallet,success,,2,8,2,407,False,,False,0.0
CUST_01299,TXN_005558,17.37,upi,success,,2,2,5,453,False,,False,0.0
CUST_02638,TXN_005559,19.97,wallet,success,,3,6,3,161,False,,False,0.0
CUST_00676,TXN_005560,15.37,card,failed,network_error,1,8,2,987,True,send_reminder,False,0.0
CUST_02379,TXN_005561,22.9,card,success,,1,11,2,574,False,,False,0.0
CUST_00585,TXN_005562,54.38,upi,success,,1,4,2,475,False,,False,0.0
CUST_03936,TXN_005563,130.61,wallet,success,,2,7,1,1154,False,,False,0.0
CUST_00517,TXN_005564,8.33,card,success,,1,11,2,937,False,,False,0.0
CUST_00463,TXN_005565,11.82,card,success,,3,8,0,916,False,,False,0.0
CUST_03189,TXN_005566,17.58,upi,failed,network_error,2,4,2,221,False,,False,0.0
CUST_01103,TXN_005567,61.1,wallet,success,,3,4,2,697,False,,False,0.0
CUST_01757,TXN_005568,28.11,netbanking,success,,3,12,1,223,False,,False,0.0
CUST_01571,TXN_005569,18.55,wallet,success,,1,4,3,610,False,,False,0.0
CUST_01083,TXN_005570,58.76,upi,success,,3,11,2,230,False,,False,0.0
CUST_03809,TXN_005571,71.17,netbanking,failed,insufficient_funds,1,3,2,176,False,,False,0.0
CUST_03459,TXN_005572,32.62,upi,failed,authentication_failed,3,13,0,770,True,retry_payment,True,32.62
CUST_01194,TXN_005573,17.24,card,failed,insufficient_funds,3,7,0,1387,False,,False,0.0
CUST_03434,TXN_005574,41.11,upi,success,,3,8,1,655,False,,False,0.0
CUST_03567,TXN_005575,27.48,upi,success,,2,8,1,910,False,,False,0.0
CUST_02696,TXN_005576,27.31,upi,success,,1,6,0,619,False,,False,0.0
CUST_02892,TXN_005577,21.98,card,success,,1,5,2,989,False,,False,0.0
CUST_04674,TXN_005578,69.41,netbanking,success,,3,7,1,365,False,,False,0.0
CUST_02269,TXN_005579,40.44,netbanking,failed,insufficient_funds,1,12,1,1349,True,offer_support,True,40.44
CUST_01927,TXN_005580,75.84,card,success,,2,12,3,1301,False,,False,0.0
CUST_02695,TXN_005581,96.45,wallet,failed,expired_card,3,9,0,217,False,,False,0.0
CUST_04179,TXN_005582,47.81,card,success,,3,9,5,940,False,,False,0.0
CUST_03548,TXN_005583,22.08,card,success,,1,6,0,254,False,,False,0.0
CUST_00376,TXN_005584,76.12,card,success,,2,10,0,210,False,,False,0.0
CUST_02296,TXN_005585,48.06,upi,success,,1,11,0,112,False,,False,0.0
CUST_03699,TXN_005586,265.79,card,success,,1,8,1,1271,False,,False,0.0
CUST_01120,TXN_005587,42.44,upi,success,,3,6,1,1423,False,,False,0.0
CUST_04942,TXN_005588,57.87,netbanking,success,,3,12,2,82,False,,False,0.0
CUST_04040,TXN_005589,41.78,upi,success,,3,9,2,222,False,,False,0.0
CUST_04233,TXN_005590,30.59,netbanking,failed,authentication_failed,3,8,4,1430,True,send_reminder,True,30.59
CUST_00409,TXN_005591,26.92,wallet,failed,expired_card,1,2,1,920,False,,False,0.0
CUST_02898,TXN_005592,41.9,card,success,,2,4,0,963,False,,False,0.0
CUST_02639,TXN_005593,50.25,card,success,,1,7,0,1440,False,,False,0.0
CUST_03134,TXN_005594,83.39,card,success,,1,8,1,408,False,,False,0.0
CUST_04251,TXN_005595,42.4,upi,success,,3,4,0,957,False,,False,0.0
CUST_01767,TXN_005596,22.87,card,failed,expired_card,2,9,2,424,False,,False,0.0
CUST_02670,TXN_005597,25.5,upi,success,,1,9,3,843,False,,False,0.0
CUST_03397,TXN_005598,11.49,upi,success,,3,7,1,1363,False,,False,0.0
CUST_03766,TXN_005599,125.08,upi,success,,3,9,1,914,False,,False,0.0
CUST_03852,TXN_005600,21.48,card,success,,1,4,1,282,False,,False,0.0
CUST_01685,TXN_005601,71.8,card,success,,3,5,2,858,False,,False,0.0
CUST_04991,TXN_005602,41.32,card,success,,3,3,1,31,False,,False,0.0
CUST_00049,TXN_005603,42.22,netbanking,success,,1,4,2,1205,False,,False,0.0
CUST_02462,TXN_005604,30.15,upi,failed,expired_card,1,5,2,557,True,send_reminder,True,30.15
CUST_03044,TXN_005605,17.63,upi,success,,1,7,1,1453,False,,False,0.0
CUST_00307,TXN_005606,15.26,upi,success,,1,5,1,972,False,,False,0.0
CUST_02256,TXN_005607,132.0,upi,success,,1,11,2,990,False,,False,0.0
CUST_02979,TXN_005608,36.28,card,success,,2,6,1,1355,False,,False,0.0
CUST_03038,TXN_005609,81.47,card,success,,1,13,2,386,False,,False,0.0
CUST_00596,TXN_005610,100.28,card,success,,1,9,0,820,False,,False,0.0
CUST_01388,TXN_005611,23.84,card,success,,3,5,4,115,False,,False,0.0
CUST_01224,TXN_005612,46.47,card,success,,2,13,1,1327,False,,False,0.0
CUST_03199,TXN_005613,34.33,netbanking,success,,1,9,2,727,False,,False,0.0
CUST_01644,TXN_005614,13.12,card,success,,3,9,1,1299,False,,False,0.0
CUST_02857,TXN_005615,28.55,card,success,,1,7,0,1288,False,,False,0.0
CUST_03655,TXN_005616,52.98,card,success,,2,11,1,677,False,,False,0.0
CUST_03986,TXN_005617,22.22,card,success,,3,5,3,1122,False,,False,0.0
CUST_00919,TXN_005618,25.54,card,success,,1,11,3,1147,False,,False,0.0
CUST_04517,TXN_005619,28.83,card,success,,1,9,3,381,False,,False,0.0
CUST_00829,TXN_005620,179.33,card,success,,3,10,1,722,False,,False,0.0
CUST_00110,TXN_005621,7.64,wallet,success,,1,0,4,324,False,,False,0.0
CUST_00225,TXN_005622,49.47,card,success,,2,3,2,186,False,,False,0.0
CUST_01005,TXN_005623,27.04,card,success,,3,5,1,525,False,,False,0.0
CUST_04366,TXN_005624,19.84,upi,success,,2,8,2,216,False,,False,0.0
CUST_01040,TXN_005625,26.51,card,success,,1,5,3,736,False,,False,0.0
CUST_03467,TXN_005626,56.48,upi,success,,3,7,1,1398,False,,False,0.0
CUST_02093,TXN_005627,59.12,card,success,,3,12,1,169,False,,False,0.0
CUST_00200,TXN_005628,38.43,netbanking,success,,2,8,3,854,False,,False,0.0
CUST_02221,TXN_005629,79.38,wallet,success,,1,12,2,427,False,,False,0.0
CUST_00142,TXN_005630,91.38,upi,success,,2,13,1,1017,False,,False,0.0
CUST_02381,TXN_005631,63.63,card,success,,3,6,0,406,False,,False,0.0
CUST_02793,TXN_005632,21.39,upi,success,,1,11,0,644,False,,False,0.0
CUST_02607,TXN_005633,49.18,card,failed,card_declined,2,3,3,747,False,,False,0.0
CUST_01413,TXN_005634,49.37,netbanking,success,,2,11,1,649,False,,False,0.0
CUST_03833,TXN_005635,17.24,card,success,,2,1,2,273,False,,False,0.0
CUST_02984,TXN_005636,9.44,upi,success,,1,12,1,1430,False,,False,0.0
CUST_01274,TXN_005637,6.57,card,success,,2,8,0,271,False,,False,0.0
CUST_02173,TXN_005638,35.02,upi,failed,network_error,3,5,1,1282,False,,False,0.0
CUST_00543,TXN_005639,42.03,card,success,,1,10,1,1325,False,,False,0.0
CUST_04616,TXN_005640,12.87,card,failed,insufficient_funds,1,10,1,1137,True,update_payment_method,False,0.0
CUST_03765,TXN_005641,76.46,upi,success,,2,7,1,624,False,,False,0.0
CUST_01439,TXN_005642,37.4,upi,success,,3,12,1,855,False,,False,0.0
CUST_03374,TXN_005643,97.47,card,success,,1,6,1,91,False,,False,0.0
CUST_03396,TXN_005644,44.54,card,success,,3,6,4,699,False,,False,0.0
CUST_03048,TXN_005645,14.11,netbanking,success,,3,4,1,760,False,,False,0.0
CUST_00271,TXN_005646,47.78,upi,success,,1,14,1,1389,False,,False,0.0
CUST_04392,TXN_005647,56.6,upi,success,,1,7,2,540,False,,False,0.0
CUST_04779,TXN_005648,21.37,upi,success,,1,11,0,54,False,,False,0.0
CUST_04870,TXN_005649,10.45,upi,success,,3,14,2,1405,False,,False,0.0
CUST_04903,TXN_005650,35.88,upi,failed,authentication_failed,1,5,1,173,True,offer_support,False,0.0
CUST_04644,TXN_005651,14.87,card,success,,2,7,1,2,False,,False,0.0
CUST_03695,TXN_005652,81.18,upi,success,,1,3,3,1065,False,,False,0.0
CUST_00285,TXN_005653,23.91,upi,success,,2,13,0,193,False,,False,0.0
CUST_02326,TXN_005654,131.59,card,failed,insufficient_funds,3,11,1,52,True,offer_support,False,0.0
CUST_01226,TXN_005655,6.05,upi,success,,1,8,0,161,False,,False,0.0
CUST_01100,TXN_005656,36.89,card,success,,1,4,1,876,False,,False,0.0
CUST_04153,TXN_005657,103.91,card,success,,2,6,2,1154,False,,False,0.0
CUST_04062,TXN_005658,16.24,netbanking,success,,2,6,1,256,False,,False,0.0
CUST_02610,TXN_005659,29.16,netbanking,success,,3,5,3,1138,False,,False,0.0
CUST_03682,TXN_005660,23.99,card,success,,1,7,2,368,False,,False,0.0
CUST_00647,TXN_005661,19.16,upi,success,,2,6,2,970,False,,False,0.0
CUST_01110,TXN_005662,40.27,card,success,,3,5,0,225,False,,False,0.0
CUST_04302,TXN_005663,11.75,upi,success,,3,15,0,819,False,,False,0.0
CUST_02256,TXN_005664,30.3,upi,success,,2,9,2,976,False,,False,0.0
CUST_02733,TXN_005665,50.04,netbanking,success,,3,8,2,130,False,,False,0.0
CUST_02314,TXN_005666,27.88,card,failed,card_declined,2,5,0,737,False,,False,0.0
CUST_01011,TXN_005667,14.88,card,success,,2,15,0,877,False,,False,0.0
CUST_04132,TXN_005668,75.5,netbanking,success,,1,5,1,128,False,,False,0.0
CUST_03791,TXN_005669,59.39,card,success,,3,4,2,1163,False,,False,0.0
CUST_03419,TXN_005670,14.4,card,failed,authentication_failed,3,6,0,219,True,retry_payment,True,14.4
CUST_01766,TXN_005671,11.76,card,failed,network_error,1,10,3,97,False,,False,0.0
CUST_03216,TXN_005672,15.46,upi,success,,2,15,0,811,False,,False,0.0
CUST_04766,TXN_005673,51.22,card,success,,3,12,2,382,False,,False,0.0
CUST_03249,TXN_005674,41.28,upi,failed,network_error,1,9,3,437,False,,False,0.0
CUST_02471,TXN_005675,62.31,card,success,,3,3,1,1142,False,,False,0.0
CUST_01353,TXN_005676,25.51,upi,success,,3,5,1,670,False,,False,0.0
CUST_02614,TXN_005677,15.8,wallet,success,,2,12,4,994,False,,False,0.0
CUST_01859,TXN_005678,69.07,card,success,,3,5,2,501,False,,False,0.0
CUST_03056,TXN_005679,21.27,upi,success,,1,9,5,1123,False,,False,0.0
CUST_00229,TXN_005680,38.45,upi,success,,2,7,1,1398,False,,False,0.0
CUST_00951,TXN_005681,9.58,card,success,,2,6,4,161,False,,False,0.0
CUST_03934,TXN_005682,20.99,netbanking,success,,3,3,5,846,False,,False,0.0
CUST_01904,TXN_005683,74.26,netbanking,success,,1,7,0,1172,False,,False,0.0
CUST_02165,TXN_005684,18.67,netbanking,success,,1,9,2,179,False,,False,0.0
CUST_02719,TXN_005685,63.54,wallet,success,,1,15,0,1074,False,,False,0.0
CUST_02191,TXN_005686,5.13,upi,failed,expired_card,3,6,1,1483,False,,False,0.0
CUST_03793,TXN_005687,21.17,upi,success,,3,6,4,1307,False,,False,0.0
CUST_01227,TXN_005688,28.87,card,success,,3,5,1,522,False,,False,0.0
CUST_03792,TXN_005689,133.49,wallet,success,,2,12,2,1178,False,,False,0.0
CUST_01047,TXN_005690,13.0,upi,success,,2,10,1,107,False,,False,0.0
CUST_01853,TXN_005691,56.64,card,success,,2,8,1,1027,False,,False,0.0
CUST_02939,TXN_005692,77.13,netbanking,success,,2,8,2,1204,False,,False,0.0
CUST_04430,TXN_005693,18.59,upi,success,,1,5,1,654,False,,False,0.0
CUST_01163,TXN_005694,24.56,wallet,success,,1,5,1,392,False,,False,0.0
CUST_02937,TXN_005695,37.09,netbanking,success,,1,13,0,893,False,,False,0.0
CUST_00321,TXN_005696,10.12,netbanking,success,,1,6,0,1294,False,,False,0.0
CUST_00378,TXN_005697,23.01,upi,success,,1,7,0,356,False,,False,0.0
CUST_03837,TXN_005698,91.92,upi,success,,2,6,0,1464,False,,False,0.0
CUST_03595,TXN_005699,50.31,netbanking,success,,3,6,1,821,False,,False,0.0
CUST_01882,TXN_005700,29.21,card,failed,insufficient_funds,3,9,3,1037,True,send_reminder,True,29.21
CUST_03115,TXN_005701,36.25,card,success,,3,5,3,428,False,,False,0.0
CUST_01901,TXN_005702,52.71,wallet,success,,1,10,2,1137,False,,False,0.0
CUST_01386,TXN_005703,61.43,wallet,failed,authentication_failed,2,6,1,1418,True,update_payment_method,True,61.43
CUST_02157,TXN_005704,21.22,wallet,failed,network_error,2,5,3,1193,True,retry_payment,True,21.22
CUST_01559,TXN_005705,113.04,card,failed,network_error,2,9,4,355,False,,False,0.0
CUST_04075,TXN_005706,94.92,card,success,,1,7,0,1163,False,,False,0.0
CUST_02058,TXN_005707,56.93,wallet,success,,1,5,0,600,False,,False,0.0
CUST_01604,TXN_005708,16.87,card,success,,1,6,1,1344,False,,False,0.0
CUST_02681,TXN_005709,14.64,upi,success,,1,11,0,97,False,,False,0.0
CUST_03790,TXN_005710,25.5,card,success,,2,8,2,138,False,,False,0.0
CUST_01369,TXN_005711,34.77,netbanking,success,,2,8,0,108,False,,False,0.0
CUST_04697,TXN_005712,8.05,upi,success,,3,6,0,728,False,,False,0.0
CUST_02318,TXN_005713,49.19,card,success,,3,11,1,397,False,,False,0.0
CUST_03304,TXN_005714,92.76,upi,success,,1,10,5,502,False,,False,0.0
CUST_04786,TXN_005715,52.52,card,success,,2,9,0,59,False,,False,0.0
CUST_02158,TXN_005716,19.28,upi,success,,1,11,2,623,False,,False,0.0
CUST_00999,TXN_005717,17.54,upi,success,,3,7,1,1060,False,,False,0.0
CUST_03739,TXN_005718,42.09,upi,success,,1,9,2,228,False,,False,0.0
CUST_00034,TXN_005719,29.29,card,success,,1,10,1,402,False,,False,0.0
CUST_02290,TXN_005720,47.2,card,success,,2,8,1,940,False,,False,0.0
CUST_04899,TXN_005721,53.59,card,success,,3,4,0,1471,False,,False,0.0
CUST_02072,TXN_005722,79.32,wallet,success,,2,6,0,910,False,,False,0.0
CUST_03420,TXN_005723,13.39,card,success,,3,13,2,1071,False,,False,0.0
CUST_02626,TXN_005724,39.54,upi,failed,card_declined,1,6,1,66,True,offer_support,False,0.0
CUST_01074,TXN_005725,24.76,card,success,,3,14,1,859,False,,False,0.0
CUST_01589,TXN_005726,30.6,wallet,success,,1,7,0,563,False,,False,0.0
CUST_02618,TXN_005727,66.12,netbanking,success,,3,9,2,658,False,,False,0.0
CUST_00522,TXN_005728,72.13,card,success,,1,9,1,470,False,,False,0.0
CUST_02075,TXN_005729,101.37,upi,success,,3,11,2,276,False,,False,0.0
CUST_02074,TXN_005730,46.55,upi,success,,1,12,0,344,False,,False,0.0
CUST_04174,TXN_005731,30.33,netbanking,success,,3,6,1,624,False,,False,0.0
CUST_00620,TXN_005732,27.05,wallet,success,,3,9,1,262,False,,False,0.0
CUST_04213,TXN_005733,8.27,upi,success,,2,12,0,421,False,,False,0.0
CUST_02052,TXN_005734,96.72,netbanking,success,,3,6,0,1122,False,,False,0.0
CUST_03257,TXN_005735,25.6,upi,success,,2,11,2,914,False,,False,0.0
CUST_02785,TXN_005736,49.64,card,success,,1,10,1,466,False,,False,0.0
CUST_01499,TXN_005737,57.01,upi,success,,2,7,1,939,False,,False,0.0
CUST_04653,TXN_005738,12.23,upi,success,,2,6,1,502,False,,False,0.0
CUST_01123,TXN_005739,15.82,card,success,,2,4,3,1174,False,,False,0.0
CUST_00182,TXN_005740,114.16,upi,success,,1,3,2,70,False,,False,0.0
CUST_03750,TXN_005741,41.78,card,success,,2,9,3,1335,False,,False,0.0
CUST_03107,TXN_005742,20.81,card,success,,1,10,3,90,False,,False,0.0
CUST_04452,TXN_005743,29.93,netbanking,success,,2,4,2,312,False,,False,0.0
CUST_02289,TXN_005744,78.96,card,success,,2,6,3,791,False,,False,0.0
CUST_00085,TXN_005745,69.93,netbanking,success,,2,8,1,177,False,,False,0.0
CUST_00102,TXN_005746,10.25,card,success,,3,5,4,183,False,,False,0.0
CUST_02166,TXN_005747,122.42,upi,success,,2,9,1,170,False,,False,0.0
CUST_01248,TXN_005748,71.73,wallet,success,,2,9,2,595,False,,False,0.0
CUST_04610,TXN_005749,29.31,netbanking,success,,3,6,2,502,False,,False,0.0
CUST_00593,TXN_005750,12.76,netbanking,success,,1,10,2,1033,False,,False,0.0
CUST_04404,TXN_005751,76.95,card,success,,1,7,4,759,False,,False,0.0
CUST_01084,TXN_005752,48.48,card,failed,card_declined,1,11,3,473,False,,False,0.0
CUST_00597,TXN_005753,10.32,upi,success,,3,12,0,1167,False,,False,0.0
CUST_01373,TXN_005754,27.5,netbanking,failed,authentication_failed,2,5,2,1359,True,offer_support,False,0.0
CUST_00721,TXN_005755,403.81,netbanking,success,,1,16,1,518,False,,False,0.0
CUST_02007,TXN_005756,33.56,upi,success,,2,6,2,852,False,,False,0.0
CUST_01652,TXN_005757,18.29,card,success,,1,5,0,369,False,,False,0.0
CUST_02645,TXN_005758,14.78,card,success,,3,7,1,52,False,,False,0.0
CUST_02685,TXN_005759,136.69,wallet,success,,1,12,3,1272,False,,False,0.0
CUST_00005,TXN_005760,65.25,upi,failed,insufficient_funds,1,12,0,795,True,offer_support,True,65.25
CUST_00625,TXN_005761,102.1,netbanking,success,,3,11,1,299,False,,False,0.0
CUST_00810,TXN_005762,40.39,upi,failed,authentication_failed,3,7,3,606,False,,False,0.0
CUST_00974,TXN_005763,90.31,wallet,success,,1,10,1,1409,False,,False,0.0
CUST_00468,TXN_005764,16.8,netbanking,success,,3,7,2,395,False,,False,0.0
CUST_01573,TXN_005765,37.72,card,success,,1,8,1,764,False,,False,0.0
CUST_02748,TXN_005766,41.66,netbanking,success,,1,10,3,94,False,,False,0.0
CUST_01545,TXN_005767,100.08,card,success,,1,9,0,238,False,,False,0.0
CUST_01646,TXN_005768,42.74,card,success,,2,10,1,1442,False,,False,0.0
CUST_02348,TXN_005769,20.08,netbanking,success,,2,7,1,322,False,,False,0.0
CUST_02742,TXN_005770,34.86,card,success,,2,8,1,406,False,,False,0.0
CUST_01655,TXN_005771,8.66,card,success,,1,9,0,240,False,,False,0.0
CUST_01109,TXN_005772,5.17,upi,success,,2,9,3,1169,False,,False,0.0
CUST_02047,TXN_005773,64.4,wallet,success,,2,10,2,591,False,,False,0.0
CUST_00122,TXN_005774,24.54,card,success,,3,5,2,473,False,,False,0.0
CUST_02463,TXN_005775,26.87,upi,success,,1,10,3,87,False,,False,0.0
CUST_04706,TXN_005776,64.38,upi,success,,3,6,0,891,False,,False,0.0
CUST_01990,TXN_005777,101.25,card,failed,network_error,3,7,2,485,True,send_reminder,True,101.25
CUST_00542,TXN_005778,50.78,upi,failed,authentication_failed,2,10,1,1363,True,retry_payment,True,50.78
CUST_03535,TXN_005779,154.85,upi,success,,3,6,2,187,False,,False,0.0
CUST_00635,TXN_005780,49.51,netbanking,success,,3,7,1,1008,False,,False,0.0
CUST_00969,TXN_005781,42.17,upi,success,,3,9,1,1426,False,,False,0.0
CUST_00733,TXN_005782,40.14,wallet,failed,insufficient_funds,2,7,0,557,True,offer_support,False,0.0
CUST_04418,TXN_005783,11.84,netbanking,success,,1,7,4,760,False,,False,0.0
CUST_04906,TXN_005784,71.15,card,failed,card_declined,3,10,4,671,True,offer_support,False,0.0
CUST_02848,TXN_005785,4.68,netbanking,failed,expired_card,1,10,5,487,True,update_payment_method,False,0.0
CUST_03088,TXN_005786,20.72,upi,success,,3,8,0,1299,False,,False,0.0
CUST_03227,TXN_005787,33.73,card,success,,3,9,1,1311,False,,False,0.0
CUST_03051,TXN_005788,17.61,upi,success,,3,10,3,687,False,,False,0.0
CUST_02720,TXN_005789,23.07,netbanking,success,,2,11,3,708,False,,False,0.0
CUST_04933,TXN_005790,144.24,card,success,,1,4,2,700,False,,False,0.0
CUST_03665,TXN_005791,80.1,card,success,,2,9,1,1401,False,,False,0.0
CUST_00443,TXN_005792,19.13,upi,success,,1,9,0,87,False,,False,0.0
CUST_01960,TXN_005793,22.75,card,success,,3,5,3,1044,False,,False,0.0
CUST_04872,TXN_005794,11.92,netbanking,success,,3,8,1,1334,False,,False,0.0
CUST_02018,TXN_005795,58.21,card,success,,1,9,4,1074,False,,False,0.0
CUST_01020,TXN_005796,27.12,netbanking,failed,authentication_failed,1,5,1,205,True,offer_support,False,0.0
CUST_04342,TXN_005797,6.87,netbanking,success,,3,3,2,511,False,,False,0.0
CUST_03115,TXN_005798,35.9,card,success,,2,9,0,793,False,,False,0.0
CUST_02813,TXN_005799,47.05,upi,success,,3,9,1,421,False,,False,0.0
CUST_02100,TXN_005800,71.56,card,failed,card_declined,2,10,1,802,True,update_payment_method,True,71.56
CUST_00622,TXN_005801,31.23,card,success,,1,2,2,83,False,,False,0.0
CUST_01920,TXN_005802,24.58,upi,success,,3,7,2,110,False,,False,0.0
CUST_02187,TXN_005803,162.23,card,success,,1,8,0,916,False,,False,0.0
CUST_04656,TXN_005804,33.29,netbanking,success,,3,12,0,440,False,,False,0.0
CUST_01537,TXN_005805,58.89,upi,success,,3,9,0,253,False,,False,0.0
CUST_00746,TXN_005806,21.51,card,success,,1,5,1,742,False,,False,0.0
CUST_02138,TXN_005807,57.51,card,success,,3,11,0,431,False,,False,0.0
CUST_04985,TXN_005808,10.33,netbanking,success,,3,6,2,945,False,,False,0.0
CUST_02411,TXN_005809,22.88,card,failed,card_declined,3,6,0,1006,True,offer_support,True,22.88
CUST_01896,TXN_005810,12.6,upi,success,,3,5,0,723,False,,False,0.0
CUST_03334,TXN_005811,20.41,card,success,,3,3,3,310,False,,False,0.0
CUST_03244,TXN_005812,90.05,wallet,success,,1,8,1,492,False,,False,0.0
CUST_01497,TXN_005813,20.29,card,success,,1,6,3,937,False,,False,0.0
CUST_04839,TXN_005814,58.83,upi,success,,2,12,0,588,False,,False,0.0
CUST_02965,TXN_005815,111.48,upi,success,,3,10,0,13,False,,False,0.0
CUST_00288,TXN_005816,32.39,card,success,,2,5,4,1175,False,,False,0.0
CUST_02038,TXN_005817,73.33,upi,success,,2,11,2,919,False,,False,0.0
CUST_04614,TXN_005818,50.65,card,failed,card_declined,2,13,1,1486,True,retry_payment,False,0.0
CUST_01967,TXN_005819,36.35,card,failed,expired_card,1,9,0,217,True,send_reminder,True,36.35
CUST_02839,TXN_005820,60.36,card,success,,2,6,0,212,False,,False,0.0
CUST_03063,TXN_005821,144.31,upi,success,,2,6,0,1448,False,,False,0.0
CUST_03522,TXN_005822,19.89,netbanking,failed,card_declined,1,9,4,1377,True,offer_support,False,0.0
CUST_04361,TXN_005823,15.37,card,success,,1,7,2,260,False,,False,0.0
CUST_00746,TXN_005824,14.67,netbanking,success,,3,5,2,796,False,,False,0.0
CUST_02584,TXN_005825,73.37,netbanking,success,,1,10,2,365,False,,False,0.0
CUST_02667,TXN_005826,81.74,card,success,,1,7,3,1385,False,,False,0.0
CUST_00762,TXN_005827,21.55,card,success,,1,7,1,1125,False,,False,0.0
CUST_03367,TXN_005828,6.0,card,success,,2,10,2,1120,False,,False,0.0
CUST_00591,TXN_005829,19.3,card,success,,1,9,3,1001,False,,False,0.0
CUST_02281,TXN_005830,51.33,netbanking,success,,2,8,4,1168,False,,False,0.0
CUST_01651,TXN_005831,31.39,upi,success,,1,7,1,1425,False,,False,0.0
CUST_00775,TXN_005832,38.26,card,success,,1,10,2,200,False,,False,0.0
CUST_04111,TXN_005833,21.79,upi,success,,3,11,4,1479,False,,False,0.0
CUST_01221,TXN_005834,74.54,card,success,,2,8,0,1390,False,,False,0.0
CUST_01276,TXN_005835,43.58,netbanking,success,,1,6,2,579,False,,False,0.0
CUST_04272,TXN_005836,52.94,upi,success,,1,11,0,496,False,,False,0.0
CUST_04386,TXN_005837,37.61,card,success,,2,5,0,366,False,,False,0.0
CUST_00173,TXN_005838,50.37,upi,success,,1,7,1,1285,False,,False,0.0
CUST_01390,TXN_005839,47.79,card,success,,1,7,1,1116,False,,False,0.0
CUST_03544,TXN_005840,15.76,wallet,success,,2,11,1,1078,False,,False,0.0
CUST_03890,TXN_005841,44.63,card,success,,1,7,2,711,False,,False,0.0
CUST_04996,TXN_005842,62.38,netbanking,success,,2,14,0,705,False,,False,0.0
CUST_02773,TXN_005843,83.44,wallet,success,,2,7,1,1043,False,,False,0.0
CUST_00038,TXN_005844,46.2,upi,success,,2,6,3,536,False,,False,0.0
CUST_04368,TXN_005845,15.3,upi,success,,3,7,2,39,False,,False,0.0
CUST_00806,TXN_005846,17.3,upi,failed,card_declined,1,10,1,552,True,update_payment_method,False,0.0
CUST_00604,TXN_005847,23.38,card,success,,1,9,0,662,False,,False,0.0
CUST_03371,TXN_005848,38.54,wallet,success,,2,13,1,307,False,,False,0.0
CUST_03019,TXN_005849,30.03,upi,success,,2,7,3,404,False,,False,0.0
CUST_00300,TXN_005850,13.48,netbanking,success,,1,5,2,653,False,,False,0.0
CUST_00847,TXN_005851,13.41,upi,success,,1,10,0,1100,False,,False,0.0
CUST_02949,TXN_005852,6.18,card,failed,network_error,1,11,1,652,True,send_reminder,True,6.18
CUST_01277,TXN_005853,2.73,card,success,,3,9,1,281,False,,False,0.0
CUST_03420,TXN_005854,29.8,card,success,,1,10,1,416,False,,False,0.0
CUST_02059,TXN_005855,211.91,card,success,,2,8,4,1271,False,,False,0.0
CUST_02941,TXN_005856,139.41,upi,failed,network_error,1,10,3,950,True,update_payment_method,True,139.41
CUST_02375,TXN_005857,15.14,card,success,,3,6,0,568,False,,False,0.0
CUST_01826,TXN_005858,37.33,wallet,success,,2,9,3,59,False,,False,0.0
CUST_01712,TXN_005859,10.26,card,success,,1,7,1,221,False,,False,0.0
CUST_03486,TXN_005860,11.59,upi,success,,3,4,0,514,False,,False,0.0
CUST_02572,TXN_005861,12.71,card,success,,2,7,1,1213,False,,False,0.0
CUST_02971,TXN_005862,27.65,card,success,,1,7,1,1012,False,,False,0.0
CUST_02886,TXN_005863,28.62,upi,success,,3,7,4,1373,False,,False,0.0
CUST_01038,TXN_005864,40.53,card,failed,insufficient_funds,3,10,1,846,True,send_reminder,True,40.53
CUST_04566,TXN_005865,56.29,upi,success,,2,6,1,334,False,,False,0.0
CUST_02816,TXN_005866,25.29,upi,failed,authentication_failed,1,6,0,1454,False,,False,0.0
CUST_03590,TXN_005867,34.09,card,success,,3,9,3,1495,False,,False,0.0
CUST_04409,TXN_005868,13.8,upi,success,,2,11,1,357,False,,False,0.0
CUST_04623,TXN_005869,11.3,card,success,,1,14,0,268,False,,False,0.0
CUST_03334,TXN_005870,9.98,card,success,,2,7,0,1195,False,,False,0.0
CUST_03935,TXN_005871,55.67,netbanking,success,,2,3,5,706,False,,False,0.0
CUST_02359,TXN_005872,25.27,card,success,,1,14,3,515,False,,False,0.0
CUST_03689,TXN_005873,7.41,card,failed,network_error,1,6,2,1041,True,retry_payment,False,0.0
CUST_01608,TXN_005874,31.49,upi,success,,2,4,2,584,False,,False,0.0
CUST_03559,TXN_005875,12.19,upi,success,,3,10,1,945,False,,False,0.0
CUST_00430,TXN_005876,125.0,wallet,success,,1,1,1,1017,False,,False,0.0
CUST_04571,TXN_005877,20.84,netbanking,success,,1,6,1,101,False,,False,0.0
CUST_01223,TXN_005878,57.12,netbanking,success,,3,4,0,265,False,,False,0.0
CUST_03283,TXN_005879,79.14,upi,failed,authentication_failed,1,7,0,357,False,,False,0.0
CUST_00056,TXN_005880,15.43,card,success,,2,5,1,371,False,,False,0.0
CUST_00779,TXN_005881,35.19,card,success,,2,8,1,175,False,,False,0.0
CUST_04933,TXN_005882,51.56,netbanking,success,,3,13,2,1040,False,,False,0.0
CUST_04166,TXN_005883,36.32,card,success,,1,5,2,1043,False,,False,0.0
CUST_01113,TXN_005884,44.21,card,success,,1,6,2,755,False,,False,0.0
CUST_00655,TXN_005885,11.43,upi,success,,3,7,2,397,False,,False,0.0
CUST_04074,TXN_005886,51.58,netbanking,success,,1,10,2,946,False,,False,0.0
CUST_04950,TXN_005887,22.45,upi,success,,2,8,3,1252,False,,False,0.0
CUST_00844,TXN_005888,43.8,card,success,,3,4,3,670,False,,False,0.0
CUST_03320,TXN_005889,69.13,wallet,failed,expired_card,2,4,1,290,True,update_payment_method,True,69.13
CUST_01418,TXN_005890,56.55,card,success,,2,7,2,8,False,,False,0.0
CUST_03722,TXN_005891,43.77,wallet,success,,1,10,5,1056,False,,False,0.0
CUST_02091,TXN_005892,55.35,card,success,,2,16,1,31,False,,False,0.0
CUST_00627,TXN_005893,57.44,wallet,success,,1,6,1,705,False,,False,0.0
CUST_01622,TXN_005894,109.55,wallet,success,,2,8,2,1402,False,,False,0.0
CUST_02693,TXN_005895,32.23,card,success,,2,8,3,519,False,,False,0.0
CUST_03991,TXN_005896,37.76,netbanking,success,,3,7,4,221,False,,False,0.0
CUST_00106,TXN_005897,69.8,card,success,,3,6,1,868,False,,False,0.0
CUST_04788,TXN_005898,22.37,card,success,,2,11,1,52,False,,False,0.0
CUST_03248,TXN_005899,11.38,card,success,,2,12,4,798,False,,False,0.0
CUST_04376,TXN_005900,49.14,upi,success,,1,7,2,979,False,,False,0.0
CUST_04650,TXN_005901,28.08,card,success,,2,7,0,1203,False,,False,0.0
CUST_00768,TXN_005902,12.6,upi,success,,3,7,0,1373,False,,False,0.0
CUST_00469,TXN_005903,49.42,wallet,success,,3,11,1,1098,False,,False,0.0
CUST_03883,TXN_005904,104.05,netbanking,success,,3,9,2,938,False,,False,0.0
CUST_00940,TXN_005905,8.99,card,success,,3,10,1,372,False,,False,0.0
CUST_00740,TXN_005906,75.03,upi,success,,1,4,1,582,False,,False,0.0
CUST_02343,TXN_005907,4.35,card,success,,1,7,1,1134,False,,False,0.0
CUST_04566,TXN_005908,24.04,card,success,,1,8,2,972,False,,False,0.0
CUST_03978,TXN_005909,144.37,wallet,success,,2,6,0,251,False,,False,0.0
CUST_02589,TXN_005910,25.47,wallet,success,,3,7,1,857,False,,False,0.0
CUST_00983,TXN_005911,35.59,card,success,,3,12,2,1401,False,,False,0.0
CUST_01682,TXN_005912,60.96,card,success,,2,4,0,399,False,,False,0.0
CUST_03442,TXN_005913,8.39,card,success,,3,8,1,922,False,,False,0.0
CUST_00785,TXN_005914,35.08,card,failed,card_declined,3,10,1,1317,False,,False,0.0
CUST_02622,TXN_005915,34.86,card,success,,1,8,1,761,False,,False,0.0
CUST_00060,TXN_005916,146.92,card,success,,3,6,1,832,False,,False,0.0
CUST_01626,TXN_005917,12.32,card,success,,2,9,2,412,False,,False,0.0
CUST_01240,TXN_005918,24.4,card,success,,1,5,1,1261,False,,False,0.0
CUST_03405,TXN_005919,15.76,netbanking,success,,2,5,1,914,False,,False,0.0
CUST_04570,TXN_005920,14.48,netbanking,failed,card_declined,1,8,2,996,False,,False,0.0
CUST_00733,TXN_005921,81.61,upi,success,,2,7,4,1219,False,,False,0.0
CUST_03986,TXN_005922,33.83,card,success,,2,12,3,1030,False,,False,0.0
CUST_03279,TXN_005923,21.23,netbanking,success,,2,5,3,1424,False,,False,0.0
CUST_04848,TXN_005924,21.88,card,success,,2,7,2,17,False,,False,0.0
CUST_04557,TXN_005925,21.1,netbanking,success,,2,7,1,1252,False,,False,0.0
CUST_00504,TXN_005926,22.67,card,success,,3,4,1,1195,False,,False,0.0
CUST_03716,TXN_005927,12.04,wallet,success,,2,6,1,1394,False,,False,0.0
CUST_02961,TXN_005928,26.92,card,success,,3,6,2,978,False,,False,0.0
CUST_00566,TXN_005929,24.84,netbanking,failed,authentication_failed,2,5,3,1155,True,update_payment_method,False,0.0
CUST_01286,TXN_005930,18.06,card,failed,expired_card,3,6,0,1004,True,retry_payment,True,18.06
CUST_04634,TXN_005931,37.49,netbanking,success,,2,4,3,1228,False,,False,0.0
CUST_02715,TXN_005932,40.12,upi,success,,3,9,3,1123,False,,False,0.0
CUST_01692,TXN_005933,21.21,card,success,,1,9,1,678,False,,False,0.0
CUST_01602,TXN_005934,29.51,netbanking,success,,2,4,2,1460,False,,False,0.0
CUST_04189,TXN_005935,186.21,card,failed,expired_card,1,9,5,1343,False,,False,0.0
CUST_01418,TXN_005936,180.61,upi,success,,2,10,1,987,False,,False,0.0
CUST_00795,TXN_005937,14.25,card,success,,1,10,4,1465,False,,False,0.0
CUST_02869,TXN_005938,15.93,netbanking,success,,2,10,2,1330,False,,False,0.0
CUST_04962,TXN_005939,14.19,netbanking,success,,1,4,2,1365,False,,False,0.0
CUST_00917,TXN_005940,77.14,upi,success,,2,8,0,566,False,,False,0.0
CUST_01277,TXN_005941,24.08,netbanking,success,,2,8,2,43,False,,False,0.0
CUST_02346,TXN_005942,40.11,wallet,success,,3,8,1,384,False,,False,0.0
CUST_00999,TXN_005943,163.62,upi,success,,1,11,3,430,False,,False,0.0
CUST_03254,TXN_005944,32.84,card,success,,1,8,0,832,False,,False,0.0
CUST_01268,TXN_005945,58.26,upi,failed,expired_card,3,8,1,103,True,offer_support,False,0.0
CUST_00641,TXN_005946,50.22,card,success,,3,7,3,254,False,,False,0.0
CUST_01307,TXN_005947,20.69,upi,success,,3,8,4,899,False,,False,0.0
CUST_04653,TXN_005948,77.27,card,success,,2,9,1,742,False,,False,0.0
CUST_04674,TXN_005949,16.78,netbanking,success,,1,8,4,112,False,,False,0.0
CUST_02529,TXN_005950,96.73,upi,success,,2,4,1,7,False,,False,0.0
CUST_02002,TXN_005951,20.7,upi,success,,3,8,3,351,False,,False,0.0
CUST_04097,TXN_005952,22.59,card,success,,1,9,1,1222,False,,False,0.0
CUST_00972,TXN_005953,13.86,card,success,,3,9,1,749,False,,False,0.0
CUST_03269,TXN_005954,15.81,netbanking,failed,expired_card,1,6,2,1039,False,,False,0.0
CUST_03400,TXN_005955,23.54,upi,success,,2,10,1,820,False,,False,0.0
CUST_03550,TXN_005956,4.73,wallet,success,,2,9,1,53,False,,False,0.0
CUST_01090,TXN_005957,27.48,upi,success,,1,9,2,326,False,,False,0.0
CUST_03580,TXN_005958,22.06,card,success,,1,8,0,637,False,,False,0.0
CUST_03060,TXN_005959,62.3,upi,success,,1,7,3,778,False,,False,0.0
CUST_04375,TXN_005960,46.45,upi,success,,1,9,1,1418,False,,False,0.0
CUST_00872,TXN_005961,18.8,card,success,,2,9,3,690,False,,False,0.0
CUST_03068,TXN_005962,22.95,upi,failed,card_declined,1,8,2,1213,True,send_reminder,True,22.95
CUST_04148,TXN_005963,27.45,card,success,,2,7,1,857,False,,False,0.0
CUST_01391,TXN_005964,108.72,card,success,,1,8,2,383,False,,False,0.0
CUST_03719,TXN_005965,17.15,card,success,,1,8,0,393,False,,False,0.0
CUST_00498,TXN_005966,18.62,upi,success,,3,6,2,838,False,,False,0.0
CUST_03590,TXN_005967,13.43,upi,failed,expired_card,2,7,2,949,True,update_payment_method,True,13.43
CUST_03031,TXN_005968,10.12,card,success,,2,6,1,1208,False,,False,0.0
CUST_00963,TXN_005969,42.33,netbanking,success,,2,11,4,119,False,,False,0.0
CUST_00332,TXN_005970,38.95,netbanking,failed,network_error,2,13,0,502,True,update_payment_method,False,0.0
CUST_03727,TXN_005971,92.41,card,failed,card_declined,1,9,0,514,True,retry_payment,True,92.41
CUST_01207,TXN_005972,76.18,card,success,,3,8,2,1496,False,,False,0.0
CUST_02487,TXN_005973,225.36,card,failed,card_declined,2,9,0,372,True,retry_payment,False,0.0
CUST_00304,TXN_005974,31.22,card,success,,2,10,3,1285,False,,False,0.0
CUST_04817,TXN_005975,26.89,wallet,success,,2,7,0,1105,False,,False,0.0
CUST_02744,TXN_005976,11.7,netbanking,success,,3,10,0,604,False,,False,0.0
CUST_04657,TXN_005977,57.82,card,success,,2,8,2,1150,False,,False,0.0
CUST_00802,TXN_005978,36.41,upi,success,,3,13,1,1005,False,,False,0.0
CUST_01029,TXN_005979,55.76,card,success,,2,7,1,671,False,,False,0.0
CUST_03052,TXN_005980,13.31,card,success,,3,7,1,1347,False,,False,0.0
CUST_03022,TXN_005981,43.87,card,success,,2,7,1,708,False,,False,0.0
CUST_03954,TXN_005982,39.02,card,failed,card_declined,2,7,3,847,False,,False,0.0
CUST_04640,TXN_005983,37.01,card,failed,authentication_failed,2,7,0,1124,True,update_payment_method,True,37.01
CUST_04109,TXN_005984,19.17,card,success,,3,7,0,1390,False,,False,0.0
CUST_00701,TXN_005985,85.75,card,failed,insufficient_funds,3,13,3,1347,True,retry_payment,True,85.75
CUST_01548,TXN_005986,170.76,upi,success,,1,8,2,1465,False,,False,0.0
CUST_04569,TXN_005987,13.62,upi,success,,2,6,4,615,False,,False,0.0
CUST_02745,TXN_005988,58.93,card,success,,2,8,4,629,False,,False,0.0
CUST_04335,TXN_005989,3.31,upi,success,,3,5,4,615,False,,False,0.0
CUST_02815,TXN_005990,56.54,card,success,,1,10,3,1015,False,,False,0.0
CUST_00249,TXN_005991,7.42,wallet,success,,2,10,0,17,False,,False,0.0
CUST_02364,TXN_005992,21.76,card,failed,insufficient_funds,1,6,0,395,False,,False,0.0
CUST_04123,TXN_005993,11.58,upi,success,,1,9,0,597,False,,False,0.0
CUST_03275,TXN_005994,27.87,card,success,,1,8,0,420,False,,False,0.0
CUST_00664,TXN_005995,64.78,card,success,,1,14,1,156,False,,False,0.0
CUST_01051,TXN_005996,7.49,upi,success,,3,4,0,815,False,,False,0.0
CUST_04272,TXN_005997,24.84,netbanking,failed,insufficient_funds,3,4,2,54,False,,False,0.0
CUST_04896,TXN_005998,21.96,wallet,success,,1,8,3,1109,False,,False,0.0
CUST_03764,TXN_005999,117.31,upi,success,,1,5,0,1307,False,,False,0.0
CUST_00491,TXN_006000,46.78,card,success,,2,14,2,1033,False,,False,0.0
CUST_03096,TXN_006001,12.91,netbanking,success,,1,3,1,1472,False,,False,0.0
CUST_04146,TXN_006002,22.71,card,success,,2,9,2,609,False,,False,0.0
CUST_03201,TXN_006003,114.99,upi,success,,3,10,3,996,False,,False,0.0
CUST_02970,TXN_006004,58.64,netbanking,success,,2,7,1,188,False,,False,0.0
CUST_02337,TXN_006005,15.89,card,success,,2,9,1,1152,False,,False,0.0
CUST_01225,TXN_006006,26.74,upi,success,,3,5,4,1466,False,,False,0.0
CUST_01404,TXN_006007,27.44,card,success,,1,8,3,273,False,,False,0.0
CUST_03728,TXN_006008,21.53,card,success,,3,7,3,232,False,,False,0.0
CUST_00349,TXN_006009,8.43,wallet,success,,2,9,3,1440,False,,False,0.0
CUST_00423,TXN_006010,19.26,card,success,,2,11,2,518,False,,False,0.0
CUST_01983,TXN_006011,100.62,card,success,,3,5,2,1024,False,,False,0.0
CUST_03872,TXN_006012,24.41,upi,success,,3,4,3,941,False,,False,0.0
CUST_03285,TXN_006013,30.49,card,success,,1,8,3,39,False,,False,0.0
CUST_02950,TXN_006014,37.06,card,success,,3,8,0,87,False,,False,0.0
CUST_02671,TXN_006015,195.3,card,success,,1,12,3,458,False,,False,0.0
CUST_00554,TXN_006016,33.35,upi,success,,2,2,5,614,False,,False,0.0
CUST_01659,TXN_006017,79.45,card,success,,2,6,1,1242,False,,False,0.0
CUST_00398,TXN_006018,20.52,netbanking,success,,2,7,1,857,False,,False,0.0
CUST_03791,TXN_006019,26.91,card,failed,insufficient_funds,3,7,2,1399,False,,False,0.0
CUST_03754,TXN_006020,33.45,wallet,success,,1,7,1,527,False,,False,0.0
CUST_01291,TXN_006021,17.83,card,success,,2,6,1,395,False,,False,0.0
CUST_01465,TXN_006022,28.14,card,success,,1,5,0,1268,False,,False,0.0
CUST_01587,TXN_006023,67.39,wallet,success,,2,9,2,348,False,,False,0.0
CUST_04446,TXN_006024,17.46,netbanking,failed,expired_card,3,3,1,349,True,update_payment_method,True,17.46
CUST_02443,TXN_006025,33.12,card,success,,3,11,1,133,False,,False,0.0
CUST_03810,TXN_006026,58.38,card,success,,3,7,2,1467,False,,False,0.0
CUST_02244,TXN_006027,17.12,netbanking,success,,2,6,0,211,False,,False,0.0
CUST_03491,TXN_006028,79.55,card,success,,2,9,2,392,False,,False,0.0
CUST_02642,TXN_006029,35.1,card,success,,1,10,2,1197,False,,False,0.0
CUST_01393,TXN_006030,29.02,upi,success,,1,7,1,984,False,,False,0.0
CUST_04381,TXN_006031,6.64,netbanking,success,,2,10,2,597,False,,False,0.0
CUST_03545,TXN_006032,24.56,upi,success,,3,9,2,641,False,,False,0.0
CUST_03846,TXN_006033,44.58,upi,success,,3,5,1,1194,False,,False,0.0
CUST_04740,TXN_006034,133.79,wallet,success,,3,11,2,1405,False,,False,0.0
CUST_01244,TXN_006035,52.16,card,success,,1,7,2,1242,False,,False,0.0
CUST_00458,TXN_006036,81.53,netbanking,failed,network_error,3,12,2,942,True,offer_support,True,81.53
CUST_02911,TXN_006037,12.59,card,success,,1,10,0,1176,False,,False,0.0
CUST_01631,TXN_006038,29.92,upi,success,,3,9,4,853,False,,False,0.0
CUST_02179,TXN_006039,87.93,upi,success,,3,6,3,1043,False,,False,0.0
CUST_01174,TXN_006040,16.28,card,success,,2,4,1,1325,False,,False,0.0
CUST_01992,TXN_006041,71.68,upi,failed,insufficient_funds,2,8,1,1169,True,offer_support,True,71.68
CUST_01966,TXN_006042,59.54,netbanking,success,,1,15,2,870,False,,False,0.0
CUST_01753,TXN_006043,41.26,upi,failed,insufficient_funds,2,5,1,103,True,retry_payment,True,41.26
CUST_03711,TXN_006044,25.46,card,success,,1,18,1,877,False,,False,0.0
CUST_02963,TXN_006045,15.04,card,success,,2,8,0,663,False,,False,0.0
CUST_02371,TXN_006046,137.04,upi,success,,1,14,1,440,False,,False,0.0
CUST_00564,TXN_006047,54.9,upi,success,,1,12,2,914,False,,False,0.0
CUST_02854,TXN_006048,43.49,card,success,,2,3,2,81,False,,False,0.0
CUST_00875,TXN_006049,23.8,card,success,,1,7,4,615,False,,False,0.0
CUST_01571,TXN_006050,34.13,upi,success,,3,6,1,1325,False,,False,0.0
CUST_02075,TXN_006051,37.78,card,success,,1,8,1,534,False,,False,0.0
CUST_00707,TXN_006052,45.6,card,success,,3,18,0,42,False,,False,0.0
CUST_01948,TXN_006053,59.59,card,success,,3,7,0,538,False,,False,0.0
CUST_01335,TXN_006054,17.71,upi,success,,1,16,2,1381,False,,False,0.0
CUST_04248,TXN_006055,10.24,wallet,success,,2,6,0,1122,False,,False,0.0
CUST_04298,TXN_006056,35.43,upi,failed,card_declined,2,10,0,1202,False,,False,0.0
CUST_00023,TXN_006057,8.18,card,success,,1,12,3,72,False,,False,0.0
CUST_03012,TXN_006058,25.56,netbanking,success,,1,5,1,410,False,,False,0.0
CUST_03203,TXN_006059,22.04,card,success,,2,9,1,427,False,,False,0.0
CUST_01890,TXN_006060,49.08,wallet,success,,2,7,0,135,False,,False,0.0
CUST_02346,TXN_006061,161.75,card,failed,card_declined,2,8,2,1005,True,retry_payment,True,161.75
CUST_03949,TXN_006062,6.99,wallet,success,,3,10,1,1456,False,,False,0.0
CUST_01890,TXN_006063,204.25,netbanking,success,,2,8,1,770,False,,False,0.0
CUST_00323,TXN_006064,27.48,netbanking,success,,3,7,2,1461,False,,False,0.0
CUST_01863,TXN_006065,43.74,card,success,,3,10,1,496,False,,False,0.0
CUST_01270,TXN_006066,10.68,netbanking,success,,3,10,0,429,False,,False,0.0
CUST_01914,TXN_006067,73.52,upi,success,,2,6,2,1216,False,,False,0.0
CUST_01151,TXN_006068,34.23,card,success,,2,15,3,1289,False,,False,0.0
CUST_00750,TXN_006069,31.53,upi,success,,3,10,0,1064,False,,False,0.0
CUST_04926,TXN_006070,7.03,upi,success,,2,7,0,871,False,,False,0.0
CUST_00645,TXN_006071,35.13,wallet,success,,1,1,1,1359,False,,False,0.0
CUST_03530,TXN_006072,65.15,netbanking,success,,3,6,1,558,False,,False,0.0
CUST_03588,TXN_006073,27.41,card,success,,3,6,0,633,False,,False,0.0
CUST_03089,TXN_006074,84.72,upi,success,,3,3,3,692,False,,False,0.0
CUST_04557,TXN_006075,81.97,card,failed,network_error,3,7,1,1095,True,update_payment_method,True,81.97
CUST_00025,TXN_006076,19.83,card,success,,1,6,0,490,False,,False,0.0
CUST_01508,TXN_006077,118.64,netbanking,failed,card_declined,3,7,2,239,False,,False,0.0
CUST_00922,TXN_006078,34.34,upi,success,,1,6,4,177,False,,False,0.0
CUST_02885,TXN_006079,34.46,netbanking,failed,network_error,3,9,1,546,False,,False,0.0
CUST_03178,TXN_006080,35.84,upi,success,,1,7,5,914,False,,False,0.0
CUST_04489,TXN_006081,35.0,card,success,,2,9,0,919,False,,False,0.0
CUST_01899,TXN_006082,4.04,upi,success,,1,9,0,1391,False,,False,0.0
CUST_01180,TXN_006083,28.55,card,success,,3,8,2,280,False,,False,0.0
CUST_04621,TXN_006084,11.12,wallet,success,,2,6,0,809,False,,False,0.0
CUST_03365,TXN_006085,121.64,wallet,success,,3,8,0,240,False,,False,0.0
CUST_03823,TXN_006086,117.79,netbanking,success,,3,7,4,1025,False,,False,0.0
CUST_02225,TXN_006087,65.47,netbanking,success,,2,2,0,1330,False,,False,0.0
CUST_02237,TXN_006088,27.36,upi,success,,1,12,2,558,False,,False,0.0
CUST_01945,TXN_006089,14.78,upi,success,,2,13,2,1003,False,,False,0.0
CUST_03747,TXN_006090,19.57,netbanking,success,,1,4,2,783,False,,False,0.0
CUST_01053,TXN_006091,156.67,card,success,,1,8,2,790,False,,False,0.0
CUST_04877,TXN_006092,19.03,netbanking,success,,2,10,0,683,False,,False,0.0
CUST_00880,TXN_006093,5.03,card,success,,1,7,0,1281,False,,False,0.0
CUST_02305,TXN_006094,75.5,netbanking,success,,3,13,1,455,False,,False,0.0
CUST_01573,TXN_006095,109.99,upi,success,,3,11,0,291,False,,False,0.0
CUST_03212,TXN_006096,124.88,netbanking,success,,1,9,3,1040,False,,False,0.0
CUST_03403,TXN_006097,76.0,upi,success,,1,9,1,273,False,,False,0.0
CUST_04593,TXN_006098,86.59,upi,success,,1,19,1,169,False,,False,0.0
CUST_03946,TXN_006099,34.55,wallet,success,,2,2,4,183,False,,False,0.0
CUST_01244,TXN_006100,6.29,card,failed,network_error,2,7,2,58,True,retry_payment,False,0.0
CUST_01034,TXN_006101,33.86,card,success,,1,8,0,267,False,,False,0.0
CUST_04432,TXN_006102,54.45,card,success,,2,10,0,1474,False,,False,0.0
CUST_02439,TXN_006103,29.72,upi,success,,2,12,2,988,False,,False,0.0
CUST_00488,TXN_006104,28.66,upi,success,,1,10,0,1380,False,,False,0.0
CUST_04125,TXN_006105,15.31,upi,success,,1,7,4,1289,False,,False,0.0
CUST_03242,TXN_006106,14.86,card,failed,card_declined,3,7,0,22,True,update_payment_method,True,14.86
CUST_00128,TXN_006107,144.1,card,success,,3,4,2,854,False,,False,0.0
CUST_03914,TXN_006108,148.34,netbanking,success,,2,11,3,377,False,,False,0.0
CUST_03037,TXN_006109,33.05,upi,success,,2,7,0,548,False,,False,0.0
CUST_03073,TXN_006110,41.48,card,success,,2,13,1,562,False,,False,0.0
CUST_04324,TXN_006111,15.11,card,success,,1,7,2,1362,False,,False,0.0
CUST_02478,TXN_006112,55.37,card,success,,3,8,0,1388,False,,False,0.0
CUST_02306,TXN_006113,135.33,netbanking,success,,2,9,2,378,False,,False,0.0
CUST_03087,TXN_006114,9.74,upi,success,,1,11,0,594,False,,False,0.0
CUST_00989,TXN_006115,48.0,upi,success,,2,12,2,125,False,,False,0.0
CUST_00759,TXN_006116,50.97,upi,failed,expired_card,1,12,1,1082,True,send_reminder,True,50.97
CUST_04219,TXN_006117,50.51,netbanking,success,,2,4,0,1010,False,,False,0.0
CUST_01078,TXN_006118,123.25,card,success,,2,3,0,1499,False,,False,0.0
CUST_02522,TXN_006119,168.82,card,success,,2,6,1,317,False,,False,0.0
CUST_01350,TXN_006120,27.47,card,success,,1,9,1,1237,False,,False,0.0
CUST_01153,TXN_006121,56.74,wallet,success,,3,11,2,413,False,,False,0.0
CUST_02989,TXN_006122,35.42,upi,success,,1,9,2,1182,False,,False,0.0
CUST_04012,TXN_006123,19.97,upi,success,,1,12,0,1070,False,,False,0.0
CUST_02210,TXN_006124,41.13,netbanking,success,,1,12,1,986,False,,False,0.0
CUST_00694,TXN_006125,56.67,card,success,,2,10,1,1204,False,,False,0.0
CUST_01223,TXN_006126,39.39,card,success,,2,9,1,1003,False,,False,0.0
CUST_00823,TXN_006127,16.36,upi,failed,network_error,3,9,2,1276,False,,False,0.0
CUST_04414,TXN_006128,22.85,wallet,failed,network_error,3,9,0,505,False,,False,0.0
CUST_01598,TXN_006129,22.99,card,success,,1,14,2,810,False,,False,0.0
CUST_01870,TXN_006130,16.88,upi,success,,2,11,0,56,False,,False,0.0
CUST_00356,TXN_006131,42.56,wallet,success,,2,7,0,791,False,,False,0.0
CUST_02230,TXN_006132,46.27,upi,success,,3,13,1,250,False,,False,0.0
CUST_04569,TXN_006133,72.5,upi,failed,authentication_failed,2,6,2,803,False,,False,0.0
CUST_02049,TXN_006134,16.67,card,success,,2,8,2,74,False,,False,0.0
CUST_03256,TXN_006135,20.86,card,success,,3,12,2,1232,False,,False,0.0
CUST_00910,TXN_006136,114.85,card,success,,2,10,1,464,False,,False,0.0
CUST_00715,TXN_006137,29.03,card,success,,2,6,1,1094,False,,False,0.0
CUST_03658,TXN_006138,33.92,netbanking,success,,1,16,1,676,False,,False,0.0
CUST_00329,TXN_006139,28.79,upi,success,,3,9,3,514,False,,False,0.0
CUST_02242,TXN_006140,81.98,netbanking,success,,1,7,1,921,False,,False,0.0
CUST_01584,TXN_006141,84.56,card,success,,3,6,1,990,False,,False,0.0
CUST_00082,TXN_006142,80.69,card,success,,1,10,2,5,False,,False,0.0
CUST_02656,TXN_006143,33.83,netbanking,success,,2,9,0,1216,False,,False,0.0
CUST_04820,TXN_006144,16.48,card,success,,1,4,2,1449,False,,False,0.0
CUST_00346,TXN_006145,154.5,card,success,,1,9,3,1114,False,,False,0.0
CUST_04079,TXN_006146,65.7,card,success,,3,7,4,1184,False,,False,0.0
CUST_02696,TXN_006147,22.98,card,success,,3,14,3,556,False,,False,0.0
CUST_03618,TXN_006148,103.45,card,success,,2,5,2,515,False,,False,0.0
CUST_00483,TXN_006149,21.57,card,success,,1,8,3,23,False,,False,0.0
CUST_04345,TXN_006150,102.37,netbanking,success,,1,5,4,1459,False,,False,0.0
CUST_00058,TXN_006151,108.05,card,success,,3,8,3,1294,False,,False,0.0
CUST_04534,TXN_006152,15.84,upi,success,,3,10,0,925,False,,False,0.0
CUST_03289,TXN_006153,52.74,upi,success,,2,10,3,383,False,,False,0.0
CUST_01688,TXN_006154,61.91,upi,success,,1,12,3,1375,False,,False,0.0
CUST_00036,TXN_006155,268.25,upi,success,,3,3,0,862,False,,False,0.0
CUST_03055,TXN_006156,18.29,card,failed,expired_card,3,11,2,383,False,,False,0.0
CUST_00438,TXN_006157,104.17,card,success,,2,8,2,351,False,,False,0.0
CUST_03044,TXN_006158,33.58,upi,success,,3,5,0,826,False,,False,0.0
CUST_03865,TXN_006159,12.27,wallet,success,,3,10,1,1471,False,,False,0.0
CUST_01337,TXN_006160,30.08,card,success,,1,8,1,508,False,,False,0.0
CUST_01194,TXN_006161,33.18,upi,success,,3,6,1,735,False,,False,0.0
CUST_01110,TXN_006162,14.19,wallet,success,,1,9,2,1297,False,,False,0.0
CUST_01124,TXN_006163,42.51,netbanking,success,,1,11,2,1333,False,,False,0.0
CUST_00570,TXN_006164,71.25,netbanking,success,,3,8,2,603,False,,False,0.0
CUST_01249,TXN_006165,40.07,upi,success,,1,9,3,818,False,,False,0.0
CUST_03296,TXN_006166,21.47,netbanking,success,,3,9,1,850,False,,False,0.0
CUST_01513,TXN_006167,29.41,upi,success,,2,7,3,648,False,,False,0.0
CUST_03904,TXN_006168,33.0,upi,failed,network_error,3,9,0,240,True,send_reminder,False,0.0
CUST_04096,TXN_006169,39.4,netbanking,success,,1,4,2,732,False,,False,0.0
CUST_03805,TXN_006170,80.47,card,success,,1,9,2,1130,False,,False,0.0
CUST_02698,TXN_006171,41.16,wallet,success,,2,7,3,630,False,,False,0.0
CUST_01582,TXN_006172,10.78,wallet,success,,2,6,2,4,False,,False,0.0
CUST_04649,TXN_006173,21.12,upi,success,,2,11,3,714,False,,False,0.0
CUST_01027,TXN_006174,37.82,card,success,,1,8,0,1498,False,,False,0.0
CUST_02323,TXN_006175,81.39,netbanking,success,,3,10,4,875,False,,False,0.0
CUST_02268,TXN_006176,93.53,card,success,,2,5,3,519,False,,False,0.0
CUST_03728,TXN_006177,136.97,upi,success,,3,10,0,1438,False,,False,0.0
CUST_02734,TXN_006178,36.76,card,failed,network_error,1,9,1,10,True,update_payment_method,False,0.0
CUST_03997,TXN_006179,60.99,netbanking,success,,3,7,3,1181,False,,False,0.0
CUST_04595,TXN_006180,10.34,wallet,failed,authentication_failed,3,13,0,270,True,update_payment_method,True,10.34
CUST_01953,TXN_006181,46.71,card,success,,1,12,0,1185,False,,False,0.0
CUST_04374,TXN_006182,14.01,upi,success,,2,5,1,794,False,,False,0.0
CUST_00849,TXN_006183,31.5,netbanking,success,,3,7,0,1260,False,,False,0.0
CUST_04580,TXN_006184,373.86,card,failed,expired_card,3,3,0,1422,True,send_reminder,False,0.0
CUST_00890,TXN_006185,42.22,card,success,,2,4,1,246,False,,False,0.0
CUST_04251,TXN_006186,16.59,card,success,,1,6,1,692,False,,False,0.0
CUST_01951,TXN_006187,45.89,netbanking,success,,1,10,3,418,False,,False,0.0
CUST_04822,TXN_006188,21.9,upi,success,,3,3,2,691,False,,False,0.0
CUST_00646,TXN_006189,15.35,card,success,,1,9,1,1190,False,,False,0.0
CUST_02328,TXN_006190,178.13,card,success,,2,9,3,621,False,,False,0.0
CUST_04509,TXN_006191,77.75,upi,failed,network_error,3,9,1,561,False,,False,0.0
CUST_00238,TXN_006192,43.66,card,success,,3,13,3,314,False,,False,0.0
CUST_01325,TXN_006193,24.2,upi,failed,network_error,2,12,0,1078,True,retry_payment,True,24.2
CUST_00418,TXN_006194,25.83,card,success,,3,12,1,212,False,,False,0.0
CUST_01607,TXN_006195,113.75,netbanking,success,,2,7,4,1169,False,,False,0.0
CUST_01951,TXN_006196,42.32,upi,success,,1,7,0,913,False,,False,0.0
CUST_03094,TXN_006197,2.81,netbanking,success,,2,7,3,701,False,,False,0.0
CUST_01289,TXN_006198,229.69,card,success,,3,9,2,1048,False,,False,0.0
CUST_00794,TXN_006199,38.34,upi,success,,2,11,2,815,False,,False,0.0
CUST_00850,TXN_006200,43.58,netbanking,success,,2,5,1,1155,False,,False,0.0
CUST_04692,TXN_006201,78.99,upi,success,,3,11,1,1407,False,,False,0.0
CUST_04766,TXN_006202,48.05,card,success,,1,8,3,1077,False,,False,0.0
CUST_01107,TXN_006203,60.19,card,success,,2,7,0,1146,False,,False,0.0
CUST_00977,TXN_006204,23.59,upi,success,,1,7,3,40,False,,False,0.0
CUST_00271,TXN_006205,12.38,upi,failed,expired_card,1,5,1,1291,True,update_payment_method,True,12.38
CUST_04796,TXN_006206,41.44,wallet,success,,3,7,0,722,False,,False,0.0
CUST_03531,TXN_006207,104.09,netbanking,failed,network_error,3,4,3,323,True,offer_support,False,0.0
CUST_03804,TXN_006208,19.72,upi,failed,authentication_failed,3,6,1,1286,True,update_payment_method,True,19.72
CUST_01453,TXN_006209,18.5,wallet,failed,expired_card,2,10,1,59,True,retry_payment,True,18.5
CUST_03205,TXN_006210,87.95,upi,success,,2,6,0,127,False,,False,0.0
CUST_00299,TXN_006211,22.97,card,success,,1,3,0,626,False,,False,0.0
CUST_03380,TXN_006212,23.84,card,success,,1,11,2,964,False,,False,0.0
CUST_02898,TXN_006213,24.57,netbanking,success,,1,5,2,622,False,,False,0.0
CUST_01658,TXN_006214,31.44,card,success,,2,13,2,845,False,,False,0.0
CUST_03552,TXN_006215,9.4,wallet,success,,2,10,1,874,False,,False,0.0
CUST_03232,TXN_006216,21.51,card,success,,1,8,2,1181,False,,False,0.0
CUST_02195,TXN_006217,39.82,card,success,,3,6,5,353,False,,False,0.0
CUST_00934,TXN_006218,39.59,netbanking,success,,2,6,0,657,False,,False,0.0
CUST_00118,TXN_006219,83.63,netbanking,failed,expired_card,2,5,1,1332,True,update_payment_method,False,0.0
CUST_04688,TXN_006220,144.25,netbanking,success,,2,9,0,1095,False,,False,0.0
CUST_01407,TXN_006221,111.05,card,success,,2,10,2,899,False,,False,0.0
CUST_01509,TXN_006222,68.84,card,success,,2,11,0,2,False,,False,0.0
CUST_03405,TXN_006223,29.4,upi,failed,expired_card,3,3,3,459,True,retry_payment,True,29.4
CUST_01276,TXN_006224,20.12,wallet,success,,3,11,2,591,False,,False,0.0
CUST_01879,TXN_006225,33.59,card,success,,1,10,3,700,False,,False,0.0
CUST_03556,TXN_006226,52.9,upi,success,,3,4,4,261,False,,False,0.0
CUST_02977,TXN_006227,63.91,card,success,,2,11,1,86,False,,False,0.0
CUST_03282,TXN_006228,54.51,upi,success,,1,6,1,187,False,,False,0.0
CUST_00024,TXN_006229,30.06,card,success,,3,8,2,343,False,,False,0.0
CUST_02257,TXN_006230,62.15,wallet,failed,network_error,2,7,4,960,True,offer_support,True,62.15
CUST_02376,TXN_006231,90.8,card,success,,1,10,3,857,False,,False,0.0
CUST_03162,TXN_006232,66.96,upi,success,,2,3,4,1187,False,,False,0.0
CUST_00758,TXN_006233,32.28,netbanking,success,,2,9,3,19,False,,False,0.0
CUST_00798,TXN_006234,17.0,card,failed,network_error,1,13,1,1339,True,offer_support,False,0.0
CUST_03812,TXN_006235,16.68,card,success,,3,5,2,1010,False,,False,0.0
CUST_03366,TXN_006236,19.2,upi,failed,authentication_failed,2,4,3,172,False,,False,0.0
CUST_04056,TXN_006237,40.68,upi,success,,2,6,0,372,False,,False,0.0
CUST_01353,TXN_006238,50.19,upi,success,,1,13,2,1318,False,,False,0.0
CUST_04988,TXN_006239,10.68,upi,success,,2,3,2,1249,False,,False,0.0
CUST_01364,TXN_006240,22.13,card,success,,1,6,0,621,False,,False,0.0
CUST_03255,TXN_006241,40.23,wallet,failed,expired_card,1,14,2,1103,False,,False,0.0
CUST_00811,TXN_006242,16.12,card,success,,3,9,0,525,False,,False,0.0
CUST_04592,TXN_006243,46.86,upi,failed,card_declined,3,12,0,1347,False,,False,0.0
CUST_01662,TXN_006244,25.9,wallet,failed,insufficient_funds,2,13,0,136,True,send_reminder,True,25.9
CUST_04012,TXN_006245,18.56,wallet,success,,3,4,4,377,False,,False,0.0
CUST_01656,TXN_006246,34.56,card,success,,3,5,1,204,False,,False,0.0
CUST_03954,TXN_006247,45.32,card,success,,3,7,2,752,False,,False,0.0
CUST_02271,TXN_006248,16.8,upi,success,,1,6,2,1108,False,,False,0.0
CUST_00313,TXN_006249,27.27,card,success,,1,6,2,1218,False,,False,0.0
CUST_00952,TXN_006250,48.14,upi,success,,3,9,2,580,False,,False,0.0
CUST_03417,TXN_006251,18.0,upi,success,,1,12,1,939,False,,False,0.0
CUST_00965,TXN_006252,8.79,card,success,,2,11,2,131,False,,False,0.0
CUST_01377,TXN_006253,9.69,card,success,,3,6,2,198,False,,False,0.0
CUST_02709,TXN_006254,23.7,upi,success,,3,9,1,242,False,,False,0.0
CUST_01265,TXN_006255,11.53,netbanking,success,,2,8,2,256,False,,False,0.0
CUST_00645,TXN_006256,25.07,card,success,,1,6,4,529,False,,False,0.0
CUST_03121,TXN_006257,125.46,card,success,,1,6,3,1445,False,,False,0.0
CUST_03444,TXN_006258,10.99,card,success,,2,8,1,174,False,,False,0.0
CUST_03665,TXN_006259,26.41,upi,success,,3,8,0,838,False,,False,0.0
CUST_04719,TXN_006260,182.33,netbanking,success,,3,5,1,1209,False,,False,0.0
CUST_00623,TXN_006261,45.9,netbanking,success,,3,11,3,654,False,,False,0.0
CUST_02134,TXN_006262,24.68,wallet,success,,1,11,2,1271,False,,False,0.0
CUST_01170,TXN_006263,29.21,upi,success,,1,10,0,1444,False,,False,0.0
CUST_04505,TXN_006264,46.69,netbanking,success,,1,7,1,1294,False,,False,0.0
CUST_02699,TXN_006265,128.59,card,success,,1,5,4,1279,False,,False,0.0
CUST_00492,TXN_006266,21.66,upi,success,,2,6,0,1035,False,,False,0.0
CUST_03461,TXN_006267,18.06,upi,success,,1,8,3,546,False,,False,0.0
CUST_00215,TXN_006268,10.99,netbanking,success,,3,10,3,281,False,,False,0.0
CUST_01371,TXN_006269,35.96,netbanking,success,,2,3,0,725,False,,False,0.0
CUST_03607,TXN_006270,10.76,card,success,,1,8,2,917,False,,False,0.0
CUST_02530,TXN_006271,22.85,netbanking,success,,2,7,1,485,False,,False,0.0
CUST_03805,TXN_006272,16.01,netbanking,success,,1,8,2,1211,False,,False,0.0
CUST_02856,TXN_006273,78.2,wallet,success,,3,6,1,444,False,,False,0.0
CUST_04215,TXN_006274,22.05,upi,failed,insufficient_funds,3,13,2,1225,False,,False,0.0
CUST_02813,TXN_006275,45.49,wallet,success,,3,11,1,193,False,,False,0.0
CUST_00285,TXN_006276,9.18,netbanking,success,,2,10,1,555,False,,False,0.0
CUST_00357,TXN_006277,36.79,upi,success,,2,7,0,760,False,,False,0.0
CUST_03884,TXN_006278,12.65,card,success,,1,8,2,1380,False,,False,0.0
CUST_00193,TXN_006279,23.56,netbanking,success,,1,5,2,190,False,,False,0.0
CUST_01883,TXN_006280,194.21,netbanking,success,,2,10,2,855,False,,False,0.0
CUST_00081,TXN_006281,69.81,upi,failed,authentication_failed,3,10,1,876,True,update_payment_method,True,69.81
CUST_01517,TXN_006282,29.88,wallet,success,,1,13,1,404,False,,False,0.0
CUST_02976,TXN_006283,428.01,card,success,,3,12,2,1412,False,,False,0.0
CUST_00865,TXN_006284,15.92,upi,success,,2,8,2,41,False,,False,0.0
CUST_02331,TXN_006285,84.11,card,success,,2,6,1,452,False,,False,0.0
CUST_04980,TXN_006286,9.72,upi,success,,1,10,0,906,False,,False,0.0
CUST_00353,TXN_006287,27.24,card,success,,3,5,2,1338,False,,False,0.0
CUST_00319,TXN_006288,11.27,card,failed,card_declined,2,9,2,1361,True,update_payment_method,True,11.27
CUST_01356,TXN_006289,40.68,card,success,,2,3,0,1256,False,,False,0.0
CUST_04135,TXN_006290,34.63,card,success,,2,7,1,94,False,,False,0.0
CUST_02029,TXN_006291,25.89,card,success,,3,9,1,77,False,,False,0.0
CUST_03197,TXN_006292,79.33,upi,success,,1,10,1,871,False,,False,0.0
CUST_00170,TXN_006293,21.04,card,success,,1,9,0,9,False,,False,0.0
CUST_03675,TXN_006294,43.01,card,success,,2,7,0,618,False,,False,0.0
CUST_00338,TXN_006295,63.84,card,failed,insufficient_funds,3,9,3,716,True,send_reminder,False,0.0
CUST_03558,TXN_006296,10.11,card,success,,3,15,1,743,False,,False,0.0
CUST_00740,TXN_006297,18.2,card,success,,1,7,0,478,False,,False,0.0
CUST_04292,TXN_006298,34.57,wallet,success,,2,2,1,765,False,,False,0.0
CUST_01481,TXN_006299,54.82,upi,success,,3,4,0,827,False,,False,0.0
CUST_00919,TXN_006300,103.23,card,success,,3,9,1,591,False,,False,0.0
CUST_01684,TXN_006301,27.86,upi,success,,1,11,2,557,False,,False,0.0
CUST_00005,TXN_006302,25.71,card,success,,3,10,1,757,False,,False,0.0
CUST_00826,TXN_006303,16.48,upi,success,,3,10,0,601,False,,False,0.0
CUST_02993,TXN_006304,43.12,wallet,failed,expired_card,1,10,1,508,True,offer_support,False,0.0
CUST_01504,TXN_006305,26.11,card,failed,card_declined,3,3,3,817,True,retry_payment,True,26.11
CUST_01769,TXN_006306,26.6,card,success,,2,12,1,749,False,,False,0.0
CUST_04036,TXN_006307,30.72,upi,failed,expired_card,3,8,2,487,True,send_reminder,True,30.72
CUST_00619,TXN_006308,51.49,card,success,,3,5,1,673,False,,False,0.0
CUST_01980,TXN_006309,21.09,card,success,,1,6,0,62,False,,False,0.0
CUST_00931,TXN_006310,17.85,upi,success,,3,10,3,587,False,,False,0.0
CUST_02414,TXN_006311,46.78,upi,success,,2,13,0,997,False,,False,0.0
CUST_01659,TXN_006312,2.94,card,success,,3,6,0,977,False,,False,0.0
CUST_00232,TXN_006313,20.43,netbanking,success,,1,9,2,754,False,,False,0.0
CUST_00352,TXN_006314,13.18,card,success,,1,13,0,503,False,,False,0.0
CUST_04261,TXN_006315,86.71,card,success,,1,8,1,791,False,,False,0.0
CUST_00285,TXN_006316,23.27,upi,success,,3,5,3,1159,False,,False,0.0
CUST_03913,TXN_006317,21.15,upi,failed,card_declined,2,10,2,1465,True,retry_payment,False,0.0
CUST_04580,TXN_006318,31.85,upi,success,,1,6,1,396,False,,False,0.0
CUST_02329,TXN_006319,20.57,upi,success,,3,15,1,897,False,,False,0.0
CUST_01561,TXN_006320,24.0,upi,success,,2,14,0,1480,False,,False,0.0
CUST_03881,TXN_006321,35.79,netbanking,failed,card_declined,2,4,5,341,False,,False,0.0
CUST_04911,TXN_006322,23.63,upi,success,,3,10,3,1421,False,,False,0.0
CUST_00603,TXN_006323,23.49,card,success,,3,15,3,179,False,,False,0.0
CUST_04821,TXN_006324,14.76,netbanking,success,,2,15,0,459,False,,False,0.0
CUST_04718,TXN_006325,13.16,card,success,,3,9,2,1457,False,,False,0.0
CUST_00713,TXN_006326,34.76,netbanking,success,,2,6,4,77,False,,False,0.0
CUST_00274,TXN_006327,42.32,card,failed,authentication_failed,3,7,1,614,False,,False,0.0
CUST_03574,TXN_006328,10.56,upi,success,,3,8,3,160,False,,False,0.0
CUST_00389,TXN_006329,60.82,upi,success,,1,8,1,1283,False,,False,0.0
CUST_03004,TXN_006330,61.02,upi,failed,network_error,3,7,7,1220,True,offer_support,True,61.02
CUST_00324,TXN_006331,72.22,card,success,,2,7,1,1293,False,,False,0.0
CUST_03453,TXN_006332,42.09,card,success,,2,7,3,268,False,,False,0.0
CUST_01159,TXN_006333,55.13,netbanking,success,,2,13,1,759,False,,False,0.0
CUST_00481,TXN_006334,190.19,wallet,success,,2,10,2,1256,False,,False,0.0
CUST_00334,TXN_006335,26.02,upi,success,,3,7,2,423,False,,False,0.0
CUST_00943,TXN_006336,14.35,card,success,,1,4,1,1120,False,,False,0.0
CUST_02704,TXN_006337,9.71,card,success,,1,5,0,1036,False,,False,0.0
CUST_00384,TXN_006338,134.9,upi,failed,network_error,1,6,1,208,True,retry_payment,True,134.9
CUST_04011,TXN_006339,136.32,card,success,,1,11,0,99,False,,False,0.0
CUST_03021,TXN_006340,15.8,netbanking,success,,1,12,2,729,False,,False,0.0
CUST_01487,TXN_006341,18.51,upi,success,,1,8,0,1416,False,,False,0.0
CUST_04932,TXN_006342,25.55,card,success,,2,12,4,1023,False,,False,0.0
CUST_03293,TXN_006343,88.18,card,success,,3,7,0,1258,False,,False,0.0
CUST_03360,TXN_006344,11.82,card,success,,2,5,2,657,False,,False,0.0
CUST_00870,TXN_006345,6.87,upi,failed,authentication_failed,1,9,1,1166,False,,False,0.0
CUST_03554,TXN_006346,187.54,upi,success,,1,17,2,534,False,,False,0.0
CUST_02796,TXN_006347,42.52,card,failed,insufficient_funds,3,7,5,927,False,,False,0.0
CUST_04922,TXN_006348,47.63,upi,success,,1,5,2,1437,False,,False,0.0
CUST_02390,TXN_006349,28.1,card,success,,3,6,2,11,False,,False,0.0
CUST_03390,TXN_006350,48.07,upi,success,,1,10,0,646,False,,False,0.0
CUST_01706,TXN_006351,9.86,netbanking,failed,authentication_failed,2,7,3,369,True,retry_payment,False,0.0
CUST_00201,TXN_006352,16.9,card,success,,3,7,2,59,False,,False,0.0
CUST_00640,TXN_006353,36.02,card,success,,3,7,1,866,False,,False,0.0
CUST_04335,TXN_006354,5.38,netbanking,success,,1,12,1,1021,False,,False,0.0
CUST_03690,TXN_006355,26.0,card,success,,2,7,2,123,False,,False,0.0
CUST_01824,TXN_006356,24.75,card,success,,2,10,1,52,False,,False,0.0
CUST_03489,TXN_006357,25.99,netbanking,success,,3,14,2,24,False,,False,0.0
CUST_00022,TXN_006358,21.31,upi,success,,3,7,0,898,False,,False,0.0
CUST_00186,TXN_006359,14.93,wallet,success,,1,7,1,1366,False,,False,0.0
CUST_02536,TXN_006360,7.71,upi,success,,3,8,2,1278,False,,False,0.0
CUST_03125,TXN_006361,37.18,upi,success,,2,8,2,930,False,,False,0.0
CUST_04685,TXN_006362,26.05,card,success,,3,11,1,747,False,,False,0.0
CUST_03798,TXN_006363,11.02,card,success,,1,3,0,1472,False,,False,0.0
CUST_01287,TXN_006364,34.81,upi,success,,1,3,0,789,False,,False,0.0
CUST_04075,TXN_006365,26.15,card,success,,1,9,3,418,False,,False,0.0
CUST_02458,TXN_006366,22.9,upi,success,,1,9,2,1006,False,,False,0.0
CUST_04130,TXN_006367,5.9,card,success,,3,16,3,1277,False,,False,0.0
CUST_00869,TXN_006368,57.18,card,success,,1,9,0,1238,False,,False,0.0
CUST_00132,TXN_006369,12.35,upi,success,,2,16,1,1457,False,,False,0.0
CUST_00289,TXN_006370,34.83,upi,success,,3,7,4,847,False,,False,0.0
CUST_04954,TXN_006371,17.35,card,success,,1,6,1,1199,False,,False,0.0
CUST_00403,TXN_006372,24.26,netbanking,success,,1,10,1,667,False,,False,0.0
CUST_04696,TXN_006373,83.25,card,success,,2,6,2,763,False,,False,0.0
CUST_03635,TXN_006374,50.67,card,success,,2,9,4,452,False,,False,0.0
CUST_00731,TXN_006375,81.78,wallet,success,,3,9,0,1495,False,,False,0.0
CUST_04320,TXN_006376,43.13,wallet,success,,1,8,0,563,False,,False,0.0
CUST_00721,TXN_006377,45.46,card,success,,3,10,2,1047,False,,False,0.0
CUST_00717,TXN_006378,7.97,card,failed,authentication_failed,2,12,1,1362,True,send_reminder,True,7.97
CUST_02878,TXN_006379,25.69,netbanking,success,,2,9,4,1094,False,,False,0.0
CUST_01442,TXN_006380,27.66,upi,success,,2,9,0,1242,False,,False,0.0
CUST_01454,TXN_006381,88.14,card,failed,insufficient_funds,3,5,0,59,True,send_reminder,True,88.14
CUST_00975,TXN_006382,22.09,card,success,,2,11,2,109,False,,False,0.0
CUST_03038,TXN_006383,40.93,card,success,,2,4,2,537,False,,False,0.0
CUST_00135,TXN_006384,39.67,netbanking,success,,1,12,1,1021,False,,False,0.0
CUST_01226,TXN_006385,83.61,upi,success,,1,9,0,654,False,,False,0.0
CUST_02767,TXN_006386,29.76,card,success,,2,7,1,1222,False,,False,0.0
CUST_02433,TXN_006387,64.21,card,success,,1,14,0,418,False,,False,0.0
CUST_03499,TXN_006388,8.47,card,success,,1,7,3,285,False,,False,0.0
CUST_01081,TXN_006389,9.1,upi,failed,expired_card,1,2,2,303,True,offer_support,True,9.1
CUST_03239,TXN_006390,5.33,netbanking,success,,2,9,2,1040,False,,False,0.0
CUST_03799,TXN_006391,62.1,upi,success,,3,7,0,1064,False,,False,0.0
CUST_01940,TXN_006392,56.77,netbanking,success,,3,5,1,289,False,,False,0.0
CUST_01284,TXN_006393,67.86,card,success,,3,8,3,986,False,,False,0.0
CUST_02775,TXN_006394,19.26,upi,failed,expired_card,2,14,2,516,True,update_payment_method,True,19.26
CUST_02894,TXN_006395,21.1,card,success,,1,10,3,744,False,,False,0.0
CUST_00471,TXN_006396,30.06,card,success,,1,3,1,1179,False,,False,0.0
CUST_02825,TXN_006397,105.1,upi,success,,3,13,3,449,False,,False,0.0
CUST_00772,TXN_006398,128.39,netbanking,success,,2,11,1,14,False,,False,0.0
CUST_02844,TXN_006399,62.49,card,success,,3,6,3,183,False,,False,0.0
CUST_04659,TXN_006400,43.16,upi,success,,2,4,3,439,False,,False,0.0
CUST_02685,TXN_006401,96.38,netbanking,success,,3,10,2,626,False,,False,0.0
CUST_03807,TXN_006402,26.99,netbanking,success,,2,13,3,214,False,,False,0.0
CUST_01549,TXN_006403,24.22,upi,success,,3,8,0,93,False,,False,0.0
CUST_04613,TXN_006404,29.87,card,success,,1,11,1,847,False,,False,0.0
CUST_04063,TXN_006405,15.14,netbanking,success,,2,7,4,677,False,,False,0.0
CUST_04583,TXN_006406,28.79,card,failed,insufficient_funds,3,14,2,1213,False,,False,0.0
CUST_03708,TXN_006407,13.55,card,success,,3,10,2,188,False,,False,0.0
CUST_03247,TXN_006408,75.19,card,success,,2,9,1,966,False,,False,0.0
CUST_02625,TXN_006409,51.16,upi,success,,3,10,1,902,False,,False,0.0
CUST_04641,TXN_006410,103.92,upi,success,,2,11,1,940,False,,False,0.0
CUST_04241,TXN_006411,8.99,netbanking,success,,3,3,0,1429,False,,False,0.0
CUST_02084,TXN_006412,151.62,upi,success,,1,6,1,408,False,,False,0.0
CUST_00429,TXN_006413,9.41,wallet,failed,authentication_failed,3,9,4,727,False,,False,0.0
CUST_00019,TXN_006414,12.7,upi,success,,3,8,2,1405,False,,False,0.0
CUST_01168,TXN_006415,20.15,upi,success,,1,9,2,1365,False,,False,0.0
CUST_00313,TXN_006416,94.27,card,success,,1,8,1,1156,False,,False,0.0
CUST_01058,TXN_006417,39.66,card,success,,3,9,2,870,False,,False,0.0
CUST_00548,TXN_006418,27.25,upi,success,,3,14,1,1417,False,,False,0.0
CUST_04905,TXN_006419,17.56,upi,failed,network_error,1,6,1,485,False,,False,0.0
CUST_00477,TXN_006420,11.01,card,success,,1,5,0,1269,False,,False,0.0
CUST_03134,TXN_006421,81.95,upi,failed,authentication_failed,1,7,3,1137,True,send_reminder,True,81.95
CUST_01759,TXN_006422,62.73,card,success,,1,11,1,1404,False,,False,0.0
CUST_00871,TXN_006423,97.71,card,success,,2,7,0,46,False,,False,0.0
CUST_03506,TXN_006424,45.49,card,success,,3,3,1,1390,False,,False,0.0
CUST_04852,TXN_006425,4.0,card,success,,1,13,0,590,False,,False,0.0
CUST_03953,TXN_006426,12.24,card,success,,2,5,0,801,False,,False,0.0
CUST_04876,TXN_006427,48.03,netbanking,success,,1,9,2,750,False,,False,0.0
CUST_02951,TXN_006428,24.64,netbanking,success,,1,5,3,860,False,,False,0.0
CUST_03368,TXN_006429,21.18,card,success,,3,12,1,609,False,,False,0.0
CUST_00733,TXN_006430,13.7,card,success,,3,8,2,136,False,,False,0.0
CUST_04262,TXN_006431,70.67,upi,success,,3,4,1,970,False,,False,0.0
CUST_03739,TXN_006432,47.7,card,failed,card_declined,3,9,1,139,True,offer_support,False,0.0
CUST_01270,TXN_006433,49.45,netbanking,success,,1,12,1,50,False,,False,0.0
CUST_01774,TXN_006434,19.95,upi,success,,2,9,0,915,False,,False,0.0
CUST_03054,TXN_006435,38.13,netbanking,success,,3,12,2,1125,False,,False,0.0
CUST_00065,TXN_006436,11.36,card,success,,2,9,1,895,False,,False,0.0
CUST_04089,TXN_006437,29.85,wallet,success,,3,9,0,796,False,,False,0.0
CUST_01403,TXN_006438,4.38,netbanking,failed,authentication_failed,2,8,3,489,True,retry_payment,False,0.0
CUST_00375,TXN_006439,9.45,upi,failed,network_error,1,6,2,630,True,retry_payment,True,9.45
CUST_01653,TXN_006440,25.59,wallet,success,,2,9,2,1069,False,,False,0.0
CUST_04179,TXN_006441,221.43,upi,success,,3,6,0,1137,False,,False,0.0
CUST_01371,TXN_006442,7.84,card,success,,3,7,1,852,False,,False,0.0
CUST_02696,TXN_006443,12.25,upi,failed,insufficient_funds,1,10,3,1177,True,update_payment_method,False,0.0
CUST_04059,TXN_006444,39.39,netbanking,success,,2,7,3,571,False,,False,0.0
CUST_00169,TXN_006445,136.39,netbanking,success,,2,7,0,180,False,,False,0.0
CUST_03799,TXN_006446,38.93,upi,failed,expired_card,1,8,0,891,False,,False,0.0
CUST_01444,TXN_006447,58.07,upi,success,,1,5,0,403,False,,False,0.0
CUST_03478,TXN_006448,25.28,card,success,,1,10,2,539,False,,False,0.0
CUST_00941,TXN_006449,22.01,card,success,,1,7,1,320,False,,False,0.0
CUST_00695,TXN_006450,35.37,upi,success,,2,4,2,1305,False,,False,0.0
CUST_03941,TXN_006451,19.56,card,success,,1,11,0,1052,False,,False,0.0
CUST_04039,TXN_006452,59.11,card,success,,2,10,0,482,False,,False,0.0
CUST_04906,TXN_006453,9.16,netbanking,success,,2,10,2,999,False,,False,0.0
CUST_03386,TXN_006454,67.49,upi,success,,2,3,0,1220,False,,False,0.0
CUST_02329,TXN_006455,34.17,upi,success,,3,9,2,1093,False,,False,0.0
CUST_00974,TXN_006456,27.89,card,success,,1,10,0,467,False,,False,0.0
CUST_01476,TXN_006457,8.9,card,success,,1,3,0,174,False,,False,0.0
CUST_03240,TXN_006458,15.12,upi,success,,2,9,2,25,False,,False,0.0
CUST_01731,TXN_006459,86.39,netbanking,success,,1,4,2,116,False,,False,0.0
CUST_02418,TXN_006460,28.03,card,success,,3,10,0,762,False,,False,0.0
CUST_00841,TXN_006461,41.38,netbanking,success,,2,5,1,242,False,,False,0.0
CUST_02197,TXN_006462,16.39,netbanking,success,,1,6,1,891,False,,False,0.0
CUST_01190,TXN_006463,32.35,netbanking,success,,1,11,2,1046,False,,False,0.0
CUST_00561,TXN_006464,11.05,upi,success,,3,11,0,404,False,,False,0.0
CUST_00660,TXN_006465,35.87,card,success,,2,7,1,112,False,,False,0.0
CUST_02592,TXN_006466,44.55,netbanking,success,,2,7,1,54,False,,False,0.0
CUST_01832,TXN_006467,42.8,upi,success,,1,9,4,1095,False,,False,0.0
CUST_00500,TXN_006468,16.07,card,success,,3,9,4,766,False,,False,0.0
CUST_02571,TXN_006469,25.19,card,success,,3,6,0,1487,False,,False,0.0
CUST_00822,TXN_006470,50.89,upi,success,,2,7,2,861,False,,False,0.0
CUST_00078,TXN_006471,27.96,upi,success,,3,10,2,387,False,,False,0.0
CUST_00663,TXN_006472,26.32,netbanking,success,,2,10,0,150,False,,False,0.0
CUST_02243,TXN_006473,151.83,card,success,,3,12,0,680,False,,False,0.0
CUST_04770,TXN_006474,15.47,card,failed,insufficient_funds,3,8,0,578,False,,False,0.0
CUST_01209,TXN_006475,78.6,wallet,success,,2,8,2,473,False,,False,0.0
CUST_01425,TXN_006476,13.15,card,success,,2,13,1,779,False,,False,0.0
CUST_01214,TXN_006477,55.91,card,success,,3,6,2,849,False,,False,0.0
CUST_01776,TXN_006478,58.35,netbanking,success,,1,9,1,857,False,,False,0.0
CUST_03586,TXN_006479,22.01,wallet,success,,2,14,1,922,False,,False,0.0
CUST_01611,TXN_006480,12.5,upi,success,,3,7,2,1003,False,,False,0.0
CUST_03288,TXN_006481,6.85,card,success,,1,12,3,981,False,,False,0.0
CUST_04491,TXN_006482,20.25,upi,success,,2,8,0,180,False,,False,0.0
CUST_04730,TXN_006483,50.45,netbanking,failed,expired_card,3,2,0,138,False,,False,0.0
CUST_02815,TXN_006484,13.98,netbanking,success,,3,6,1,1022,False,,False,0.0
CUST_03566,TXN_006485,35.79,card,success,,2,7,1,549,False,,False,0.0
CUST_04595,TXN_006486,10.16,netbanking,success,,1,11,1,850,False,,False,0.0
CUST_03933,TXN_006487,27.46,upi,success,,1,16,0,244,False,,False,0.0
CUST_01500,TXN_006488,13.23,card,success,,3,6,2,313,False,,False,0.0
CUST_00661,TXN_006489,31.11,card,success,,2,10,1,881,False,,False,0.0
CUST_00575,TXN_006490,22.18,card,failed,expired_card,3,6,3,488,True,update_payment_method,True,22.18
CUST_04410,TXN_006491,12.78,wallet,success,,1,3,3,584,False,,False,0.0
CUST_02781,TXN_006492,19.55,card,success,,2,4,1,1,False,,False,0.0
CUST_01482,TXN_006493,15.68,upi,failed,card_declined,1,9,1,1469,True,update_payment_method,False,0.0
CUST_01728,TXN_006494,11.58,card,success,,1,4,3,1243,False,,False,0.0
CUST_01409,TXN_006495,78.74,netbanking,success,,1,3,2,451,False,,False,0.0
CUST_04009,TXN_006496,24.83,upi,success,,2,3,2,1193,False,,False,0.0
CUST_03062,TXN_006497,5.69,wallet,success,,1,11,2,878,False,,False,0.0
CUST_04397,TXN_006498,20.11,upi,success,,1,13,2,997,False,,False,0.0
CUST_01509,TXN_006499,68.84,netbanking,success,,3,7,4,989,False,,False,0.0
CUST_02363,TXN_006500,18.01,upi,success,,2,5,1,258,False,,False,0.0
CUST_00609,TXN_006501,109.75,upi,success,,2,9,0,1496,False,,False,0.0
CUST_04856,TXN_006502,16.69,wallet,failed,authentication_failed,2,9,0,1097,True,retry_payment,True,16.69
CUST_02559,TXN_006503,49.54,upi,success,,2,10,2,334,False,,False,0.0
CUST_02765,TXN_006504,75.89,netbanking,success,,1,5,1,39,False,,False,0.0
CUST_02068,TXN_006505,47.47,card,success,,2,8,1,690,False,,False,0.0
CUST_01355,TXN_006506,11.03,upi,success,,3,7,1,1231,False,,False,0.0
CUST_04742,TXN_006507,15.58,wallet,success,,3,6,2,79,False,,False,0.0
CUST_02445,TXN_006508,84.44,netbanking,success,,3,9,0,424,False,,False,0.0
CUST_03374,TXN_006509,17.4,upi,success,,2,8,1,1285,False,,False,0.0
CUST_00187,TXN_006510,72.28,upi,success,,2,9,1,440,False,,False,0.0
CUST_01380,TXN_006511,23.47,netbanking,failed,expired_card,2,11,2,1393,True,update_payment_method,True,23.47
CUST_04020,TXN_006512,37.08,card,success,,2,6,0,1175,False,,False,0.0
CUST_00440,TXN_006513,10.93,wallet,success,,2,9,0,822,False,,False,0.0
CUST_00508,TXN_006514,20.36,card,success,,3,8,0,972,False,,False,0.0
CUST_04049,TXN_006515,16.44,card,success,,1,11,2,1415,False,,False,0.0
CUST_01544,TXN_006516,39.67,netbanking,failed,authentication_failed,2,5,3,458,True,retry_payment,False,0.0
CUST_01370,TXN_006517,35.68,card,success,,1,10,0,37,False,,False,0.0
CUST_02827,TXN_006518,47.95,card,success,,3,6,4,609,False,,False,0.0
CUST_00975,TXN_006519,22.37,card,success,,1,10,1,564,False,,False,0.0
CUST_00215,TXN_006520,15.73,wallet,success,,1,13,3,20,False,,False,0.0
CUST_00023,TXN_006521,38.33,upi,success,,3,9,2,301,False,,False,0.0
CUST_00397,TXN_006522,14.53,wallet,success,,1,8,2,1214,False,,False,0.0
CUST_00793,TXN_006523,78.47,card,success,,1,10,2,735,False,,False,0.0
CUST_03480,TXN_006524,30.22,card,success,,2,6,1,183,False,,False,0.0
CUST_01490,TXN_006525,25.51,card,success,,3,4,0,428,False,,False,0.0
CUST_00359,TXN_006526,47.93,card,success,,1,11,3,57,False,,False,0.0
CUST_00073,TXN_006527,31.15,card,failed,card_declined,2,7,2,273,False,,False,0.0
CUST_02385,TXN_006528,8.79,card,success,,2,9,1,1203,False,,False,0.0
CUST_04200,TXN_006529,14.17,upi,success,,1,10,2,381,False,,False,0.0
CUST_01694,TXN_006530,77.18,upi,success,,2,1,1,541,False,,False,0.0
CUST_00320,TXN_006531,35.41,card,success,,3,6,1,756,False,,False,0.0
CUST_01141,TXN_006532,8.63,upi,success,,1,9,1,13,False,,False,0.0
CUST_02497,TXN_006533,43.89,card,success,,1,7,0,327,False,,False,0.0
CUST_00944,TXN_006534,21.17,upi,success,,1,8,2,1278,False,,False,0.0
CUST_04892,TXN_006535,16.45,netbanking,success,,2,8,2,874,False,,False,0.0
CUST_03817,TXN_006536,13.25,netbanking,failed,insufficient_funds,1,4,2,1201,True,send_reminder,True,13.25
CUST_01723,TXN_006537,73.7,netbanking,success,,2,7,3,917,False,,False,0.0
CUST_04757,TXN_006538,6.87,card,success,,1,9,1,1099,False,,False,0.0
CUST_01625,TXN_006539,16.95,upi,success,,3,9,3,1056,False,,False,0.0
CUST_00701,TXN_006540,36.46,netbanking,success,,1,6,2,1354,False,,False,0.0
CUST_04691,TXN_006541,117.06,wallet,success,,1,1,2,278,False,,False,0.0
CUST_04798,TXN_006542,51.58,upi,success,,1,9,3,1132,False,,False,0.0
CUST_01563,TXN_006543,16.83,upi,success,,3,11,1,525,False,,False,0.0
CUST_02974,TXN_006544,112.56,netbanking,success,,3,10,0,1118,False,,False,0.0
CUST_00867,TXN_006545,11.2,wallet,success,,2,3,0,182,False,,False,0.0
CUST_03208,TXN_006546,40.95,card,success,,1,4,3,1170,False,,False,0.0
CUST_03450,TXN_006547,48.92,card,failed,authentication_failed,3,12,1,893,True,retry_payment,True,48.92
CUST_03549,TXN_006548,16.36,netbanking,success,,1,9,1,634,False,,False,0.0
CUST_02844,TXN_006549,57.86,upi,success,,1,6,1,643,False,,False,0.0
CUST_03520,TXN_006550,21.95,card,success,,3,10,1,1036,False,,False,0.0
CUST_02775,TXN_006551,57.75,card,success,,2,10,2,298,False,,False,0.0
CUST_04099,TXN_006552,7.6,upi,success,,3,6,2,1372,False,,False,0.0
CUST_00898,TXN_006553,43.29,upi,success,,2,8,0,367,False,,False,0.0
CUST_02417,TXN_006554,23.81,netbanking,failed,authentication_failed,1,3,2,864,False,,False,0.0
CUST_02082,TXN_006555,83.08,card,success,,1,8,2,189,False,,False,0.0
CUST_02667,TXN_006556,31.97,card,success,,3,9,1,176,False,,False,0.0
CUST_00711,TXN_006557,89.96,upi,success,,2,8,4,620,False,,False,0.0
CUST_01619,TXN_006558,49.7,card,failed,card_declined,3,2,0,1343,True,retry_payment,True,49.7
CUST_04770,TXN_006559,29.9,upi,success,,3,7,1,491,False,,False,0.0
CUST_00527,TXN_006560,62.19,upi,success,,3,20,1,187,False,,False,0.0
CUST_03176,TXN_006561,62.51,card,failed,authentication_failed,1,9,1,421,False,,False,0.0
CUST_03323,TXN_006562,48.3,netbanking,success,,2,14,0,698,False,,False,0.0
CUST_02373,TXN_006563,5.29,card,success,,2,7,1,113,False,,False,0.0
CUST_00169,TXN_006564,15.09,netbanking,success,,2,8,1,1066,False,,False,0.0
CUST_00172,TXN_006565,100.21,upi,success,,3,5,2,229,False,,False,0.0
CUST_01378,TXN_006566,12.12,upi,success,,3,5,1,351,False,,False,0.0
CUST_00513,TXN_006567,67.09,netbanking,success,,3,10,1,1493,False,,False,0.0
CUST_00472,TXN_006568,58.27,card,success,,2,8,1,937,False,,False,0.0
CUST_00801,TXN_006569,18.53,netbanking,success,,3,8,2,1260,False,,False,0.0
CUST_00954,TXN_006570,6.71,card,failed,insufficient_funds,3,6,0,760,True,update_payment_method,False,0.0
CUST_04192,TXN_006571,21.01,wallet,success,,1,8,4,997,False,,False,0.0
CUST_03194,TXN_006572,174.59,card,success,,1,12,2,665,False,,False,0.0
CUST_00153,TXN_006573,16.6,upi,success,,2,7,2,1119,False,,False,0.0
CUST_03142,TXN_006574,17.54,card,success,,3,9,3,572,False,,False,0.0
CUST_00684,TXN_006575,14.91,card,success,,1,7,1,679,False,,False,0.0
CUST_02105,TXN_006576,87.52,card,success,,3,7,6,1074,False,,False,0.0
CUST_00191,TXN_006577,27.27,card,success,,3,9,3,885,False,,False,0.0
CUST_00451,TXN_006578,20.07,card,success,,1,11,0,781,False,,False,0.0
CUST_00663,TXN_006579,102.59,card,success,,2,5,1,527,False,,False,0.0
CUST_02167,TXN_006580,52.65,upi,failed,network_error,1,8,0,1107,True,retry_payment,False,0.0
CUST_02315,TXN_006581,15.87,upi,success,,3,6,1,405,False,,False,0.0
CUST_01764,TXN_006582,12.44,card,success,,3,8,2,541,False,,False,0.0
CUST_03101,TXN_006583,83.64,wallet,failed,authentication_failed,3,7,2,997,True,offer_support,False,0.0
CUST_03602,TXN_006584,33.56,upi,success,,3,9,1,1419,False,,False,0.0
CUST_03643,TXN_006585,9.59,card,success,,3,10,2,439,False,,False,0.0
CUST_02895,TXN_006586,7.95,card,success,,3,9,1,397,False,,False,0.0
CUST_02728,TXN_006587,13.56,upi,success,,3,4,1,712,False,,False,0.0
CUST_02458,TXN_006588,12.29,upi,success,,3,10,1,1160,False,,False,0.0
CUST_01190,TXN_006589,6.44,netbanking,failed,card_declined,2,12,2,737,True,send_reminder,True,6.44
CUST_02435,TXN_006590,13.74,upi,success,,1,6,3,1438,False,,False,0.0
CUST_00051,TXN_006591,15.87,wallet,success,,2,9,1,1240,False,,False,0.0
CUST_04831,TXN_006592,22.87,upi,success,,3,10,3,1393,False,,False,0.0
CUST_01851,TXN_006593,128.29,wallet,success,,3,13,1,88,False,,False,0.0
CUST_03781,TXN_006594,26.75,upi,success,,2,9,0,829,False,,False,0.0
CUST_04783,TXN_006595,28.96,upi,success,,1,10,2,796,False,,False,0.0
CUST_02485,TXN_006596,49.77,upi,success,,1,3,3,117,False,,False,0.0
CUST_04309,TXN_006597,27.39,netbanking,success,,3,5,1,1380,False,,False,0.0
CUST_02396,TXN_006598,45.61,card,success,,1,7,2,509,False,,False,0.0
CUST_00662,TXN_006599,41.45,card,success,,1,11,2,484,False,,False,0.0
CUST_00133,TXN_006600,36.53,card,failed,expired_card,2,10,2,721,True,offer_support,True,36.53
CUST_00678,TXN_006601,302.83,card,success,,2,8,4,1292,False,,False,0.0
CUST_04712,TXN_006602,68.64,wallet,success,,2,8,1,1324,False,,False,0.0
CUST_02376,TXN_006603,13.94,upi,success,,2,14,3,589,False,,False,0.0
CUST_01596,TXN_006604,44.53,card,success,,2,7,1,277,False,,False,0.0
CUST_02230,TXN_006605,17.58,card,success,,2,9,1,1445,False,,False,0.0
CUST_01280,TXN_006606,47.32,card,success,,2,9,0,207,False,,False,0.0
CUST_04352,TXN_006607,11.02,netbanking,success,,1,1,2,771,False,,False,0.0
CUST_04997,TXN_006608,13.65,wallet,success,,3,11,3,1164,False,,False,0.0
CUST_00425,TXN_006609,43.6,card,success,,2,10,1,1499,False,,False,0.0
CUST_03593,TXN_006610,73.56,card,success,,1,8,0,39,False,,False,0.0
CUST_01678,TXN_006611,49.51,wallet,failed,card_declined,2,7,0,333,True,retry_payment,False,0.0
CUST_00237,TXN_006612,65.58,upi,success,,1,7,2,14,False,,False,0.0
CUST_04611,TXN_006613,44.66,netbanking,success,,3,8,1,316,False,,False,0.0
CUST_00310,TXN_006614,38.02,card,success,,2,10,1,330,False,,False,0.0
CUST_01030,TXN_006615,22.13,card,success,,2,13,0,1303,False,,False,0.0
CUST_00128,TXN_006616,63.46,upi,success,,2,5,2,84,False,,False,0.0
CUST_02356,TXN_006617,75.18,card,success,,3,11,1,1281,False,,False,0.0
CUST_02998,TXN_006618,31.48,netbanking,success,,3,8,4,747,False,,False,0.0
CUST_01604,TXN_006619,30.16,netbanking,success,,1,7,1,1306,False,,False,0.0
CUST_00358,TXN_006620,118.29,card,success,,2,7,1,826,False,,False,0.0
CUST_00581,TXN_006621,32.58,upi,success,,2,9,3,863,False,,False,0.0
CUST_04667,TXN_006622,35.18,netbanking,success,,3,6,1,653,False,,False,0.0
CUST_04029,TXN_006623,48.78,wallet,success,,1,8,3,1179,False,,False,0.0
CUST_04684,TXN_006624,30.62,card,success,,3,13,1,630,False,,False,0.0
CUST_02654,TXN_006625,17.18,netbanking,success,,1,6,1,758,False,,False,0.0
CUST_02730,TXN_006626,44.81,card,success,,2,9,4,418,False,,False,0.0
CUST_03930,TXN_006627,32.1,wallet,success,,1,9,1,358,False,,False,0.0
CUST_03083,TXN_006628,144.58,upi,failed,insufficient_funds,2,9,2,1322,False,,False,0.0
CUST_02182,TXN_006629,62.23,card,failed,insufficient_funds,1,8,1,1191,False,,False,0.0
CUST_01460,TXN_006630,20.57,upi,success,,3,13,1,698,False,,False,0.0
CUST_02428,TXN_006631,59.34,upi,success,,1,9,1,347,False,,False,0.0
CUST_00320,TXN_006632,42.36,upi,success,,1,13,1,1117,False,,False,0.0
CUST_00963,TXN_006633,94.4,card,success,,1,9,3,36,False,,False,0.0
CUST_03687,TXN_006634,21.77,upi,success,,3,4,1,1051,False,,False,0.0
CUST_04340,TXN_006635,38.51,netbanking,success,,3,8,3,403,False,,False,0.0
CUST_00509,TXN_006636,30.59,card,failed,insufficient_funds,2,8,2,90,True,send_reminder,False,0.0
CUST_00485,TXN_006637,34.7,card,success,,3,9,0,68,False,,False,0.0
CUST_00428,TXN_006638,16.31,netbanking,success,,2,2,3,1361,False,,False,0.0
CUST_03958,TXN_006639,52.5,upi,success,,3,9,2,282,False,,False,0.0
CUST_01556,TXN_006640,46.26,upi,success,,3,8,0,600,False,,False,0.0
CUST_01634,TXN_006641,92.59,netbanking,failed,expired_card,3,10,0,559,True,send_reminder,True,92.59
CUST_00063,TXN_006642,32.85,card,success,,1,10,2,1111,False,,False,0.0
CUST_04863,TXN_006643,23.82,netbanking,success,,3,2,3,757,False,,False,0.0
CUST_02170,TXN_006644,62.27,upi,success,,1,8,2,777,False,,False,0.0
CUST_03987,TXN_006645,17.54,card,success,,1,8,3,1430,False,,False,0.0
CUST_03538,TXN_006646,78.88,wallet,success,,1,6,1,19,False,,False,0.0
CUST_00709,TXN_006647,78.75,netbanking,success,,3,8,0,693,False,,False,0.0
CUST_04006,TXN_006648,90.54,card,success,,3,8,2,1409,False,,False,0.0
CUST_02751,TXN_006649,44.76,wallet,success,,2,12,0,742,False,,False,0.0
CUST_03021,TXN_006650,22.44,wallet,success,,2,7,1,186,False,,False,0.0
CUST_01002,TXN_006651,36.14,netbanking,success,,2,6,0,1304,False,,False,0.0
CUST_04234,TXN_006652,44.88,card,success,,3,8,1,1170,False,,False,0.0
CUST_04658,TXN_006653,21.16,card,success,,1,7,1,374,False,,False,0.0
CUST_02033,TXN_006654,96.21,netbanking,success,,1,7,1,1419,False,,False,0.0
CUST_00463,TXN_006655,52.67,wallet,success,,1,8,1,1313,False,,False,0.0
CUST_04244,TXN_006656,16.22,card,success,,2,3,3,1093,False,,False,0.0
CUST_04437,TXN_006657,149.35,upi,success,,3,8,2,1385,False,,False,0.0
CUST_02532,TXN_006658,35.8,card,success,,2,5,1,801,False,,False,0.0
CUST_02896,TXN_006659,13.8,upi,failed,expired_card,1,7,0,552,True,update_payment_method,True,13.8
CUST_01115,TXN_006660,17.04,upi,success,,1,4,1,421,False,,False,0.0
CUST_00338,TXN_006661,108.88,card,success,,1,8,1,406,False,,False,0.0
CUST_04720,TXN_006662,142.59,upi,success,,2,7,1,932,False,,False,0.0
CUST_02415,TXN_006663,74.26,upi,success,,2,3,1,1173,False,,False,0.0
CUST_01375,TXN_006664,95.15,upi,success,,1,6,1,462,False,,False,0.0
CUST_03466,TXN_006665,87.64,netbanking,success,,1,7,0,1060,False,,False,0.0
CUST_00131,TXN_006666,51.7,card,failed,insufficient_funds,1,12,2,334,True,offer_support,False,0.0
CUST_00400,TXN_006667,43.09,card,success,,3,4,0,469,False,,False,0.0
CUST_01214,TXN_006668,51.0,upi,success,,2,7,2,822,False,,False,0.0
CUST_02253,TXN_006669,59.67,upi,failed,expired_card,3,11,2,610,True,retry_payment,True,59.67
CUST_01834,TXN_006670,18.3,card,success,,2,0,2,341,False,,False,0.0
CUST_00937,TXN_006671,59.48,wallet,success,,1,8,5,741,False,,False,0.0
CUST_01757,TXN_006672,106.37,card,success,,1,12,3,911,False,,False,0.0
CUST_01670,TXN_006673,28.08,card,success,,3,5,4,811,False,,False,0.0
CUST_02623,TXN_006674,25.77,netbanking,failed,expired_card,2,6,2,919,True,retry_payment,True,25.77
CUST_02814,TXN_006675,48.48,wallet,success,,2,8,2,942,False,,False,0.0
CUST_04415,TXN_006676,19.69,upi,success,,2,4,1,664,False,,False,0.0
CUST_04034,TXN_006677,11.55,card,success,,1,11,1,552,False,,False,0.0
CUST_01462,TXN_006678,82.94,card,success,,3,8,0,1173,False,,False,0.0
CUST_04513,TXN_006679,23.09,card,success,,1,8,1,484,False,,False,0.0
CUST_02604,TXN_006680,33.61,upi,success,,2,11,2,971,False,,False,0.0
CUST_00939,TXN_006681,20.33,upi,failed,insufficient_funds,1,10,1,1100,True,send_reminder,False,0.0
CUST_01701,TXN_006682,91.96,card,success,,3,7,0,1386,False,,False,0.0
CUST_03709,TXN_006683,65.53,upi,success,,1,7,2,351,False,,False,0.0
CUST_04109,TXN_006684,27.31,netbanking,success,,2,7,1,422,False,,False,0.0
CUST_01871,TXN_006685,12.89,card,success,,1,11,3,129,False,,False,0.0
CUST_00788,TXN_006686,25.09,card,success,,3,8,3,1272,False,,False,0.0
CUST_00960,TXN_006687,52.25,netbanking,success,,1,4,3,769,False,,False,0.0
CUST_00518,TXN_006688,38.51,card,success,,1,9,3,299,False,,False,0.0
CUST_03493,TXN_006689,36.14,card,success,,1,16,1,1275,False,,False,0.0
CUST_02515,TXN_006690,39.23,card,failed,authentication_failed,2,11,1,12,True,update_payment_method,True,39.23
CUST_02256,TXN_006691,60.77,upi,failed,insufficient_funds,1,7,1,297,True,retry_payment,True,60.77
CUST_03359,TXN_006692,32.02,upi,success,,2,5,2,195,False,,False,0.0
CUST_04143,TXN_006693,47.47,upi,success,,1,9,2,1428,False,,False,0.0
CUST_03977,TXN_006694,15.04,card,success,,3,9,2,1272,False,,False,0.0
CUST_00686,TXN_006695,255.46,upi,success,,2,7,2,1007,False,,False,0.0
CUST_02948,TXN_006696,26.39,card,success,,3,12,0,1088,False,,False,0.0
CUST_04412,TXN_006697,38.97,netbanking,success,,2,11,3,860,False,,False,0.0
CUST_03869,TXN_006698,52.1,wallet,success,,3,7,1,270,False,,False,0.0
CUST_01647,TXN_006699,23.84,upi,success,,1,4,2,690,False,,False,0.0
CUST_01964,TXN_006700,33.32,card,success,,1,10,1,1459,False,,False,0.0
CUST_04451,TXN_006701,33.0,netbanking,failed,expired_card,2,5,1,847,True,offer_support,True,33.0
CUST_00165,TXN_006702,15.94,card,success,,2,8,2,848,False,,False,0.0
CUST_02627,TXN_006703,47.03,card,success,,3,5,1,246,False,,False,0.0
CUST_00581,TXN_006704,8.85,wallet,success,,3,7,3,589,False,,False,0.0
CUST_04473,TXN_006705,134.58,card,success,,2,10,2,1201,False,,False,0.0
CUST_00194,TXN_006706,62.45,card,failed,insufficient_funds,1,15,2,550,True,send_reminder,True,62.45
CUST_00117,TXN_006707,55.22,upi,success,,3,7,4,1128,False,,False,0.0
CUST_01645,TXN_006708,8.25,upi,success,,1,9,1,994,False,,False,0.0
CUST_01001,TXN_006709,17.57,upi,success,,3,6,0,1463,False,,False,0.0
CUST_02477,TXN_006710,100.63,card,success,,3,11,1,1486,False,,False,0.0
CUST_01498,TXN_006711,916.9,upi,success,,3,8,4,1106,False,,False,0.0
CUST_01782,TXN_006712,86.12,card,failed,authentication_failed,1,6,2,1260,True,offer_support,False,0.0
CUST_02825,TXN_006713,75.91,wallet,success,,2,6,0,1464,False,,False,0.0
CUST_02803,TXN_006714,50.4,card,success,,1,9,3,42,False,,False,0.0
CUST_04674,TXN_006715,16.81,card,success,,2,6,2,776,False,,False,0.0
CUST_02403,TXN_006716,73.42,upi,failed,authentication_failed,3,8,3,1265,True,send_reminder,True,73.42
CUST_02821,TXN_006717,13.72,card,success,,1,8,1,568,False,,False,0.0
CUST_03390,TXN_006718,12.57,upi,success,,3,11,1,1346,False,,False,0.0
CUST_00871,TXN_006719,11.96,card,success,,1,12,1,551,False,,False,0.0
CUST_03335,TXN_006720,72.28,card,success,,2,4,0,113,False,,False,0.0
CUST_04309,TXN_006721,31.63,card,success,,2,6,1,908,False,,False,0.0
CUST_01591,TXN_006722,35.9,card,success,,3,4,2,1370,False,,False,0.0
CUST_00892,TXN_006723,32.71,card,success,,2,10,2,100,False,,False,0.0
CUST_01731,TXN_006724,13.46,card,success,,3,6,0,1353,False,,False,0.0
CUST_01375,TXN_006725,19.36,card,success,,3,7,1,1087,False,,False,0.0
CUST_02926,TXN_006726,20.16,netbanking,success,,2,3,1,1243,False,,False,0.0
CUST_04318,TXN_006727,10.76,upi,success,,3,10,0,1370,False,,False,0.0
CUST_02982,TXN_006728,22.12,card,success,,3,7,2,717,False,,False,0.0
CUST_00628,TXN_006729,13.94,card,failed,insufficient_funds,2,10,3,1002,True,offer_support,True,13.94
CUST_01574,TXN_006730,52.57,card,success,,3,9,3,390,False,,False,0.0
CUST_03446,TXN_006731,56.19,card,success,,2,10,0,1414,False,,False,0.0
CUST_01652,TXN_006732,11.76,upi,success,,3,10,1,253,False,,False,0.0
CUST_02932,TXN_006733,26.12,card,success,,2,9,2,1304,False,,False,0.0
CUST_03470,TXN_006734,146.18,wallet,success,,2,11,1,261,False,,False,0.0
CUST_01646,TXN_006735,15.11,netbanking,success,,2,12,2,643,False,,False,0.0
CUST_03237,TXN_006736,46.59,card,success,,1,9,0,1463,False,,False,0.0
CUST_01991,TXN_006737,36.03,card,success,,3,11,0,781,False,,False,0.0
CUST_00676,TXN_006738,79.39,card,success,,2,8,1,929,False,,False,0.0
CUST_01861,TXN_006739,41.95,card,success,,3,4,0,536,False,,False,0.0
CUST_02205,TXN_006740,23.45,upi,success,,1,5,0,843,False,,False,0.0
CUST_00012,TXN_006741,34.93,card,success,,3,11,1,1491,False,,False,0.0
CUST_04463,TXN_006742,35.34,card,failed,network_error,1,6,1,88,False,,False,0.0
CUST_02639,TXN_006743,30.77,card,success,,2,11,2,158,False,,False,0.0
CUST_00182,TXN_006744,11.53,upi,success,,2,12,3,557,False,,False,0.0
CUST_04340,TXN_006745,89.52,card,success,,1,8,0,1446,False,,False,0.0
CUST_04275,TXN_006746,77.72,wallet,success,,1,10,3,912,False,,False,0.0
CUST_00061,TXN_006747,14.36,card,success,,1,9,3,1369,False,,False,0.0
CUST_00816,TXN_006748,26.03,card,failed,insufficient_funds,1,10,0,1348,True,retry_payment,False,0.0
CUST_01819,TXN_006749,27.66,upi,failed,card_declined,3,11,0,967,False,,False,0.0
CUST_02536,TXN_006750,13.13,upi,success,,3,9,0,861,False,,False,0.0
CUST_03629,TXN_006751,7.44,card,success,,3,7,4,179,False,,False,0.0
CUST_02122,TXN_006752,19.37,upi,success,,1,7,0,791,False,,False,0.0
CUST_03058,TXN_006753,24.9,card,success,,2,2,3,55,False,,False,0.0
CUST_00051,TXN_006754,10.45,card,success,,2,9,3,337,False,,False,0.0
CUST_03293,TXN_006755,38.15,card,failed,expired_card,2,6,2,915,False,,False,0.0
CUST_04577,TXN_006756,83.96,upi,success,,2,6,1,131,False,,False,0.0
CUST_02631,TXN_006757,64.95,upi,success,,1,8,3,1441,False,,False,0.0
CUST_02275,TXN_006758,29.92,upi,failed,authentication_failed,3,9,1,720,False,,False,0.0
CUST_01486,TXN_006759,7.6,wallet,success,,1,5,2,1019,False,,False,0.0
CUST_04771,TXN_006760,58.71,upi,success,,1,5,0,716,False,,False,0.0
CUST_00166,TXN_006761,37.23,netbanking,success,,3,5,2,227,False,,False,0.0
CUST_01434,TXN_006762,46.5,card,success,,1,6,2,1184,False,,False,0.0
CUST_00694,TXN_006763,155.85,upi,success,,3,8,1,613,False,,False,0.0
CUST_04331,TXN_006764,17.12,upi,success,,2,4,3,81,False,,False,0.0
CUST_02413,TXN_006765,3.32,card,success,,3,6,1,342,False,,False,0.0
CUST_04612,TXN_006766,14.26,card,success,,2,9,6,1446,False,,False,0.0
CUST_03326,TXN_006767,48.85,upi,success,,3,4,1,1118,False,,False,0.0
CUST_02784,TXN_006768,33.84,card,success,,3,5,2,285,False,,False,0.0
CUST_02587,TXN_006769,12.52,card,success,,3,5,1,841,False,,False,0.0
CUST_01014,TXN_006770,10.64,netbanking,failed,insufficient_funds,1,8,4,1261,True,update_payment_method,False,0.0
CUST_02810,TXN_006771,24.94,upi,failed,insufficient_funds,3,7,1,1279,True,retry_payment,True,24.94
CUST_03426,TXN_006772,12.22,card,success,,1,15,1,628,False,,False,0.0
CUST_04826,TXN_006773,50.22,card,success,,3,9,0,21,False,,False,0.0
CUST_02745,TXN_006774,23.83,wallet,failed,insufficient_funds,1,10,0,1420,False,,False,0.0
CUST_04694,TXN_006775,20.05,wallet,success,,1,10,0,1002,False,,False,0.0
CUST_04722,TXN_006776,18.05,upi,success,,3,6,0,1082,False,,False,0.0
CUST_02613,TXN_006777,40.87,card,success,,1,12,1,1388,False,,False,0.0
CUST_02196,TXN_006778,34.26,card,success,,1,9,2,607,False,,False,0.0
CUST_00714,TXN_006779,38.92,card,success,,2,12,1,460,False,,False,0.0
CUST_01343,TXN_006780,38.25,netbanking,success,,1,6,3,1485,False,,False,0.0
CUST_04395,TXN_006781,31.26,upi,success,,3,3,2,893,False,,False,0.0
CUST_00692,TXN_006782,14.49,netbanking,success,,2,5,0,503,False,,False,0.0
CUST_01985,TXN_006783,18.46,card,success,,2,8,1,211,False,,False,0.0
CUST_03493,TXN_006784,24.15,netbanking,success,,1,6,1,60,False,,False,0.0
CUST_01203,TXN_006785,172.8,card,success,,1,6,0,1122,False,,False,0.0
CUST_04870,TXN_006786,11.26,card,success,,1,8,0,57,False,,False,0.0
CUST_03247,TXN_006787,23.68,upi,success,,1,11,0,1178,False,,False,0.0
CUST_00142,TXN_006788,35.82,upi,success,,1,6,1,568,False,,False,0.0
CUST_01236,TXN_006789,25.98,netbanking,success,,2,11,2,1445,False,,False,0.0
CUST_03702,TXN_006790,78.19,upi,success,,3,6,0,1330,False,,False,0.0
CUST_04316,TXN_006791,25.87,wallet,failed,expired_card,1,4,2,96,True,send_reminder,True,25.87
CUST_04634,TXN_006792,27.45,card,success,,2,9,0,136,False,,False,0.0
CUST_04255,TXN_006793,63.54,card,success,,3,6,1,457,False,,False,0.0
CUST_00374,TXN_006794,140.97,card,failed,card_declined,2,9,0,860,True,retry_payment,False,0.0
CUST_03648,TXN_006795,102.1,card,failed,network_error,1,8,4,917,False,,False,0.0
CUST_00551,TXN_006796,29.69,netbanking,success,,2,9,1,735,False,,False,0.0
CUST_00383,TXN_006797,31.83,card,success,,1,7,2,705,False,,False,0.0
CUST_03460,TXN_006798,34.38,card,success,,3,10,1,987,False,,False,0.0
CUST_02391,TXN_006799,37.25,card,success,,3,10,1,736,False,,False,0.0
CUST_03240,TXN_006800,16.81,upi,success,,1,7,3,1281,False,,False,0.0
CUST_04257,TXN_006801,70.05,wallet,success,,1,10,0,1225,False,,False,0.0
CUST_00345,TXN_006802,39.07,netbanking,failed,authentication_failed,1,3,0,1001,True,update_payment_method,True,39.07
CUST_02638,TXN_006803,31.95,card,success,,3,5,0,1133,False,,False,0.0
CUST_04172,TXN_006804,11.98,upi,success,,3,9,3,168,False,,False,0.0
CUST_02202,TXN_006805,34.81,card,failed,card_declined,2,8,1,937,True,retry_payment,True,34.81
CUST_02617,TXN_006806,7.28,wallet,success,,2,4,2,551,False,,False,0.0
CUST_02489,TXN_006807,20.79,card,success,,2,12,3,480,False,,False,0.0
CUST_04536,TXN_006808,21.11,wallet,success,,3,10,2,853,False,,False,0.0
CUST_00250,TXN_006809,41.66,netbanking,success,,3,7,0,786,False,,False,0.0
CUST_04390,TXN_006810,148.99,upi,success,,3,9,0,774,False,,False,0.0
CUST_04082,TXN_006811,52.33,netbanking,success,,2,9,1,169,False,,False,0.0
CUST_04062,TXN_006812,105.5,card,success,,3,8,2,1226,False,,False,0.0
CUST_02062,TXN_006813,55.49,card,success,,2,9,3,1070,False,,False,0.0
CUST_02579,TXN_006814,81.45,card,success,,2,6,0,555,False,,False,0.0
CUST_01845,TXN_006815,146.31,card,success,,1,6,3,1091,False,,False,0.0
CUST_01259,TXN_006816,18.44,upi,success,,1,7,2,420,False,,False,0.0
CUST_04377,TXN_006817,17.5,upi,success,,2,9,0,431,False,,False,0.0
CUST_02530,TXN_006818,56.55,netbanking,success,,3,11,1,1451,False,,False,0.0
CUST_03617,TXN_006819,33.02,netbanking,success,,3,8,2,885,False,,False,0.0
CUST_00504,TXN_006820,39.5,card,success,,2,3,3,686,False,,False,0.0
CUST_03944,TXN_006821,27.14,card,success,,3,7,3,107,False,,False,0.0
CUST_03294,TXN_006822,20.55,card,success,,1,7,1,986,False,,False,0.0
CUST_04988,TXN_006823,121.1,card,success,,3,12,1,122,False,,False,0.0
CUST_00670,TXN_006824,13.74,upi,failed,insufficient_funds,1,7,1,262,True,update_payment_method,False,0.0
CUST_02700,TXN_006825,57.35,upi,success,,2,9,2,319,False,,False,0.0
CUST_02556,TXN_006826,50.37,upi,success,,2,11,0,802,False,,False,0.0
CUST_02692,TXN_006827,9.36,upi,success,,1,6,1,557,False,,False,0.0
CUST_00272,TXN_006828,17.04,netbanking,success,,1,11,3,1134,False,,False,0.0
CUST_02366,TXN_006829,19.49,upi,success,,2,9,0,112,False,,False,0.0
CUST_01498,TXN_006830,52.02,wallet,success,,1,10,1,1125,False,,False,0.0
CUST_03087,TXN_006831,24.69,netbanking,failed,network_error,1,6,0,1197,True,update_payment_method,True,24.69
CUST_01161,TXN_006832,30.92,upi,success,,1,17,0,1374,False,,False,0.0
CUST_02175,TXN_006833,10.32,card,success,,1,11,1,894,False,,False,0.0
CUST_03100,TXN_006834,212.88,netbanking,success,,3,11,2,1369,False,,False,0.0
CUST_00321,TXN_006835,35.06,card,failed,authentication_failed,2,14,0,1288,True,update_payment_method,False,0.0
CUST_03934,TXN_006836,49.36,card,success,,2,11,0,1212,False,,False,0.0
CUST_03578,TXN_006837,21.49,upi,success,,2,5,0,1033,False,,False,0.0
CUST_00287,TXN_006838,19.65,card,success,,1,5,5,281,False,,False,0.0
CUST_00324,TXN_006839,152.96,card,success,,1,5,1,582,False,,False,0.0
CUST_04251,TXN_006840,7.15,card,success,,1,10,2,427,False,,False,0.0
CUST_01417,TXN_006841,41.38,netbanking,success,,3,5,1,452,False,,False,0.0
CUST_04303,TXN_006842,12.56,upi,failed,network_error,3,10,3,1173,True,retry_payment,True,12.56
CUST_02496,TXN_006843,23.95,wallet,success,,2,9,2,1286,False,,False,0.0
CUST_01712,TXN_006844,19.88,netbanking,failed,insufficient_funds,3,12,1,140,True,update_payment_method,True,19.88
CUST_01368,TXN_006845,15.05,card,success,,3,12,1,1213,False,,False,0.0
CUST_03295,TXN_006846,34.07,netbanking,success,,1,5,0,202,False,,False,0.0
CUST_00549,TXN_006847,4.24,upi,success,,3,8,0,1249,False,,False,0.0
CUST_02013,TXN_006848,25.73,card,success,,3,10,1,666,False,,False,0.0
CUST_01729,TXN_006849,30.81,wallet,success,,3,7,2,602,False,,False,0.0
CUST_00771,TXN_006850,11.16,wallet,success,,1,3,0,988,False,,False,0.0
CUST_01764,TXN_006851,111.12,card,success,,2,5,0,249,False,,False,0.0
CUST_02643,TXN_006852,20.58,netbanking,success,,1,7,1,918,False,,False,0.0
CUST_03388,TXN_006853,27.39,card,success,,1,10,0,78,False,,False,0.0
CUST_00432,TXN_006854,20.62,wallet,success,,1,7,0,238,False,,False,0.0
CUST_04362,TXN_006855,31.02,upi,success,,2,5,1,549,False,,False,0.0
CUST_04392,TXN_006856,94.3,card,success,,3,8,0,1032,False,,False,0.0
CUST_03460,TXN_006857,239.47,netbanking,success,,2,10,2,283,False,,False,0.0
CUST_04621,TXN_006858,60.13,upi,success,,3,6,0,824,False,,False,0.0
CUST_02140,TXN_006859,79.07,card,success,,3,7,2,576,False,,False,0.0
CUST_04108,TXN_006860,130.73,netbanking,success,,2,6,0,1305,False,,False,0.0
CUST_03636,TXN_006861,40.41,netbanking,success,,2,11,1,695,False,,False,0.0
CUST_02813,TXN_006862,116.3,upi,success,,2,3,2,450,False,,False,0.0
CUST_00898,TXN_006863,62.42,upi,failed,insufficient_funds,3,9,3,657,True,retry_payment,True,62.42
CUST_02788,TXN_006864,37.16,card,success,,1,10,1,258,False,,False,0.0
CUST_04506,TXN_006865,43.83,card,success,,2,10,2,1343,False,,False,0.0
CUST_04923,TXN_006866,7.71,upi,success,,2,9,2,550,False,,False,0.0
CUST_02240,TXN_006867,41.83,card,failed,authentication_failed,1,10,2,369,True,send_reminder,False,0.0
CUST_01240,TXN_006868,9.63,upi,success,,1,6,1,1101,False,,False,0.0
CUST_03737,TXN_006869,9.02,wallet,failed,network_error,1,7,1,17,True,offer_support,True,9.02
CUST_00380,TXN_006870,38.64,netbanking,success,,3,5,3,475,False,,False,0.0
CUST_00756,TXN_006871,13.58,upi,success,,3,9,1,321,False,,False,0.0
CUST_02810,TXN_006872,32.93,upi,success,,3,9,2,1143,False,,False,0.0
CUST_04951,TXN_006873,36.99,netbanking,success,,3,13,4,1,False,,False,0.0
CUST_01644,TXN_006874,38.34,netbanking,success,,2,8,0,439,False,,False,0.0
CUST_02217,TXN_006875,16.07,card,failed,network_error,2,10,1,1354,True,retry_payment,True,16.07
CUST_01612,TXN_006876,67.96,upi,failed,card_declined,3,7,0,763,True,send_reminder,True,67.96
CUST_02203,TXN_006877,30.83,card,failed,network_error,1,10,1,115,True,offer_support,True,30.83
CUST_00036,TXN_006878,47.13,card,success,,1,7,3,410,False,,False,0.0
CUST_02974,TXN_006879,12.72,card,success,,3,7,0,502,False,,False,0.0
CUST_02981,TXN_006880,28.71,upi,success,,1,6,2,291,False,,False,0.0
CUST_01578,TXN_006881,79.67,netbanking,success,,3,8,4,514,False,,False,0.0
CUST_01320,TXN_006882,71.96,wallet,success,,2,6,2,366,False,,False,0.0
CUST_03808,TXN_006883,17.5,card,success,,3,7,4,530,False,,False,0.0
CUST_00940,TXN_006884,21.4,card,success,,3,7,1,1396,False,,False,0.0
CUST_00236,TXN_006885,15.02,card,success,,2,15,3,560,False,,False,0.0
CUST_00203,TXN_006886,19.59,card,success,,1,8,1,1451,False,,False,0.0
CUST_04408,TXN_006887,10.81,card,success,,2,4,1,965,False,,False,0.0
CUST_01822,TXN_006888,29.65,wallet,success,,1,9,2,892,False,,False,0.0
CUST_00510,TXN_006889,54.95,card,success,,3,7,0,152,False,,False,0.0
CUST_04394,TXN_006890,17.67,netbanking,success,,2,11,2,251,False,,False,0.0
CUST_00743,TXN_006891,30.8,card,success,,3,6,1,1013,False,,False,0.0
CUST_01684,TXN_006892,27.76,upi,success,,3,11,2,162,False,,False,0.0
CUST_00104,TXN_006893,77.02,netbanking,success,,1,10,1,608,False,,False,0.0
CUST_03395,TXN_006894,20.3,wallet,success,,2,8,2,499,False,,False,0.0
CUST_03496,TXN_006895,20.9,card,success,,3,5,1,337,False,,False,0.0
CUST_03782,TXN_006896,16.83,wallet,success,,3,14,2,1356,False,,False,0.0
CUST_01315,TXN_006897,13.33,card,success,,2,17,2,458,False,,False,0.0
CUST_01641,TXN_006898,50.57,netbanking,failed,insufficient_funds,3,9,2,244,True,retry_payment,False,0.0
CUST_04690,TXN_006899,29.72,card,success,,1,3,1,1312,False,,False,0.0
CUST_04108,TXN_006900,34.6,upi,success,,3,9,1,628,False,,False,0.0
CUST_00186,TXN_006901,91.81,upi,failed,insufficient_funds,2,6,1,922,True,retry_payment,True,91.81
CUST_03459,TXN_006902,96.13,netbanking,success,,1,11,3,709,False,,False,0.0
CUST_04063,TXN_006903,8.87,netbanking,success,,2,7,0,1040,False,,False,0.0
CUST_02796,TXN_006904,55.6,card,success,,1,9,4,1323,False,,False,0.0
CUST_03199,TXN_006905,39.67,netbanking,success,,3,8,2,181,False,,False,0.0
CUST_00005,TXN_006906,22.89,card,success,,1,7,0,1343,False,,False,0.0
CUST_00151,TXN_006907,43.04,card,success,,3,3,1,893,False,,False,0.0
CUST_00176,TXN_006908,8.32,card,success,,3,7,2,321,False,,False,0.0
CUST_00795,TXN_006909,106.71,card,success,,2,10,1,1122,False,,False,0.0
CUST_04954,TXN_006910,50.0,card,failed,authentication_failed,3,7,2,231,True,update_payment_method,True,50.0
CUST_03172,TXN_006911,16.57,upi,success,,1,11,0,208,False,,False,0.0
CUST_03911,TXN_006912,20.73,card,failed,authentication_failed,1,5,1,233,False,,False,0.0
CUST_01478,TXN_006913,8.48,upi,success,,3,5,1,59,False,,False,0.0
CUST_04687,TXN_006914,25.76,card,success,,2,9,1,748,False,,False,0.0
CUST_00995,TXN_006915,22.51,upi,success,,1,8,0,452,False,,False,0.0
CUST_04511,TXN_006916,11.47,card,success,,1,9,0,815,False,,False,0.0
CUST_00154,TXN_006917,61.64,card,success,,3,6,3,192,False,,False,0.0
CUST_00103,TXN_006918,91.97,upi,success,,2,8,0,471,False,,False,0.0
CUST_00395,TXN_006919,32.4,wallet,success,,2,5,0,1329,False,,False,0.0
CUST_03959,TXN_006920,25.93,wallet,success,,2,11,0,1242,False,,False,0.0
CUST_01288,TXN_006921,46.9,card,success,,1,4,3,1202,False,,False,0.0
CUST_02256,TXN_006922,32.6,wallet,success,,3,8,0,763,False,,False,0.0
CUST_02357,TXN_006923,13.93,upi,success,,1,8,2,562,False,,False,0.0
CUST_03948,TXN_006924,19.65,wallet,success,,2,5,6,1139,False,,False,0.0
CUST_01744,TXN_006925,26.12,card,success,,3,6,2,758,False,,False,0.0
CUST_00034,TXN_006926,40.39,card,success,,1,8,2,13,False,,False,0.0
CUST_01932,TXN_006927,33.36,card,success,,2,6,0,705,False,,False,0.0
CUST_01441,TXN_006928,39.19,netbanking,failed,expired_card,2,7,1,543,True,retry_payment,False,0.0
CUST_03654,TXN_006929,9.78,card,success,,3,8,2,442,False,,False,0.0
CUST_03756,TXN_006930,56.38,card,success,,3,16,0,1147,False,,False,0.0
CUST_00460,TXN_006931,33.21,upi,failed,authentication_failed,1,8,0,1005,False,,False,0.0
CUST_03965,TXN_006932,255.23,wallet,success,,2,5,0,509,False,,False,0.0
CUST_00353,TXN_006933,24.29,upi,success,,2,4,2,766,False,,False,0.0
CUST_03098,TXN_006934,42.9,upi,success,,3,11,3,18,False,,False,0.0
CUST_01947,TXN_006935,318.42,card,success,,2,8,2,499,False,,False,0.0
CUST_01506,TXN_006936,38.68,wallet,success,,2,8,1,364,False,,False,0.0
CUST_02416,TXN_006937,31.37,card,failed,authentication_failed,1,6,1,373,False,,False,0.0
CUST_01552,TXN_006938,15.04,card,success,,2,5,1,900,False,,False,0.0
CUST_03969,TXN_006939,112.46,upi,success,,2,14,1,62,False,,False,0.0
CUST_04833,TXN_006940,13.1,card,success,,2,9,2,781,False,,False,0.0
CUST_04079,TXN_006941,46.6,upi,success,,2,13,1,571,False,,False,0.0
CUST_02196,TXN_006942,22.67,upi,failed,authentication_failed,3,8,3,64,False,,False,0.0
CUST_02516,TXN_006943,28.46,card,failed,network_error,3,4,0,307,False,,False,0.0
CUST_02236,TXN_006944,10.6,card,success,,2,8,3,1167,False,,False,0.0
CUST_03967,TXN_006945,96.98,card,success,,3,5,1,347,False,,False,0.0
CUST_02762,TXN_006946,26.52,card,success,,2,8,4,107,False,,False,0.0
CUST_02341,TXN_006947,12.53,wallet,success,,1,11,2,1160,False,,False,0.0
CUST_02048,TXN_006948,90.21,upi,success,,3,7,3,20,False,,False,0.0
CUST_01875,TXN_006949,22.12,card,success,,3,10,2,1466,False,,False,0.0
CUST_02763,TXN_006950,43.28,card,success,,1,12,2,1307,False,,False,0.0
CUST_03445,TXN_006951,64.92,netbanking,success,,1,11,1,17,False,,False,0.0
CUST_02162,TXN_006952,48.39,netbanking,success,,1,6,0,1410,False,,False,0.0
CUST_04033,TXN_006953,5.71,wallet,failed,network_error,2,8,1,351,True,update_payment_method,True,5.71
CUST_04133,TXN_006954,57.76,card,success,,1,5,1,1380,False,,False,0.0
CUST_02145,TXN_006955,30.55,upi,success,,3,14,2,1118,False,,False,0.0
CUST_04545,TXN_006956,25.45,card,success,,2,5,1,280,False,,False,0.0
CUST_00866,TXN_006957,30.35,netbanking,success,,3,13,5,883,False,,False,0.0
CUST_04660,TXN_006958,9.13,card,success,,3,7,2,1301,False,,False,0.0
CUST_01471,TXN_006959,38.62,upi,success,,1,8,1,182,False,,False,0.0
CUST_02821,TXN_006960,11.12,card,success,,2,12,1,107,False,,False,0.0
CUST_01418,TXN_006961,26.35,netbanking,success,,2,7,2,770,False,,False,0.0
CUST_02211,TXN_006962,37.53,card,failed,insufficient_funds,2,11,2,81,True,update_payment_method,False,0.0
CUST_01700,TXN_006963,78.2,netbanking,success,,3,8,1,342,False,,False,0.0
CUST_03526,TXN_006964,17.19,card,success,,1,7,3,1371,False,,False,0.0
CUST_00406,TXN_006965,105.77,netbanking,success,,3,10,1,847,False,,False,0.0
CUST_04191,TXN_006966,70.63,card,success,,3,8,2,1040,False,,False,0.0
CUST_04519,TXN_006967,23.49,upi,success,,2,5,3,187,False,,False,0.0
CUST_02815,TXN_006968,13.64,netbanking,success,,1,6,1,578,False,,False,0.0
CUST_02736,TXN_006969,10.43,card,success,,1,7,1,92,False,,False,0.0
CUST_03500,TXN_006970,41.16,card,success,,1,12,2,998,False,,False,0.0
CUST_00996,TXN_006971,18.36,card,success,,1,8,2,971,False,,False,0.0
CUST_03748,TXN_006972,86.44,card,success,,3,10,0,1122,False,,False,0.0
CUST_01094,TXN_006973,19.23,upi,success,,3,7,2,571,False,,False,0.0
CUST_03382,TXN_006974,16.11,card,success,,3,5,2,1289,False,,False,0.0
CUST_01528,TXN_006975,39.92,card,failed,authentication_failed,1,10,0,939,False,,False,0.0
CUST_03730,TXN_006976,19.13,card,success,,1,8,1,672,False,,False,0.0
CUST_03955,TXN_006977,33.34,card,success,,3,6,1,514,False,,False,0.0
CUST_01044,TXN_006978,72.88,card,success,,2,6,3,1174,False,,False,0.0
CUST_03087,TXN_006979,36.37,upi,success,,1,7,1,1038,False,,False,0.0
CUST_02492,TXN_006980,36.48,card,success,,3,9,1,1059,False,,False,0.0
CUST_01470,TXN_006981,39.02,wallet,success,,1,10,1,905,False,,False,0.0
CUST_02941,TXN_006982,8.55,netbanking,success,,1,6,0,316,False,,False,0.0
CUST_04963,TXN_006983,45.31,card,success,,3,9,1,605,False,,False,0.0
CUST_00013,TXN_006984,37.64,netbanking,success,,3,5,5,1423,False,,False,0.0
CUST_04784,TXN_006985,67.65,upi,success,,3,8,3,841,False,,False,0.0
CUST_04279,TXN_006986,53.77,upi,success,,1,11,0,462,False,,False,0.0
CUST_02647,TXN_006987,28.18,card,success,,1,6,3,1009,False,,False,0.0
CUST_03050,TXN_006988,75.63,upi,success,,2,6,4,990,False,,False,0.0
CUST_01846,TXN_006989,26.2,card,failed,card_declined,2,6,1,1326,True,update_payment_method,True,26.2
CUST_00646,TXN_006990,40.36,upi,success,,1,7,1,729,False,,False,0.0
CUST_02857,TXN_006991,25.82,card,success,,2,7,0,321,False,,False,0.0
CUST_04081,TXN_006992,47.91,card,success,,1,5,3,743,False,,False,0.0
CUST_01156,TXN_006993,24.5,upi,success,,2,6,1,122,False,,False,0.0
CUST_03585,TXN_006994,123.72,card,success,,1,5,0,1429,False,,False,0.0
CUST_03740,TXN_006995,166.32,card,success,,1,10,1,618,False,,False,0.0
CUST_03791,TXN_006996,66.63,netbanking,success,,1,4,2,340,False,,False,0.0
CUST_01700,TXN_006997,113.64,card,failed,network_error,2,9,1,629,False,,False,0.0
CUST_01960,TXN_006998,9.67,card,success,,3,6,1,876,False,,False,0.0
CUST_02081,TXN_006999,10.62,card,success,,1,14,2,1353,False,,False,0.0
CUST_04271,TXN_007000,25.6,wallet,success,,2,10,0,1300,False,,False,0.0
CUST_04502,TXN_007001,34.23,upi,success,,3,3,3,1405,False,,False,0.0
CUST_02070,TXN_007002,28.26,upi,success,,1,13,0,386,False,,False,0.0
CUST_04849,TXN_007003,8.9,netbanking,success,,3,7,1,779,False,,False,0.0
CUST_02852,TXN_007004,83.2,upi,success,,2,7,2,837,False,,False,0.0
CUST_01925,TXN_007005,185.56,netbanking,success,,1,7,1,1038,False,,False,0.0
CUST_00004,TXN_007006,92.28,upi,success,,1,8,3,1095,False,,False,0.0
CUST_03055,TXN_007007,78.92,netbanking,success,,2,6,4,780,False,,False,0.0
CUST_03224,TXN_007008,39.68,upi,success,,2,6,1,1044,False,,False,0.0
CUST_04841,TXN_007009,16.87,card,success,,1,5,0,1404,False,,False,0.0
CUST_03591,TXN_007010,35.09,card,success,,2,13,2,881,False,,False,0.0
CUST_00149,TXN_007011,178.48,card,failed,network_error,3,9,0,1156,True,send_reminder,True,178.48
CUST_02835,TXN_007012,24.99,upi,success,,2,4,0,479,False,,False,0.0
CUST_03714,TXN_007013,23.01,wallet,success,,1,7,2,873,False,,False,0.0
CUST_02483,TXN_007014,80.31,netbanking,success,,3,9,1,1029,False,,False,0.0
CUST_02147,TXN_007015,84.69,netbanking,success,,2,3,0,1233,False,,False,0.0
CUST_04049,TXN_007016,16.81,upi,success,,2,6,1,1215,False,,False,0.0
CUST_03057,TXN_007017,26.86,wallet,success,,3,10,2,304,False,,False,0.0
CUST_03407,TXN_007018,22.16,upi,success,,3,11,1,988,False,,False,0.0
CUST_02321,TXN_007019,35.01,card,success,,1,9,3,1222,False,,False,0.0
CUST_01391,TXN_007020,80.07,upi,success,,2,10,1,1069,False,,False,0.0
CUST_02595,TXN_007021,17.41,card,success,,2,6,1,148,False,,False,0.0
CUST_04795,TXN_007022,79.18,card,failed,card_declined,1,7,3,1234,False,,False,0.0
CUST_03013,TXN_007023,35.92,card,success,,1,15,0,997,False,,False,0.0
CUST_03536,TXN_007024,212.93,card,success,,1,6,3,63,False,,False,0.0
CUST_00621,TXN_007025,42.74,card,failed,card_declined,1,10,1,1362,True,retry_payment,True,42.74
CUST_04939,TXN_007026,30.64,card,success,,1,4,2,88,False,,False,0.0
CUST_01224,TXN_007027,52.45,wallet,success,,3,4,2,495,False,,False,0.0
CUST_04856,TXN_007028,25.29,card,success,,3,3,0,206,False,,False,0.0
CUST_02229,TXN_007029,7.88,netbanking,success,,2,12,1,146,False,,False,0.0
CUST_04594,TXN_007030,27.32,card,failed,insufficient_funds,3,8,0,815,True,retry_payment,False,0.0
CUST_04459,TXN_007031,26.98,wallet,success,,2,5,1,621,False,,False,0.0
CUST_03777,TXN_007032,9.26,netbanking,success,,3,7,2,1167,False,,False,0.0
CUST_04582,TXN_007033,31.24,wallet,success,,2,9,2,736,False,,False,0.0
CUST_03047,TXN_007034,6.34,upi,success,,3,5,2,685,False,,False,0.0
CUST_04244,TXN_007035,25.07,upi,success,,3,7,0,96,False,,False,0.0
CUST_00861,TXN_007036,40.24,card,success,,3,11,0,736,False,,False,0.0
CUST_00352,TXN_007037,35.79,card,success,,2,7,2,1059,False,,False,0.0
CUST_02717,TXN_007038,23.83,netbanking,success,,2,9,2,121,False,,False,0.0
CUST_04049,TXN_007039,30.93,card,success,,1,10,0,1403,False,,False,0.0
CUST_03827,TXN_007040,17.69,card,success,,2,7,2,518,False,,False,0.0
CUST_02639,TXN_007041,33.4,netbanking,failed,card_declined,2,2,2,451,False,,False,0.0
CUST_02604,TXN_007042,34.69,card,success,,2,10,2,428,False,,False,0.0
CUST_03049,TXN_007043,16.12,upi,success,,1,8,2,503,False,,False,0.0
CUST_04341,TXN_007044,41.02,card,success,,3,11,1,1232,False,,False,0.0
CUST_04209,TXN_007045,40.82,card,success,,3,14,1,980,False,,False,0.0
CUST_00549,TXN_007046,28.99,card,success,,3,9,2,1181,False,,False,0.0
CUST_02979,TXN_007047,229.71,upi,success,,2,10,1,813,False,,False,0.0
CUST_01905,TXN_007048,29.59,netbanking,success,,3,10,2,199,False,,False,0.0
CUST_03997,TXN_007049,26.49,netbanking,success,,3,3,2,322,False,,False,0.0
CUST_02530,TXN_007050,23.62,card,success,,3,7,0,1409,False,,False,0.0
CUST_04956,TXN_007051,15.23,card,success,,2,7,1,610,False,,False,0.0
CUST_02162,TXN_007052,57.32,netbanking,success,,3,2,1,830,False,,False,0.0
CUST_03395,TXN_007053,19.13,card,success,,2,7,0,209,False,,False,0.0
CUST_00543,TXN_007054,21.02,card,success,,1,7,3,937,False,,False,0.0
CUST_04661,TXN_007055,21.53,upi,success,,1,9,0,369,False,,False,0.0
CUST_00768,TXN_007056,15.06,netbanking,success,,2,9,1,485,False,,False,0.0
CUST_01892,TXN_007057,8.16,card,success,,3,12,2,1331,False,,False,0.0
CUST_04188,TXN_007058,22.87,card,failed,authentication_failed,3,9,1,552,True,update_payment_method,True,22.87
CUST_04837,TXN_007059,66.6,wallet,success,,2,8,2,663,False,,False,0.0
CUST_02422,TXN_007060,38.77,wallet,failed,authentication_failed,2,9,2,633,False,,False,0.0
CUST_02424,TXN_007061,115.41,upi,success,,3,10,1,823,False,,False,0.0
CUST_00244,TXN_007062,60.39,upi,success,,2,7,2,262,False,,False,0.0
CUST_04894,TXN_007063,50.36,wallet,failed,card_declined,2,9,3,521,False,,False,0.0
CUST_00083,TXN_007064,149.32,upi,success,,2,8,1,1019,False,,False,0.0
CUST_00131,TXN_007065,30.64,netbanking,success,,2,12,2,1146,False,,False,0.0
CUST_02367,TXN_007066,34.83,upi,success,,1,8,1,617,False,,False,0.0
CUST_00019,TXN_007067,32.81,card,success,,3,2,0,133,False,,False,0.0
CUST_00822,TXN_007068,113.87,netbanking,success,,3,9,0,706,False,,False,0.0
CUST_03138,TXN_007069,33.18,upi,success,,2,9,0,825,False,,False,0.0
CUST_03525,TXN_007070,19.71,card,failed,card_declined,3,7,2,891,True,send_reminder,True,19.71
CUST_01491,TXN_007071,52.99,upi,success,,3,12,3,857,False,,False,0.0
CUST_03976,TXN_007072,17.24,netbanking,success,,2,9,2,977,False,,False,0.0
CUST_03038,TXN_007073,50.74,card,success,,1,8,1,1225,False,,False,0.0
CUST_01142,TXN_007074,46.11,netbanking,success,,1,9,1,445,False,,False,0.0
CUST_03562,TXN_007075,28.46,card,success,,3,7,3,1332,False,,False,0.0
CUST_02961,TXN_007076,52.07,upi,success,,1,4,0,1272,False,,False,0.0
CUST_04060,TXN_007077,10.07,wallet,failed,insufficient_funds,3,5,3,249,False,,False,0.0
CUST_00773,TXN_007078,37.73,netbanking,success,,2,6,2,381,False,,False,0.0
CUST_01155,TXN_007079,22.87,netbanking,success,,3,9,0,1441,False,,False,0.0
CUST_01518,TXN_007080,326.95,upi,success,,1,8,0,741,False,,False,0.0
CUST_01707,TXN_007081,37.51,upi,success,,2,6,0,1497,False,,False,0.0
CUST_04444,TXN_007082,20.55,upi,success,,1,10,1,155,False,,False,0.0
CUST_03662,TXN_007083,10.99,card,success,,2,9,1,960,False,,False,0.0
CUST_02720,TXN_007084,94.1,upi,success,,1,12,3,358,False,,False,0.0
CUST_02702,TXN_007085,25.03,upi,success,,1,10,3,31,False,,False,0.0
CUST_04429,TXN_007086,17.58,upi,success,,1,7,0,1129,False,,False,0.0
CUST_02234,TXN_007087,43.34,card,success,,2,8,0,79,False,,False,0.0
CUST_01127,TXN_007088,55.69,card,success,,1,6,1,791,False,,False,0.0
CUST_00685,TXN_007089,54.99,card,success,,1,8,2,1397,False,,False,0.0
CUST_01650,TXN_007090,33.64,card,success,,3,14,0,442,False,,False,0.0
CUST_03266,TXN_007091,37.61,card,success,,2,5,1,1217,False,,False,0.0
CUST_02355,TXN_007092,39.87,card,success,,2,7,1,139,False,,False,0.0
CUST_02109,TXN_007093,43.34,wallet,success,,3,10,1,527,False,,False,0.0
CUST_02400,TXN_007094,46.52,card,success,,2,7,2,1147,False,,False,0.0
CUST_04874,TXN_007095,79.48,netbanking,failed,expired_card,3,5,0,358,True,offer_support,False,0.0
CUST_04988,TXN_007096,34.64,card,success,,3,6,1,678,False,,False,0.0
CUST_00807,TXN_007097,17.23,netbanking,success,,2,8,4,766,False,,False,0.0
CUST_00573,TXN_007098,29.51,upi,success,,2,6,4,1414,False,,False,0.0
CUST_01222,TXN_007099,60.52,wallet,success,,1,7,3,1161,False,,False,0.0
CUST_04259,TXN_007100,7.93,netbanking,success,,3,10,4,779,False,,False,0.0
CUST_02298,TXN_007101,7.97,upi,success,,3,5,2,755,False,,False,0.0
CUST_04318,TXN_007102,69.04,card,success,,1,10,2,426,False,,False,0.0
CUST_03234,TXN_007103,111.73,upi,success,,2,7,2,1272,False,,False,0.0
CUST_02766,TXN_007104,12.04,card,failed,network_error,1,9,1,620,True,offer_support,True,12.04
CUST_01408,TXN_007105,35.89,netbanking,success,,3,3,1,88,False,,False,0.0
CUST_01720,TXN_007106,24.06,netbanking,success,,1,7,2,1160,False,,False,0.0
CUST_00739,TXN_007107,26.88,card,failed,authentication_failed,1,8,3,1235,True,update_payment_method,True,26.88
CUST_02596,TXN_007108,42.28,upi,success,,3,6,1,377,False,,False,0.0
CUST_01402,TXN_007109,11.77,card,success,,2,8,1,173,False,,False,0.0
CUST_01463,TXN_007110,13.66,upi,success,,3,6,1,666,False,,False,0.0
CUST_00198,TXN_007111,26.02,upi,success,,3,11,5,1146,False,,False,0.0
CUST_03995,TXN_007112,29.48,upi,failed,insufficient_funds,2,7,0,1009,True,retry_payment,True,29.48
CUST_04696,TXN_007113,13.45,netbanking,success,,2,10,1,331,False,,False,0.0
CUST_02491,TXN_007114,62.28,card,success,,3,8,0,1443,False,,False,0.0
CUST_02680,TXN_007115,23.71,netbanking,failed,card_declined,2,5,0,1050,False,,False,0.0
CUST_04629,TXN_007116,23.63,upi,success,,1,8,4,1476,False,,False,0.0
CUST_02557,TXN_007117,41.52,card,success,,2,3,1,1357,False,,False,0.0
CUST_03113,TXN_007118,29.87,card,success,,2,10,0,270,False,,False,0.0
CUST_02141,TXN_007119,64.71,card,success,,3,8,0,1119,False,,False,0.0
CUST_02572,TXN_007120,15.69,upi,success,,1,11,3,460,False,,False,0.0
CUST_02609,TXN_007121,10.83,netbanking,success,,2,10,3,340,False,,False,0.0
CUST_03555,TXN_007122,25.85,card,success,,2,6,3,1329,False,,False,0.0
CUST_03021,TXN_007123,34.75,card,success,,3,9,2,338,False,,False,0.0
CUST_02520,TXN_007124,12.27,upi,success,,1,8,1,315,False,,False,0.0
CUST_00380,TXN_007125,10.91,card,success,,2,9,3,339,False,,False,0.0
CUST_04522,TXN_007126,38.31,card,success,,2,8,1,671,False,,False,0.0
CUST_04441,TXN_007127,18.06,upi,success,,3,7,6,161,False,,False,0.0
CUST_00923,TXN_007128,10.36,card,success,,2,10,0,168,False,,False,0.0
CUST_01467,TXN_007129,71.68,netbanking,success,,1,12,3,120,False,,False,0.0
CUST_04866,TXN_007130,19.98,card,success,,2,8,2,1115,False,,False,0.0
CUST_01605,TXN_007131,83.08,upi,success,,3,6,1,322,False,,False,0.0
CUST_04061,TXN_007132,33.88,card,success,,1,10,1,606,False,,False,0.0
CUST_03928,TXN_007133,41.92,card,success,,3,13,2,243,False,,False,0.0
CUST_04303,TXN_007134,27.96,upi,success,,2,8,3,1499,False,,False,0.0
CUST_00080,TXN_007135,3.96,upi,success,,3,7,3,1356,False,,False,0.0
CUST_02415,TXN_007136,13.34,wallet,failed,network_error,1,8,3,828,True,retry_payment,True,13.34
CUST_02827,TXN_007137,29.95,card,success,,3,11,1,1298,False,,False,0.0
CUST_04186,TXN_007138,44.34,upi,success,,1,11,4,706,False,,False,0.0
CUST_01123,TXN_007139,7.91,upi,success,,2,10,4,1241,False,,False,0.0
CUST_01534,TXN_007140,31.73,card,success,,2,8,0,577,False,,False,0.0
CUST_00900,TXN_007141,13.49,netbanking,success,,1,10,0,569,False,,False,0.0
CUST_03809,TXN_007142,39.95,card,success,,1,13,3,845,False,,False,0.0
CUST_04994,TXN_007143,32.61,netbanking,success,,3,10,1,1024,False,,False,0.0
CUST_00703,TXN_007144,60.03,upi,success,,2,11,2,810,False,,False,0.0
CUST_01166,TXN_007145,77.75,card,success,,3,5,0,464,False,,False,0.0
CUST_01535,TXN_007146,47.81,upi,failed,card_declined,1,6,1,463,True,retry_payment,False,0.0
CUST_04445,TXN_007147,65.91,card,success,,2,7,3,910,False,,False,0.0
CUST_02229,TXN_007148,25.02,upi,success,,2,10,2,1405,False,,False,0.0
CUST_01410,TXN_007149,316.87,netbanking,success,,2,15,0,1498,False,,False,0.0
CUST_01612,TXN_007150,12.49,upi,failed,card_declined,2,5,1,1285,True,retry_payment,False,0.0
CUST_02990,TXN_007151,21.71,card,success,,1,10,3,926,False,,False,0.0
CUST_01935,TXN_007152,68.11,card,success,,1,6,2,128,False,,False,0.0
CUST_00702,TXN_007153,60.47,upi,success,,3,4,0,724,False,,False,0.0
CUST_04100,TXN_007154,48.91,upi,failed,insufficient_funds,1,4,0,451,False,,False,0.0
CUST_02111,TXN_007155,56.84,upi,success,,2,9,0,1137,False,,False,0.0
CUST_01284,TXN_007156,6.25,card,success,,2,4,2,153,False,,False,0.0
CUST_03642,TXN_007157,118.09,netbanking,failed,insufficient_funds,3,5,1,1388,False,,False,0.0
CUST_03726,TXN_007158,28.13,netbanking,success,,3,11,2,720,False,,False,0.0
CUST_00776,TXN_007159,89.72,upi,success,,1,13,2,766,False,,False,0.0
CUST_00369,TXN_007160,6.51,card,success,,1,8,0,1202,False,,False,0.0
CUST_00228,TXN_007161,40.66,upi,success,,3,8,3,1000,False,,False,0.0
CUST_03828,TXN_007162,21.1,card,failed,network_error,1,6,1,1198,True,retry_payment,False,0.0
CUST_03129,TXN_007163,52.34,netbanking,success,,3,9,3,1165,False,,False,0.0
CUST_03960,TXN_007164,42.68,netbanking,success,,3,5,2,1233,False,,False,0.0
CUST_03132,TXN_007165,44.38,netbanking,success,,3,7,2,278,False,,False,0.0
CUST_02009,TXN_007166,14.19,card,failed,card_declined,2,9,1,372,False,,False,0.0
CUST_02948,TXN_007167,31.64,upi,success,,2,9,1,480,False,,False,0.0
CUST_03612,TXN_007168,28.67,netbanking,success,,1,8,4,1400,False,,False,0.0
CUST_01994,TXN_007169,49.22,card,success,,1,8,3,1051,False,,False,0.0
CUST_04575,TXN_007170,73.07,card,failed,expired_card,1,10,1,1412,True,offer_support,False,0.0
CUST_04498,TXN_007171,37.35,card,failed,authentication_failed,1,7,2,1090,True,send_reminder,False,0.0
CUST_04003,TXN_007172,11.93,upi,success,,3,3,4,440,False,,False,0.0
CUST_04961,TXN_007173,36.09,card,success,,2,5,0,753,False,,False,0.0
CUST_01952,TXN_007174,267.43,card,success,,2,9,2,611,False,,False,0.0
CUST_00571,TXN_007175,123.57,upi,success,,2,11,1,1213,False,,False,0.0
CUST_02421,TXN_007176,3.07,netbanking,success,,1,12,3,1233,False,,False,0.0
CUST_03729,TXN_007177,34.84,netbanking,success,,3,5,2,1011,False,,False,0.0
CUST_03897,TXN_007178,69.8,netbanking,success,,2,8,2,547,False,,False,0.0
CUST_01943,TXN_007179,28.62,netbanking,success,,2,11,1,723,False,,False,0.0
CUST_01463,TXN_007180,22.92,upi,success,,1,9,2,515,False,,False,0.0
CUST_02227,TXN_007181,26.75,netbanking,failed,network_error,1,7,4,1286,False,,False,0.0
CUST_04019,TXN_007182,51.51,card,success,,1,8,2,880,False,,False,0.0
CUST_00303,TXN_007183,13.21,netbanking,success,,2,6,0,13,False,,False,0.0
CUST_01641,TXN_007184,85.71,netbanking,success,,3,8,2,1253,False,,False,0.0
CUST_01150,TXN_007185,31.66,upi,success,,1,4,1,710,False,,False,0.0
CUST_04030,TXN_007186,15.67,card,success,,2,7,3,283,False,,False,0.0
CUST_02348,TXN_007187,81.41,card,failed,authentication_failed,2,7,0,1342,False,,False,0.0
CUST_00434,TXN_007188,9.62,card,success,,3,10,1,1236,False,,False,0.0
CUST_01309,TXN_007189,21.24,card,failed,insufficient_funds,3,3,2,495,True,retry_payment,False,0.0
CUST_00222,TXN_007190,20.96,card,success,,3,7,1,1202,False,,False,0.0
CUST_02378,TXN_007191,184.04,card,success,,1,8,0,975,False,,False,0.0
CUST_04988,TXN_007192,19.14,card,failed,authentication_failed,1,12,2,1401,True,update_payment_method,False,0.0
CUST_02836,TXN_007193,5.91,netbanking,success,,2,3,2,884,False,,False,0.0
CUST_04347,TXN_007194,20.79,upi,success,,1,11,2,264,False,,False,0.0
CUST_03713,TXN_007195,47.68,netbanking,success,,2,8,0,876,False,,False,0.0
CUST_04414,TXN_007196,62.01,card,success,,1,10,3,1026,False,,False,0.0
CUST_01555,TXN_007197,204.64,card,success,,1,8,1,211,False,,False,0.0
CUST_04756,TXN_007198,102.06,card,success,,3,8,1,1094,False,,False,0.0
CUST_01193,TXN_007199,38.49,netbanking,success,,1,9,1,1298,False,,False,0.0
CUST_02192,TXN_007200,16.23,card,success,,2,8,1,47,False,,False,0.0
CUST_03406,TXN_007201,121.42,upi,success,,3,15,3,282,False,,False,0.0
CUST_01434,TXN_007202,24.66,card,success,,2,4,4,433,False,,False,0.0
CUST_01323,TXN_007203,19.56,card,success,,3,5,1,695,False,,False,0.0
CUST_00650,TXN_007204,23.72,card,success,,1,4,1,1342,False,,False,0.0
CUST_00022,TXN_007205,12.16,upi,success,,2,8,0,972,False,,False,0.0
CUST_02506,TXN_007206,22.83,card,success,,1,2,2,296,False,,False,0.0
CUST_04933,TXN_007207,27.48,netbanking,success,,1,8,1,109,False,,False,0.0
CUST_01101,TXN_007208,59.41,card,success,,2,9,1,1419,False,,False,0.0
CUST_02201,TXN_007209,24.28,card,success,,1,9,0,281,False,,False,0.0
CUST_04677,TXN_007210,12.01,card,success,,1,10,5,729,False,,False,0.0
CUST_03861,TXN_007211,9.18,wallet,success,,3,4,2,1372,False,,False,0.0
CUST_00021,TXN_007212,39.16,upi,success,,3,7,1,144,False,,False,0.0
CUST_02503,TXN_007213,35.1,upi,success,,2,10,0,70,False,,False,0.0
CUST_00716,TXN_007214,21.25,upi,success,,3,6,0,851,False,,False,0.0
CUST_01235,TXN_007215,22.78,netbanking,success,,1,9,0,405,False,,False,0.0
CUST_01233,TXN_007216,45.19,card,success,,3,11,1,414,False,,False,0.0
CUST_03062,TXN_007217,100.73,netbanking,success,,3,8,2,31,False,,False,0.0
CUST_00995,TXN_007218,17.74,netbanking,success,,2,9,1,1176,False,,False,0.0
CUST_01260,TXN_007219,35.56,card,success,,3,12,2,59,False,,False,0.0
CUST_01129,TXN_007220,71.28,card,success,,1,8,1,113,False,,False,0.0
CUST_01785,TXN_007221,17.8,upi,success,,3,6,0,1300,False,,False,0.0
CUST_03280,TXN_007222,32.7,card,success,,2,8,3,311,False,,False,0.0
CUST_02000,TXN_007223,32.12,card,success,,1,10,0,63,False,,False,0.0
CUST_01638,TXN_007224,11.6,card,failed,authentication_failed,1,13,2,1394,True,send_reminder,False,0.0
CUST_02588,TXN_007225,37.89,card,success,,3,7,1,1186,False,,False,0.0
CUST_03075,TXN_007226,33.96,upi,success,,3,9,2,21,False,,False,0.0
CUST_00077,TXN_007227,51.63,upi,success,,3,4,2,822,False,,False,0.0
CUST_04451,TXN_007228,12.81,upi,success,,3,6,1,926,False,,False,0.0
CUST_04582,TXN_007229,33.38,upi,success,,3,8,2,239,False,,False,0.0
CUST_03013,TXN_007230,100.02,card,success,,1,6,2,995,False,,False,0.0
CUST_02873,TXN_007231,174.51,upi,success,,2,10,0,16,False,,False,0.0
CUST_03472,TXN_007232,92.21,netbanking,success,,3,9,2,1008,False,,False,0.0
CUST_02204,TXN_007233,12.91,card,success,,2,11,1,132,False,,False,0.0
CUST_01828,TXN_007234,47.51,upi,success,,1,3,3,503,False,,False,0.0
CUST_01764,TXN_007235,22.5,netbanking,success,,1,13,1,1269,False,,False,0.0
CUST_00799,TXN_007236,41.56,upi,success,,3,9,2,402,False,,False,0.0
CUST_04206,TXN_007237,17.85,card,success,,3,14,2,684,False,,False,0.0
CUST_01603,TXN_007238,8.41,card,success,,2,8,7,1379,False,,False,0.0
CUST_01422,TXN_007239,25.14,upi,failed,network_error,3,9,3,1141,True,retry_payment,True,25.14
CUST_04821,TXN_007240,59.03,upi,success,,3,3,0,1329,False,,False,0.0
CUST_02534,TXN_007241,41.7,netbanking,success,,3,11,2,208,False,,False,0.0
CUST_03109,TXN_007242,45.71,upi,failed,insufficient_funds,3,10,1,834,False,,False,0.0
CUST_01227,TXN_007243,39.37,card,success,,3,6,0,1265,False,,False,0.0
CUST_01388,TXN_007244,45.77,netbanking,success,,1,8,1,1485,False,,False,0.0
CUST_03641,TXN_007245,50.58,upi,success,,3,14,0,316,False,,False,0.0
CUST_02255,TXN_007246,26.58,wallet,success,,2,9,1,396,False,,False,0.0
CUST_00739,TXN_007247,35.39,netbanking,success,,2,9,2,911,False,,False,0.0
CUST_04177,TXN_007248,133.57,card,success,,1,3,1,812,False,,False,0.0
CUST_02014,TXN_007249,37.1,upi,success,,3,8,2,975,False,,False,0.0
CUST_03342,TXN_007250,34.26,upi,success,,3,9,2,1381,False,,False,0.0
CUST_01707,TXN_007251,35.96,card,failed,card_declined,1,5,1,583,True,retry_payment,False,0.0
CUST_02803,TXN_007252,27.82,upi,success,,2,5,0,341,False,,False,0.0
CUST_03878,TXN_007253,23.38,card,failed,authentication_failed,3,14,0,658,False,,False,0.0
CUST_04425,TXN_007254,39.13,card,failed,insufficient_funds,3,7,6,611,True,retry_payment,True,39.13
CUST_01037,TXN_007255,22.1,upi,success,,2,9,1,79,False,,False,0.0
CUST_03362,TXN_007256,29.48,card,success,,3,6,1,1254,False,,False,0.0
CUST_04573,TXN_007257,17.59,netbanking,success,,3,6,1,1190,False,,False,0.0
CUST_03214,TXN_007258,36.1,upi,failed,authentication_failed,1,5,1,1426,True,offer_support,False,0.0
CUST_00716,TXN_007259,52.84,netbanking,success,,2,7,3,172,False,,False,0.0
CUST_00949,TXN_007260,27.95,upi,success,,1,7,2,2,False,,False,0.0
CUST_01014,TXN_007261,6.64,netbanking,success,,1,7,0,801,False,,False,0.0
CUST_00532,TXN_007262,53.11,card,success,,2,9,1,391,False,,False,0.0
CUST_03768,TXN_007263,36.46,wallet,failed,authentication_failed,1,8,1,724,False,,False,0.0
CUST_04825,TXN_007264,14.96,card,success,,1,2,2,43,False,,False,0.0
CUST_02584,TXN_007265,61.47,netbanking,failed,insufficient_funds,1,11,0,733,False,,False,0.0
CUST_02994,TXN_007266,10.82,upi,success,,1,8,1,863,False,,False,0.0
CUST_03868,TXN_007267,76.43,card,success,,1,12,2,1239,False,,False,0.0
CUST_02079,TXN_007268,31.63,upi,failed,insufficient_funds,2,12,4,271,True,update_payment_method,True,31.63
CUST_02362,TXN_007269,5.39,upi,failed,card_declined,3,5,0,1267,True,offer_support,True,5.39
CUST_02945,TXN_007270,38.19,card,success,,2,2,1,957,False,,False,0.0
CUST_01523,TXN_007271,23.93,card,failed,network_error,3,2,0,1231,False,,False,0.0
CUST_00309,TXN_007272,21.21,card,success,,2,6,0,1121,False,,False,0.0
CUST_02839,TXN_007273,18.35,wallet,failed,card_declined,3,6,3,1272,True,update_payment_method,True,18.35
CUST_04110,TXN_007274,29.91,upi,failed,authentication_failed,1,12,2,326,True,offer_support,False,0.0
CUST_00367,TXN_007275,22.46,card,success,,1,5,1,918,False,,False,0.0
CUST_01084,TXN_007276,7.5,netbanking,success,,1,8,2,811,False,,False,0.0
CUST_01315,TXN_007277,91.62,upi,success,,2,6,0,1317,False,,False,0.0
CUST_04022,TXN_007278,27.24,upi,success,,1,10,2,116,False,,False,0.0
CUST_02523,TXN_007279,18.44,upi,success,,2,11,0,510,False,,False,0.0
CUST_02672,TXN_007280,13.43,card,success,,3,9,1,1430,False,,False,0.0
CUST_03226,TXN_007281,61.35,card,success,,3,11,1,663,False,,False,0.0
CUST_01383,TXN_007282,11.72,netbanking,success,,2,8,1,1019,False,,False,0.0
CUST_03568,TXN_007283,36.86,netbanking,success,,3,7,2,1199,False,,False,0.0
CUST_00152,TXN_007284,20.76,netbanking,success,,2,8,1,961,False,,False,0.0
CUST_00569,TXN_007285,21.75,card,success,,3,9,0,290,False,,False,0.0
CUST_04079,TXN_007286,13.7,netbanking,success,,3,12,0,1215,False,,False,0.0
CUST_03291,TXN_007287,20.16,card,success,,2,10,2,802,False,,False,0.0
CUST_00883,TXN_007288,33.35,upi,failed,authentication_failed,3,6,3,1235,False,,False,0.0
CUST_02194,TXN_007289,39.97,card,success,,2,6,1,469,False,,False,0.0
CUST_00259,TXN_007290,17.66,netbanking,success,,1,7,1,368,False,,False,0.0
CUST_03359,TXN_007291,30.79,wallet,failed,card_declined,2,9,2,612,True,update_payment_method,True,30.79
CUST_03779,TXN_007292,67.41,card,success,,3,8,3,851,False,,False,0.0
CUST_01392,TXN_007293,8.76,netbanking,success,,2,6,1,287,False,,False,0.0
CUST_01750,TXN_007294,32.95,upi,success,,1,7,0,451,False,,False,0.0
CUST_01184,TXN_007295,15.48,card,success,,1,5,2,739,False,,False,0.0
CUST_01947,TXN_007296,14.27,card,success,,3,11,2,928,False,,False,0.0
CUST_01362,TXN_007297,40.81,upi,success,,3,7,1,1408,False,,False,0.0
CUST_01236,TXN_007298,21.41,card,success,,1,7,1,441,False,,False,0.0
CUST_02151,TXN_007299,12.51,card,failed,authentication_failed,2,12,3,144,True,update_payment_method,True,12.51
CUST_04296,TXN_007300,95.53,netbanking,success,,1,10,3,963,False,,False,0.0
CUST_03813,TXN_007301,69.14,upi,failed,insufficient_funds,1,8,0,178,True,retry_payment,False,0.0
CUST_01487,TXN_007302,7.06,netbanking,success,,3,8,0,1107,False,,False,0.0
CUST_04714,TXN_007303,10.18,upi,success,,1,12,0,162,False,,False,0.0
CUST_01051,TXN_007304,53.24,upi,success,,2,9,2,353,False,,False,0.0
CUST_04553,TXN_007305,26.37,netbanking,success,,2,3,2,195,False,,False,0.0
CUST_01546,TXN_007306,110.0,card,success,,2,11,4,1222,False,,False,0.0
CUST_02701,TXN_007307,54.22,card,failed,insufficient_funds,3,12,2,1057,True,update_payment_method,True,54.22
CUST_01016,TXN_007308,42.08,upi,success,,3,6,1,272,False,,False,0.0
CUST_03810,TXN_007309,14.62,wallet,success,,1,9,1,256,False,,False,0.0
CUST_01588,TXN_007310,49.07,card,success,,1,8,1,566,False,,False,0.0
CUST_04362,TXN_007311,11.93,wallet,success,,1,7,1,737,False,,False,0.0
CUST_00415,TXN_007312,94.08,netbanking,success,,1,10,3,103,False,,False,0.0
CUST_02510,TXN_007313,46.42,upi,success,,2,4,0,912,False,,False,0.0
CUST_00793,TXN_007314,17.12,card,failed,card_declined,2,7,0,415,False,,False,0.0
CUST_04444,TXN_007315,63.04,card,success,,2,8,2,995,False,,False,0.0
CUST_02085,TXN_007316,198.98,upi,failed,expired_card,3,8,6,1184,True,retry_payment,False,0.0
CUST_03372,TXN_007317,27.82,card,success,,3,4,2,1371,False,,False,0.0
CUST_04397,TXN_007318,51.44,card,success,,2,7,2,143,False,,False,0.0
CUST_02678,TXN_007319,23.44,card,success,,2,8,1,541,False,,False,0.0
CUST_00287,TXN_007320,35.46,wallet,success,,2,10,1,114,False,,False,0.0
CUST_01104,TXN_007321,9.92,card,success,,2,7,1,1281,False,,False,0.0
CUST_01064,TXN_007322,33.1,upi,success,,2,5,1,318,False,,False,0.0
CUST_04571,TXN_007323,34.29,card,success,,1,6,2,1458,False,,False,0.0
CUST_04541,TXN_007324,139.66,card,failed,card_declined,2,7,2,1423,True,send_reminder,True,139.66
CUST_02385,TXN_007325,7.88,card,failed,card_declined,2,9,0,402,True,send_reminder,False,0.0
CUST_04450,TXN_007326,26.45,netbanking,success,,2,5,4,512,False,,False,0.0
CUST_01230,TXN_007327,92.8,upi,success,,3,8,0,108,False,,False,0.0
CUST_03397,TXN_007328,27.29,card,success,,1,9,0,1444,False,,False,0.0
CUST_01960,TXN_007329,28.87,netbanking,success,,3,3,3,889,False,,False,0.0
CUST_01203,TXN_007330,17.0,card,success,,1,7,2,723,False,,False,0.0
CUST_01250,TXN_007331,15.7,netbanking,success,,2,6,1,1133,False,,False,0.0
CUST_02099,TXN_007332,7.69,card,success,,3,10,2,516,False,,False,0.0
CUST_01698,TXN_007333,20.02,netbanking,success,,3,4,1,1228,False,,False,0.0
CUST_01056,TXN_007334,15.01,wallet,failed,expired_card,3,9,2,1424,False,,False,0.0
CUST_01671,TXN_007335,36.39,netbanking,success,,3,2,1,714,False,,False,0.0
CUST_00643,TXN_007336,17.63,card,success,,2,6,1,1402,False,,False,0.0
CUST_04848,TXN_007337,22.56,upi,success,,2,9,1,1135,False,,False,0.0
CUST_01900,TXN_007338,23.06,netbanking,success,,1,4,4,1460,False,,False,0.0
CUST_00537,TXN_007339,31.86,upi,success,,3,8,1,128,False,,False,0.0
CUST_02879,TXN_007340,21.7,card,success,,2,9,1,224,False,,False,0.0
CUST_04415,TXN_007341,14.16,upi,success,,1,7,0,1237,False,,False,0.0
CUST_01800,TXN_007342,35.47,card,success,,1,6,1,439,False,,False,0.0
CUST_04226,TXN_007343,77.79,upi,success,,1,4,2,1229,False,,False,0.0
CUST_03054,TXN_007344,36.7,card,success,,2,7,5,925,False,,False,0.0
CUST_03696,TXN_007345,20.33,upi,success,,3,11,2,1392,False,,False,0.0
CUST_01481,TXN_007346,30.01,card,failed,insufficient_funds,2,6,1,94,True,retry_payment,True,30.01
CUST_00185,TXN_007347,6.42,card,success,,1,6,2,859,False,,False,0.0
CUST_01729,TXN_007348,29.62,card,success,,2,10,3,1363,False,,False,0.0
CUST_04622,TXN_007349,24.04,wallet,success,,3,11,3,165,False,,False,0.0
CUST_03953,TXN_007350,15.69,upi,success,,1,8,2,475,False,,False,0.0
CUST_03921,TXN_007351,18.14,upi,failed,expired_card,2,5,1,405,True,update_payment_method,True,18.14
CUST_04391,TXN_007352,23.85,netbanking,success,,3,8,0,1126,False,,False,0.0
CUST_01866,TXN_007353,73.26,upi,success,,3,5,0,384,False,,False,0.0
CUST_01610,TXN_007354,79.33,card,success,,1,5,3,601,False,,False,0.0
CUST_04626,TXN_007355,15.76,upi,success,,3,8,3,1285,False,,False,0.0
CUST_02858,TXN_007356,21.88,card,failed,authentication_failed,1,5,2,219,True,retry_payment,False,0.0
CUST_01490,TXN_007357,22.33,upi,success,,2,6,1,1313,False,,False,0.0
CUST_01391,TXN_007358,63.28,card,success,,2,9,2,1004,False,,False,0.0
CUST_04386,TXN_007359,37.2,wallet,failed,insufficient_funds,3,13,3,53,False,,False,0.0
CUST_00267,TXN_007360,35.67,upi,success,,3,9,2,813,False,,False,0.0
CUST_00309,TXN_007361,50.86,card,success,,2,8,1,1224,False,,False,0.0
CUST_03689,TXN_007362,20.55,upi,success,,3,5,1,1104,False,,False,0.0
CUST_00007,TXN_007363,98.6,card,success,,3,4,2,1379,False,,False,0.0
CUST_00855,TXN_007364,33.07,card,success,,2,4,2,584,False,,False,0.0
CUST_04953,TXN_007365,16.7,netbanking,success,,2,5,0,836,False,,False,0.0
CUST_02129,TXN_007366,27.56,netbanking,success,,2,6,3,1033,False,,False,0.0
CUST_03638,TXN_007367,88.73,upi,success,,1,4,0,1092,False,,False,0.0
CUST_02435,TXN_007368,23.57,upi,success,,2,7,3,1410,False,,False,0.0
CUST_00453,TXN_007369,70.78,card,success,,2,7,0,832,False,,False,0.0
CUST_00923,TXN_007370,20.08,card,success,,1,12,1,26,False,,False,0.0
CUST_03805,TXN_007371,17.95,upi,success,,2,5,1,1348,False,,False,0.0
CUST_00473,TXN_007372,56.13,upi,success,,1,7,2,1353,False,,False,0.0
CUST_02973,TXN_007373,16.46,card,success,,2,10,0,703,False,,False,0.0
CUST_01740,TXN_007374,63.95,card,success,,2,9,1,1453,False,,False,0.0
CUST_01852,TXN_007375,43.87,card,success,,1,6,0,488,False,,False,0.0
CUST_04761,TXN_007376,16.46,card,failed,expired_card,2,6,2,1103,True,send_reminder,True,16.46
CUST_03030,TXN_007377,31.28,card,success,,2,7,4,972,False,,False,0.0
CUST_03076,TXN_007378,21.35,card,failed,card_declined,2,7,0,526,False,,False,0.0
CUST_01752,TXN_007379,43.78,upi,success,,3,8,1,679,False,,False,0.0
CUST_01907,TXN_007380,149.94,card,success,,3,4,2,999,False,,False,0.0
CUST_03429,TXN_007381,24.62,card,failed,network_error,2,10,0,261,False,,False,0.0
CUST_00195,TXN_007382,50.76,upi,success,,2,8,1,796,False,,False,0.0
CUST_01187,TXN_007383,33.77,netbanking,success,,1,6,0,111,False,,False,0.0
CUST_03001,TXN_007384,33.76,card,success,,3,6,4,818,False,,False,0.0
CUST_03118,TXN_007385,29.02,card,success,,2,7,1,1007,False,,False,0.0
CUST_00462,TXN_007386,16.68,upi,success,,3,8,1,716,False,,False,0.0
CUST_03939,TXN_007387,43.3,card,success,,3,11,0,872,False,,False,0.0
CUST_02713,TXN_007388,26.29,card,failed,expired_card,1,8,6,1169,True,update_payment_method,True,26.29
CUST_01189,TXN_007389,16.06,upi,success,,3,11,1,572,False,,False,0.0
CUST_03760,TXN_007390,74.54,card,success,,2,3,3,725,False,,False,0.0
CUST_04954,TXN_007391,35.85,netbanking,failed,authentication_failed,2,8,0,280,False,,False,0.0
CUST_02118,TXN_007392,27.59,netbanking,success,,3,5,3,1048,False,,False,0.0
CUST_01417,TXN_007393,96.74,card,failed,expired_card,2,6,0,249,True,send_reminder,False,0.0
CUST_01497,TXN_007394,7.62,card,success,,2,3,2,53,False,,False,0.0
CUST_02963,TXN_007395,91.68,wallet,success,,3,9,1,708,False,,False,0.0
CUST_00237,TXN_007396,16.38,upi,success,,3,3,4,158,False,,False,0.0
CUST_02417,TXN_007397,39.22,wallet,failed,network_error,1,7,1,361,False,,False,0.0
CUST_00124,TXN_007398,20.69,netbanking,success,,2,9,2,1241,False,,False,0.0
CUST_00193,TXN_007399,15.83,card,failed,insufficient_funds,2,8,3,989,True,offer_support,False,0.0
CUST_02150,TXN_007400,94.74,card,success,,3,4,3,1247,False,,False,0.0
CUST_03727,TXN_007401,146.2,card,success,,2,7,3,911,False,,False,0.0
CUST_04416,TXN_007402,27.74,netbanking,success,,1,7,2,1052,False,,False,0.0
CUST_00439,TXN_007403,43.31,card,success,,3,10,1,1213,False,,False,0.0
CUST_01221,TXN_007404,34.66,upi,success,,3,6,1,577,False,,False,0.0
CUST_02108,TXN_007405,132.21,upi,success,,3,5,1,1285,False,,False,0.0
CUST_02870,TXN_007406,6.11,netbanking,success,,1,13,0,1372,False,,False,0.0
CUST_04935,TXN_007407,44.78,netbanking,success,,1,7,1,1353,False,,False,0.0
CUST_03421,TXN_007408,18.51,card,success,,1,6,3,447,False,,False,0.0
CUST_02692,TXN_007409,5.03,card,success,,2,10,1,1131,False,,False,0.0
CUST_00305,TXN_007410,24.82,upi,success,,1,9,1,492,False,,False,0.0
CUST_00404,TXN_007411,145.25,netbanking,success,,3,10,1,257,False,,False,0.0
CUST_00766,TXN_007412,19.59,upi,success,,2,6,1,601,False,,False,0.0
CUST_03304,TXN_007413,62.34,upi,success,,1,11,1,469,False,,False,0.0
CUST_01657,TXN_007414,86.4,netbanking,failed,expired_card,1,8,1,59,False,,False,0.0
CUST_01205,TXN_007415,32.78,card,success,,2,6,1,1371,False,,False,0.0
CUST_03350,TXN_007416,36.47,card,failed,expired_card,1,13,2,332,False,,False,0.0
CUST_04077,TXN_007417,8.39,netbanking,success,,2,8,0,1018,False,,False,0.0
CUST_02195,TXN_007418,18.67,upi,success,,2,8,0,111,False,,False,0.0
CUST_04409,TXN_007419,68.42,netbanking,success,,2,6,1,744,False,,False,0.0
CUST_03671,TXN_007420,34.76,card,success,,2,7,2,797,False,,False,0.0
CUST_03581,TXN_007421,44.43,upi,success,,3,5,1,339,False,,False,0.0
CUST_04338,TXN_007422,36.84,card,success,,2,11,2,1043,False,,False,0.0
CUST_00919,TXN_007423,191.25,card,success,,1,11,1,340,False,,False,0.0
CUST_03792,TXN_007424,23.47,card,success,,2,11,1,885,False,,False,0.0
CUST_04788,TXN_007425,119.62,upi,success,,1,9,0,670,False,,False,0.0
CUST_04961,TXN_007426,36.85,card,success,,3,5,1,998,False,,False,0.0
CUST_02890,TXN_007427,128.43,card,success,,1,9,3,597,False,,False,0.0
CUST_03772,TXN_007428,12.43,card,success,,3,11,4,1230,False,,False,0.0
CUST_04443,TXN_007429,38.39,card,success,,2,5,1,918,False,,False,0.0
CUST_04261,TXN_007430,24.17,upi,success,,2,6,2,1470,False,,False,0.0
CUST_04489,TXN_007431,37.02,upi,success,,3,7,2,467,False,,False,0.0
CUST_04161,TXN_007432,88.05,upi,success,,3,7,3,189,False,,False,0.0
CUST_01907,TXN_007433,44.84,card,failed,insufficient_funds,1,8,1,305,False,,False,0.0
CUST_03651,TXN_007434,87.91,upi,success,,3,9,3,223,False,,False,0.0
CUST_02052,TXN_007435,19.37,card,success,,1,15,0,1073,False,,False,0.0
CUST_04009,TXN_007436,17.15,upi,success,,2,13,2,1266,False,,False,0.0
CUST_04051,TXN_007437,33.54,netbanking,success,,3,9,1,1036,False,,False,0.0
CUST_04673,TXN_007438,32.11,upi,success,,1,7,0,853,False,,False,0.0
CUST_02942,TXN_007439,28.54,wallet,success,,2,9,1,371,False,,False,0.0
CUST_02376,TXN_007440,15.38,card,success,,1,5,1,1432,False,,False,0.0
CUST_00828,TXN_007441,86.39,upi,success,,2,16,2,1182,False,,False,0.0
CUST_03191,TXN_007442,24.77,upi,success,,2,4,1,599,False,,False,0.0
CUST_02832,TXN_007443,103.63,upi,success,,2,4,2,1322,False,,False,0.0
CUST_02575,TXN_007444,33.45,upi,success,,3,5,1,1105,False,,False,0.0
CUST_03381,TXN_007445,55.63,card,success,,3,7,3,3,False,,False,0.0
CUST_04255,TXN_007446,51.74,upi,success,,1,9,3,509,False,,False,0.0
CUST_00744,TXN_007447,17.13,upi,success,,1,6,1,750,False,,False,0.0
CUST_02157,TXN_007448,44.42,upi,success,,2,2,2,1018,False,,False,0.0
CUST_03611,TXN_007449,154.88,card,success,,2,6,4,461,False,,False,0.0
CUST_04098,TXN_007450,40.5,card,success,,1,5,0,933,False,,False,0.0
CUST_03892,TXN_007451,68.1,wallet,success,,2,5,1,934,False,,False,0.0
CUST_03996,TXN_007452,57.66,card,success,,2,5,2,824,False,,False,0.0
CUST_04275,TXN_007453,42.34,card,success,,2,9,1,571,False,,False,0.0
CUST_04809,TXN_007454,38.44,card,success,,3,13,5,437,False,,False,0.0
CUST_03040,TXN_007455,51.31,upi,success,,2,5,1,301,False,,False,0.0
CUST_01245,TXN_007456,60.98,upi,success,,3,13,7,1284,False,,False,0.0
CUST_02818,TXN_007457,11.23,wallet,success,,3,4,3,507,False,,False,0.0
CUST_03548,TXN_007458,40.36,upi,success,,3,12,0,171,False,,False,0.0
CUST_00504,TXN_007459,28.58,card,success,,2,11,1,1123,False,,False,0.0
CUST_03784,TXN_007460,24.21,card,failed,insufficient_funds,2,7,1,1289,True,update_payment_method,False,0.0
CUST_02721,TXN_007461,93.39,card,success,,1,14,2,1115,False,,False,0.0
CUST_04681,TXN_007462,18.42,upi,success,,2,7,2,389,False,,False,0.0
CUST_01059,TXN_007463,10.85,wallet,success,,2,8,0,874,False,,False,0.0
CUST_04534,TXN_007464,62.59,card,success,,3,11,1,1198,False,,False,0.0
CUST_02240,TXN_007465,10.63,card,success,,2,7,1,792,False,,False,0.0
CUST_02868,TXN_007466,7.08,upi,success,,3,14,3,1436,False,,False,0.0
CUST_03300,TXN_007467,68.48,upi,success,,3,12,0,1264,False,,False,0.0
CUST_02896,TXN_007468,37.6,upi,failed,expired_card,3,7,5,115,True,retry_payment,False,0.0
CUST_04519,TXN_007469,48.34,upi,failed,expired_card,1,4,1,1414,False,,False,0.0
CUST_00837,TXN_007470,23.24,card,success,,1,9,2,733,False,,False,0.0
CUST_03649,TXN_007471,10.94,upi,failed,card_declined,3,10,3,132,True,retry_payment,True,10.94
CUST_04874,TXN_007472,12.82,card,success,,1,10,0,1451,False,,False,0.0
CUST_01101,TXN_007473,26.64,upi,success,,3,10,1,527,False,,False,0.0
CUST_01275,TXN_007474,11.97,card,success,,1,4,3,30,False,,False,0.0
CUST_02375,TXN_007475,42.34,upi,success,,2,9,0,293,False,,False,0.0
CUST_03623,TXN_007476,22.87,wallet,success,,3,4,3,33,False,,False,0.0
CUST_04794,TXN_007477,38.4,upi,success,,1,13,2,694,False,,False,0.0
CUST_03979,TXN_007478,37.49,card,success,,1,11,1,719,False,,False,0.0
CUST_03970,TXN_007479,45.13,wallet,success,,3,11,1,111,False,,False,0.0
CUST_02206,TXN_007480,49.38,card,success,,3,9,2,785,False,,False,0.0
CUST_03227,TXN_007481,25.15,netbanking,failed,card_declined,3,7,3,1443,True,offer_support,True,25.15
CUST_01056,TXN_007482,38.37,card,success,,2,8,1,950,False,,False,0.0
CUST_02316,TXN_007483,40.0,netbanking,success,,3,14,2,1386,False,,False,0.0
CUST_00945,TXN_007484,4.74,card,success,,3,9,0,1064,False,,False,0.0
CUST_00136,TXN_007485,55.55,card,success,,2,9,2,668,False,,False,0.0
CUST_04282,TXN_007486,37.34,wallet,success,,3,6,0,246,False,,False,0.0
CUST_04023,TXN_007487,52.0,upi,success,,1,13,1,904,False,,False,0.0
CUST_02554,TXN_007488,11.83,card,success,,2,9,2,325,False,,False,0.0
CUST_00073,TXN_007489,25.72,card,success,,3,8,2,284,False,,False,0.0
CUST_00451,TXN_007490,13.83,card,failed,expired_card,1,8,2,91,False,,False,0.0
CUST_00559,TXN_007491,60.08,card,success,,2,9,2,1407,False,,False,0.0
CUST_03585,TXN_007492,10.76,upi,success,,2,4,1,49,False,,False,0.0
CUST_01018,TXN_007493,15.75,upi,failed,network_error,2,6,0,1178,True,update_payment_method,False,0.0
CUST_01251,TXN_007494,50.78,wallet,success,,3,7,2,567,False,,False,0.0
CUST_04305,TXN_007495,20.02,netbanking,failed,insufficient_funds,2,5,2,1421,True,retry_payment,False,0.0
CUST_04382,TXN_007496,15.76,wallet,success,,1,8,2,1297,False,,False,0.0
CUST_03815,TXN_007497,68.4,upi,success,,3,5,2,520,False,,False,0.0
CUST_01548,TXN_007498,70.68,card,success,,1,12,1,865,False,,False,0.0
CUST_02900,TXN_007499,59.01,upi,success,,2,13,0,1372,False,,False,0.0
CUST_01002,TXN_007500,65.3,card,success,,3,6,2,614,False,,False,0.0
CUST_04289,TXN_007501,27.52,card,success,,2,6,3,931,False,,False,0.0
CUST_00425,TXN_007502,28.12,netbanking,success,,1,9,1,134,False,,False,0.0
CUST_03722,TXN_007503,19.72,upi,success,,2,7,1,947,False,,False,0.0
CUST_02558,TXN_007504,37.87,card,success,,1,10,2,1099,False,,False,0.0
CUST_03787,TXN_007505,21.71,card,success,,2,10,2,546,False,,False,0.0
CUST_02254,TXN_007506,23.42,card,success,,3,9,0,1345,False,,False,0.0
CUST_00791,TXN_007507,53.51,upi,success,,1,7,1,1146,False,,False,0.0
CUST_03756,TXN_007508,85.42,card,success,,3,10,1,102,False,,False,0.0
CUST_03155,TXN_007509,45.54,netbanking,success,,1,9,2,1300,False,,False,0.0
CUST_02323,TXN_007510,139.14,upi,success,,1,7,4,1029,False,,False,0.0
CUST_01864,TXN_007511,18.83,card,failed,network_error,2,10,0,1146,False,,False,0.0
CUST_01719,TXN_007512,7.61,upi,success,,3,11,2,961,False,,False,0.0
CUST_02406,TXN_007513,58.66,wallet,success,,2,10,0,309,False,,False,0.0
CUST_01309,TXN_007514,17.86,netbanking,success,,3,11,1,1357,False,,False,0.0
CUST_01412,TXN_007515,26.6,upi,success,,3,3,1,1106,False,,False,0.0
CUST_01391,TXN_007516,8.04,card,success,,1,12,1,807,False,,False,0.0
CUST_00064,TXN_007517,16.13,upi,success,,3,8,1,613,False,,False,0.0
CUST_04639,TXN_007518,9.96,netbanking,success,,2,9,0,203,False,,False,0.0
CUST_01183,TXN_007519,23.4,wallet,success,,1,11,2,1024,False,,False,0.0
CUST_00826,TXN_007520,24.15,upi,failed,expired_card,3,9,2,691,True,send_reminder,True,24.15
CUST_00756,TXN_007521,35.59,upi,success,,2,14,1,1252,False,,False,0.0
CUST_04940,TXN_007522,89.28,card,success,,3,9,0,1446,False,,False,0.0
CUST_02384,TXN_007523,56.91,card,success,,2,9,1,1206,False,,False,0.0
CUST_01635,TXN_007524,9.05,card,success,,2,10,3,948,False,,False,0.0
CUST_02020,TXN_007525,53.86,card,success,,1,8,3,209,False,,False,0.0
CUST_00442,TXN_007526,36.21,upi,success,,2,7,1,131,False,,False,0.0
CUST_01569,TXN_007527,30.62,card,success,,2,4,1,587,False,,False,0.0
CUST_01244,TXN_007528,32.52,upi,success,,1,9,4,757,False,,False,0.0
CUST_04016,TXN_007529,39.0,upi,success,,3,5,1,580,False,,False,0.0
CUST_00293,TXN_007530,19.04,card,failed,insufficient_funds,2,8,1,924,False,,False,0.0
CUST_02127,TXN_007531,28.62,upi,failed,expired_card,3,7,2,427,True,update_payment_method,True,28.62
CUST_03950,TXN_007532,85.38,card,success,,1,8,3,260,False,,False,0.0
CUST_04168,TXN_007533,18.86,card,success,,2,7,1,695,False,,False,0.0
CUST_02563,TXN_007534,14.53,wallet,success,,3,6,1,1224,False,,False,0.0
CUST_01113,TXN_007535,31.52,card,failed,network_error,1,9,2,1141,True,send_reminder,True,31.52
CUST_01685,TXN_007536,13.4,card,success,,1,12,2,71,False,,False,0.0
CUST_01112,TXN_007537,8.35,upi,success,,3,5,1,433,False,,False,0.0
CUST_03310,TXN_007538,25.14,card,success,,1,7,2,1094,False,,False,0.0
CUST_01463,TXN_007539,105.52,card,success,,2,11,1,82,False,,False,0.0
CUST_03153,TXN_007540,32.11,upi,success,,1,3,1,687,False,,False,0.0
CUST_03278,TXN_007541,38.2,upi,failed,expired_card,2,10,3,1336,True,offer_support,False,0.0
CUST_04699,TXN_007542,6.02,upi,success,,3,6,1,806,False,,False,0.0
CUST_01852,TXN_007543,47.02,netbanking,success,,2,3,1,1228,False,,False,0.0
CUST_04806,TXN_007544,35.68,card,success,,2,5,1,684,False,,False,0.0
CUST_02004,TXN_007545,19.45,upi,success,,3,9,2,348,False,,False,0.0
CUST_03403,TXN_007546,38.25,card,success,,2,7,2,281,False,,False,0.0
CUST_03308,TXN_007547,37.94,card,success,,2,11,0,1457,False,,False,0.0
CUST_04089,TXN_007548,14.19,wallet,success,,2,8,2,771,False,,False,0.0
CUST_02346,TXN_007549,43.18,upi,success,,3,8,1,341,False,,False,0.0
CUST_03962,TXN_007550,86.29,card,success,,2,10,1,23,False,,False,0.0
CUST_01777,TXN_007551,27.6,card,success,,3,3,1,319,False,,False,0.0
CUST_02457,TXN_007552,16.54,card,success,,3,5,1,1457,False,,False,0.0
CUST_02498,TXN_007553,28.73,upi,success,,3,11,2,685,False,,False,0.0
CUST_03522,TXN_007554,65.61,card,success,,2,12,2,328,False,,False,0.0
CUST_03092,TXN_007555,12.42,wallet,success,,1,12,1,782,False,,False,0.0
CUST_00392,TXN_007556,52.61,card,success,,1,8,0,1029,False,,False,0.0
CUST_04045,TXN_007557,19.25,card,success,,3,8,0,1347,False,,False,0.0
CUST_03790,TXN_007558,40.19,wallet,failed,insufficient_funds,3,9,3,763,False,,False,0.0
CUST_00523,TXN_007559,21.08,netbanking,success,,1,8,1,871,False,,False,0.0
CUST_04809,TXN_007560,21.04,card,success,,2,10,1,317,False,,False,0.0
CUST_03303,TXN_007561,112.0,upi,success,,1,9,2,815,False,,False,0.0
CUST_00425,TXN_007562,10.73,netbanking,success,,2,9,1,463,False,,False,0.0
CUST_02457,TXN_007563,48.83,upi,success,,3,5,1,664,False,,False,0.0
CUST_04180,TXN_007564,132.3,upi,success,,1,9,0,330,False,,False,0.0
CUST_01399,TXN_007565,57.31,upi,success,,3,10,0,409,False,,False,0.0
CUST_04664,TXN_007566,11.42,wallet,success,,3,10,1,1316,False,,False,0.0
CUST_02092,TXN_007567,11.88,upi,success,,3,11,1,442,False,,False,0.0
CUST_01131,TXN_007568,18.15,card,success,,3,7,0,240,False,,False,0.0
CUST_01782,TXN_007569,37.57,upi,success,,1,10,0,491,False,,False,0.0
CUST_02624,TXN_007570,39.68,upi,success,,2,11,0,101,False,,False,0.0
CUST_03440,TXN_007571,11.97,upi,success,,2,9,2,915,False,,False,0.0
CUST_04639,TXN_007572,16.47,card,success,,1,6,2,902,False,,False,0.0
CUST_00975,TXN_007573,17.3,upi,success,,3,4,0,637,False,,False,0.0
CUST_04801,TXN_007574,28.66,upi,success,,1,8,3,530,False,,False,0.0
CUST_02638,TXN_007575,162.03,wallet,success,,3,10,3,1301,False,,False,0.0
CUST_00640,TXN_007576,15.7,card,success,,1,11,3,642,False,,False,0.0
CUST_04632,TXN_007577,15.16,upi,success,,2,12,4,1399,False,,False,0.0
CUST_01745,TXN_007578,13.38,upi,success,,2,15,2,712,False,,False,0.0
CUST_03103,TXN_007579,55.06,card,success,,1,6,2,1235,False,,False,0.0
CUST_03491,TXN_007580,32.04,upi,success,,2,10,0,1449,False,,False,0.0
CUST_00068,TXN_007581,16.17,card,success,,3,9,0,1101,False,,False,0.0
CUST_01108,TXN_007582,24.77,netbanking,success,,2,11,2,178,False,,False,0.0
CUST_03432,TXN_007583,17.58,upi,failed,expired_card,1,5,1,490,True,retry_payment,True,17.58
CUST_01624,TXN_007584,41.96,card,success,,1,10,1,60,False,,False,0.0
CUST_00047,TXN_007585,283.58,upi,success,,3,7,1,324,False,,False,0.0
CUST_00117,TXN_007586,51.45,wallet,success,,1,8,0,1264,False,,False,0.0
CUST_04132,TXN_007587,30.74,card,failed,insufficient_funds,2,6,1,560,True,update_payment_method,False,0.0
CUST_00768,TXN_007588,19.45,wallet,success,,3,10,2,1073,False,,False,0.0
CUST_00503,TXN_007589,11.31,card,success,,2,9,4,1459,False,,False,0.0
CUST_02812,TXN_007590,59.56,card,success,,1,9,1,277,False,,False,0.0
CUST_00595,TXN_007591,57.02,upi,success,,3,8,1,670,False,,False,0.0
CUST_03265,TXN_007592,22.81,card,success,,3,5,2,776,False,,False,0.0
CUST_02720,TXN_007593,87.42,netbanking,success,,2,11,2,300,False,,False,0.0
CUST_03244,TXN_007594,33.68,upi,success,,2,7,2,109,False,,False,0.0
CUST_02458,TXN_007595,61.55,upi,success,,2,12,1,932,False,,False,0.0
CUST_03892,TXN_007596,41.97,upi,success,,1,11,2,929,False,,False,0.0
CUST_03224,TXN_007597,28.74,upi,failed,network_error,1,7,1,574,True,update_payment_method,True,28.74
CUST_02076,TXN_007598,15.43,upi,success,,2,12,1,918,False,,False,0.0
CUST_00077,TXN_007599,29.48,upi,success,,2,7,2,109,False,,False,0.0
CUST_01368,TXN_007600,64.95,netbanking,success,,3,5,2,972,False,,False,0.0
CUST_00658,TXN_007601,22.05,upi,success,,2,10,2,333,False,,False,0.0
CUST_00078,TXN_007602,47.08,card,success,,3,10,1,423,False,,False,0.0
CUST_01366,TXN_007603,13.93,upi,success,,2,5,3,942,False,,False,0.0
CUST_01033,TXN_007604,61.81,card,success,,1,10,4,820,False,,False,0.0
CUST_00384,TXN_007605,42.54,card,success,,3,12,1,602,False,,False,0.0
CUST_01562,TXN_007606,12.66,card,success,,1,4,4,903,False,,False,0.0
CUST_02533,TXN_007607,27.68,card,failed,expired_card,3,9,2,1453,True,send_reminder,True,27.68
CUST_00891,TXN_007608,69.77,card,success,,2,14,0,202,False,,False,0.0
CUST_01366,TXN_007609,12.09,netbanking,failed,authentication_failed,3,4,0,477,True,update_payment_method,True,12.09
CUST_00101,TXN_007610,14.06,netbanking,success,,1,6,0,1439,False,,False,0.0
CUST_00252,TXN_007611,31.32,card,failed,expired_card,1,5,3,1233,False,,False,0.0
CUST_00788,TXN_007612,182.48,wallet,failed,network_error,1,15,2,1270,True,update_payment_method,True,182.48
CUST_02265,TXN_007613,19.34,wallet,success,,2,7,0,800,False,,False,0.0
CUST_03330,TXN_007614,49.22,netbanking,success,,3,8,3,1327,False,,False,0.0
CUST_03941,TXN_007615,40.78,card,success,,3,5,2,450,False,,False,0.0
CUST_03148,TXN_007616,20.66,card,success,,2,7,3,1142,False,,False,0.0
CUST_03084,TXN_007617,37.67,upi,success,,1,12,1,1201,False,,False,0.0
CUST_04678,TXN_007618,23.14,upi,success,,3,14,0,1187,False,,False,0.0
CUST_01278,TXN_007619,24.87,upi,success,,3,8,2,1432,False,,False,0.0
CUST_03991,TXN_007620,8.77,upi,success,,2,10,2,703,False,,False,0.0
CUST_04684,TXN_007621,32.47,netbanking,success,,1,8,0,177,False,,False,0.0
CUST_02839,TXN_007622,67.98,wallet,success,,1,8,2,739,False,,False,0.0
CUST_04202,TXN_007623,34.67,upi,success,,3,11,0,1030,False,,False,0.0
CUST_00688,TXN_007624,79.23,wallet,failed,network_error,1,11,0,1265,True,update_payment_method,True,79.23
CUST_04394,TXN_007625,52.68,netbanking,success,,2,13,0,379,False,,False,0.0
CUST_02820,TXN_007626,31.58,card,success,,3,8,2,133,False,,False,0.0
CUST_01108,TXN_007627,20.04,netbanking,success,,1,7,2,1092,False,,False,0.0
CUST_00308,TXN_007628,22.44,card,success,,2,4,4,284,False,,False,0.0
CUST_03599,TXN_007629,10.21,card,success,,3,12,4,279,False,,False,0.0
CUST_02154,TXN_007630,26.74,wallet,success,,2,10,2,552,False,,False,0.0
CUST_01550,TXN_007631,37.22,card,failed,authentication_failed,3,15,5,1125,False,,False,0.0
CUST_01951,TXN_007632,130.63,upi,success,,1,6,2,650,False,,False,0.0
CUST_04955,TXN_007633,50.53,wallet,success,,2,6,2,729,False,,False,0.0
CUST_02139,TXN_007634,16.58,card,success,,2,10,2,1253,False,,False,0.0
CUST_00394,TXN_007635,10.47,card,success,,2,6,2,493,False,,False,0.0
CUST_01399,TXN_007636,28.07,card,success,,1,7,1,1472,False,,False,0.0
CUST_00727,TXN_007637,63.4,upi,success,,3,7,1,812,False,,False,0.0
CUST_03429,TXN_007638,27.76,card,success,,1,2,2,1210,False,,False,0.0
CUST_04002,TXN_007639,51.09,card,success,,3,10,1,680,False,,False,0.0
CUST_04204,TXN_007640,28.65,netbanking,success,,3,10,2,149,False,,False,0.0
CUST_03164,TXN_007641,58.77,card,failed,card_declined,2,10,3,318,True,retry_payment,True,58.77
CUST_03842,TXN_007642,9.23,upi,success,,3,11,4,819,False,,False,0.0
CUST_02087,TXN_007643,119.5,card,failed,network_error,2,8,0,1380,True,offer_support,True,119.5
CUST_03139,TXN_007644,13.6,upi,success,,3,9,1,1077,False,,False,0.0
CUST_00535,TXN_007645,62.49,upi,failed,card_declined,3,7,0,1443,True,offer_support,True,62.49
CUST_02692,TXN_007646,26.64,card,success,,3,5,2,833,False,,False,0.0
CUST_02787,TXN_007647,30.18,card,success,,1,4,2,887,False,,False,0.0
CUST_00156,TXN_007648,27.31,card,success,,2,10,1,666,False,,False,0.0
CUST_02741,TXN_007649,40.63,card,success,,1,13,2,350,False,,False,0.0
CUST_03614,TXN_007650,47.75,card,success,,1,5,2,638,False,,False,0.0
CUST_01838,TXN_007651,77.22,upi,success,,2,9,1,832,False,,False,0.0
CUST_02725,TXN_007652,102.14,card,success,,2,10,5,938,False,,False,0.0
CUST_01431,TXN_007653,43.18,card,success,,3,7,0,578,False,,False,0.0
CUST_01354,TXN_007654,130.44,card,success,,1,5,0,952,False,,False,0.0
CUST_00648,TXN_007655,35.67,netbanking,success,,2,9,4,1259,False,,False,0.0
CUST_01639,TXN_007656,78.41,card,success,,3,10,3,461,False,,False,0.0
CUST_04016,TXN_007657,46.66,upi,success,,1,7,5,1431,False,,False,0.0
CUST_04678,TXN_007658,21.34,upi,success,,3,7,0,625,False,,False,0.0
CUST_03178,TXN_007659,38.28,card,success,,1,7,0,658,False,,False,0.0
CUST_03122,TXN_007660,49.53,card,success,,2,7,0,230,False,,False,0.0
CUST_03069,TXN_007661,32.27,card,failed,network_error,3,4,0,974,False,,False,0.0
CUST_02380,TXN_007662,46.08,upi,success,,2,7,2,1325,False,,False,0.0
CUST_02115,TXN_007663,66.17,card,success,,2,6,1,579,False,,False,0.0
CUST_03104,TXN_007664,32.5,card,success,,1,3,0,1304,False,,False,0.0
CUST_03922,TXN_007665,3.14,wallet,failed,card_declined,2,8,1,1430,False,,False,0.0
CUST_02069,TXN_007666,126.8,upi,success,,1,4,0,990,False,,False,0.0
CUST_02829,TXN_007667,26.1,card,success,,1,7,1,449,False,,False,0.0
CUST_02351,TXN_007668,17.14,wallet,failed,insufficient_funds,1,14,3,1462,False,,False,0.0
CUST_01428,TXN_007669,13.47,card,success,,3,8,4,434,False,,False,0.0
CUST_01452,TXN_007670,25.3,card,success,,3,10,0,731,False,,False,0.0
CUST_00394,TXN_007671,21.11,card,success,,1,7,0,703,False,,False,0.0
CUST_02199,TXN_007672,18.36,wallet,success,,1,8,2,1318,False,,False,0.0
CUST_03562,TXN_007673,19.19,card,failed,expired_card,3,7,2,1440,True,send_reminder,True,19.19
CUST_03428,TXN_007674,50.59,netbanking,success,,3,7,0,1116,False,,False,0.0
CUST_04928,TXN_007675,168.05,upi,success,,2,10,2,468,False,,False,0.0
CUST_00200,TXN_007676,63.84,upi,failed,authentication_failed,2,9,0,267,True,send_reminder,False,0.0
CUST_03803,TXN_007677,81.29,card,success,,2,7,2,492,False,,False,0.0
CUST_03975,TXN_007678,24.49,card,success,,2,12,2,1300,False,,False,0.0
CUST_02182,TXN_007679,36.01,upi,success,,3,11,2,776,False,,False,0.0
CUST_01415,TXN_007680,46.58,card,success,,1,2,2,253,False,,False,0.0
CUST_01786,TXN_007681,19.54,upi,success,,1,10,0,749,False,,False,0.0
CUST_03413,TXN_007682,23.56,card,success,,1,10,0,932,False,,False,0.0
CUST_04310,TXN_007683,65.6,netbanking,success,,1,8,2,662,False,,False,0.0
CUST_03213,TXN_007684,79.22,upi,success,,2,5,1,260,False,,False,0.0
CUST_02571,TXN_007685,34.95,upi,failed,card_declined,1,9,2,145,True,offer_support,False,0.0
CUST_03263,TXN_007686,12.73,upi,success,,2,12,3,1430,False,,False,0.0
CUST_00353,TXN_007687,26.14,card,failed,insufficient_funds,1,8,0,1438,False,,False,0.0
CUST_03041,TXN_007688,10.45,card,success,,2,12,1,994,False,,False,0.0
CUST_00211,TXN_007689,35.17,card,success,,1,1,1,483,False,,False,0.0
CUST_04795,TXN_007690,40.62,upi,success,,1,7,2,192,False,,False,0.0
CUST_04446,TXN_007691,26.67,card,success,,2,4,1,265,False,,False,0.0
CUST_02542,TXN_007692,40.18,card,failed,card_declined,1,5,2,164,False,,False,0.0
CUST_01871,TXN_007693,46.23,card,failed,network_error,3,11,3,366,True,update_payment_method,False,0.0
CUST_03661,TXN_007694,40.67,card,success,,1,10,3,287,False,,False,0.0
CUST_03188,TXN_007695,12.66,upi,success,,3,5,2,1120,False,,False,0.0
CUST_03527,TXN_007696,27.04,upi,success,,3,5,5,816,False,,False,0.0
CUST_02578,TXN_007697,45.96,card,success,,3,6,0,1236,False,,False,0.0
CUST_01182,TXN_007698,117.09,card,failed,card_declined,2,7,1,76,True,update_payment_method,True,117.09
CUST_00367,TXN_007699,26.64,upi,success,,2,6,5,645,False,,False,0.0
CUST_01417,TXN_007700,51.45,upi,success,,1,9,1,1403,False,,False,0.0
CUST_02645,TXN_007701,66.85,netbanking,failed,network_error,1,12,1,115,False,,False,0.0
CUST_02120,TXN_007702,28.3,netbanking,success,,3,5,0,301,False,,False,0.0
CUST_02532,TXN_007703,82.99,netbanking,success,,2,8,1,1025,False,,False,0.0
CUST_01389,TXN_007704,86.64,netbanking,success,,1,10,6,746,False,,False,0.0
CUST_04689,TXN_007705,99.91,netbanking,success,,1,6,3,585,False,,False,0.0
CUST_01834,TXN_007706,47.79,upi,success,,3,6,1,1056,False,,False,0.0
CUST_04230,TXN_007707,218.79,upi,success,,1,9,3,1324,False,,False,0.0
CUST_01955,TXN_007708,20.24,upi,success,,2,4,1,1122,False,,False,0.0
CUST_02218,TXN_007709,181.14,card,success,,1,9,2,1206,False,,False,0.0
CUST_03019,TXN_007710,61.23,card,success,,3,8,2,752,False,,False,0.0
CUST_01316,TXN_007711,96.77,wallet,failed,card_declined,1,9,2,213,True,send_reminder,False,0.0
CUST_01100,TXN_007712,25.64,upi,success,,1,9,2,167,False,,False,0.0
CUST_01896,TXN_007713,65.08,card,success,,1,5,2,606,False,,False,0.0
CUST_04021,TXN_007714,103.71,card,success,,3,9,1,281,False,,False,0.0
CUST_00723,TXN_007715,13.88,card,failed,card_declined,3,10,1,1205,False,,False,0.0
CUST_02188,TXN_007716,29.06,card,success,,3,5,2,1322,False,,False,0.0
CUST_03360,TXN_007717,5.97,upi,success,,2,7,0,979,False,,False,0.0
CUST_03531,TXN_007718,28.71,upi,success,,1,11,0,57,False,,False,0.0
CUST_02172,TXN_007719,17.24,upi,success,,1,3,1,1267,False,,False,0.0
CUST_00408,TXN_007720,27.82,card,success,,1,10,4,609,False,,False,0.0
CUST_00080,TXN_007721,343.41,card,success,,1,8,0,203,False,,False,0.0
CUST_02350,TXN_007722,130.88,card,success,,3,6,1,652,False,,False,0.0
CUST_04050,TXN_007723,10.47,card,success,,2,5,2,638,False,,False,0.0
CUST_00142,TXN_007724,51.66,upi,success,,2,15,2,1449,False,,False,0.0
CUST_04437,TXN_007725,62.75,card,success,,1,10,3,292,False,,False,0.0
CUST_03379,TXN_007726,25.27,wallet,success,,2,9,2,1211,False,,False,0.0
CUST_00041,TXN_007727,38.19,upi,success,,3,11,1,136,False,,False,0.0
CUST_01719,TXN_007728,41.3,card,success,,1,8,2,1091,False,,False,0.0
CUST_01103,TXN_007729,11.28,card,success,,3,8,0,976,False,,False,0.0
CUST_04746,TXN_007730,14.51,card,success,,1,6,2,727,False,,False,0.0
CUST_02774,TXN_007731,38.01,card,success,,3,10,2,164,False,,False,0.0
CUST_01621,TXN_007732,35.86,wallet,success,,3,10,0,1014,False,,False,0.0
CUST_01390,TXN_007733,18.79,upi,success,,3,4,2,24,False,,False,0.0
CUST_02819,TXN_007734,17.54,netbanking,success,,1,7,0,372,False,,False,0.0
CUST_00026,TXN_007735,30.82,upi,success,,2,9,1,1124,False,,False,0.0
CUST_01287,TXN_007736,67.28,wallet,success,,1,12,2,346,False,,False,0.0
CUST_00827,TXN_007737,31.15,netbanking,success,,2,9,3,571,False,,False,0.0
CUST_03100,TXN_007738,121.29,card,failed,card_declined,1,6,3,1034,True,update_payment_method,True,121.29
CUST_03346,TXN_007739,18.98,card,success,,1,7,1,633,False,,False,0.0
CUST_02335,TXN_007740,38.65,card,success,,3,9,3,559,False,,False,0.0
CUST_00701,TXN_007741,24.94,card,success,,3,10,1,331,False,,False,0.0
CUST_01853,TXN_007742,53.0,upi,success,,2,3,1,763,False,,False,0.0
CUST_04214,TXN_007743,17.72,card,success,,2,7,2,912,False,,False,0.0
CUST_01019,TXN_007744,154.77,netbanking,success,,2,8,0,416,False,,False,0.0
CUST_00817,TXN_007745,8.56,card,failed,insufficient_funds,2,8,1,495,True,retry_payment,True,8.56
CUST_00558,TXN_007746,130.63,netbanking,success,,2,14,1,208,False,,False,0.0
CUST_04083,TXN_007747,35.59,card,success,,1,4,1,717,False,,False,0.0
CUST_00600,TXN_007748,51.52,card,success,,2,9,1,666,False,,False,0.0
CUST_02908,TXN_007749,96.31,netbanking,success,,3,15,0,145,False,,False,0.0
CUST_04995,TXN_007750,65.77,card,success,,1,12,3,1484,False,,False,0.0
CUST_03209,TXN_007751,18.47,upi,failed,authentication_failed,2,8,1,1371,True,update_payment_method,False,0.0
CUST_02062,TXN_007752,53.52,netbanking,success,,1,8,0,150,False,,False,0.0
CUST_01034,TXN_007753,147.52,card,success,,1,6,1,29,False,,False,0.0
CUST_00010,TXN_007754,16.28,card,success,,1,9,0,766,False,,False,0.0
CUST_00778,TXN_007755,180.32,card,success,,1,8,0,362,False,,False,0.0
CUST_04764,TXN_007756,45.09,card,failed,expired_card,3,6,1,440,True,retry_payment,True,45.09
CUST_00718,TXN_007757,23.42,wallet,success,,3,7,0,1141,False,,False,0.0
CUST_00100,TXN_007758,16.21,netbanking,failed,card_declined,3,5,1,621,True,retry_payment,True,16.21
CUST_04080,TXN_007759,27.7,card,success,,3,8,3,1018,False,,False,0.0
CUST_02093,TXN_007760,6.93,upi,success,,3,7,1,879,False,,False,0.0
CUST_01785,TXN_007761,23.76,wallet,success,,1,7,2,408,False,,False,0.0
CUST_03587,TXN_007762,26.83,card,failed,insufficient_funds,3,5,1,596,True,send_reminder,True,26.83
CUST_02615,TXN_007763,14.02,card,success,,3,10,1,674,False,,False,0.0
CUST_04573,TXN_007764,60.24,netbanking,success,,1,5,0,216,False,,False,0.0
CUST_02338,TXN_007765,27.8,upi,success,,3,10,4,1266,False,,False,0.0
CUST_03564,TXN_007766,19.91,card,success,,3,12,1,527,False,,False,0.0
CUST_04394,TXN_007767,25.53,upi,success,,3,10,1,574,False,,False,0.0
CUST_02318,TXN_007768,44.0,card,failed,insufficient_funds,2,3,1,817,True,offer_support,False,0.0
CUST_01422,TXN_007769,35.11,upi,success,,3,9,0,661,False,,False,0.0
CUST_04872,TXN_007770,18.9,upi,success,,3,14,1,1109,False,,False,0.0
CUST_01134,TXN_007771,36.62,card,success,,2,7,0,1398,False,,False,0.0
CUST_00197,TXN_007772,31.8,netbanking,success,,3,9,1,287,False,,False,0.0
CUST_02891,TXN_007773,13.31,upi,success,,1,10,2,909,False,,False,0.0
CUST_04934,TXN_007774,26.29,upi,success,,2,4,2,816,False,,False,0.0
CUST_00433,TXN_007775,52.64,upi,success,,1,5,0,602,False,,False,0.0
CUST_04247,TXN_007776,52.34,upi,success,,2,5,0,1325,False,,False,0.0
CUST_04152,TXN_007777,27.55,card,success,,1,7,2,709,False,,False,0.0
CUST_04644,TXN_007778,56.91,card,success,,1,6,0,1475,False,,False,0.0
CUST_02108,TXN_007779,15.12,upi,success,,3,9,5,262,False,,False,0.0
CUST_01274,TXN_007780,15.5,upi,failed,authentication_failed,3,10,1,466,False,,False,0.0
CUST_02561,TXN_007781,27.09,card,failed,expired_card,1,11,1,754,True,retry_payment,True,27.09
CUST_00713,TXN_007782,109.73,wallet,success,,1,7,2,335,False,,False,0.0
CUST_04214,TXN_007783,37.74,netbanking,success,,1,11,2,275,False,,False,0.0
CUST_03316,TXN_007784,26.57,card,success,,2,8,1,1254,False,,False,0.0
CUST_02417,TXN_007785,113.9,card,success,,3,6,0,901,False,,False,0.0
CUST_02579,TXN_007786,26.32,upi,success,,3,3,1,1435,False,,False,0.0
CUST_03560,TXN_007787,197.9,card,success,,2,5,0,255,False,,False,0.0
CUST_02616,TXN_007788,22.0,wallet,failed,network_error,1,10,3,1350,True,retry_payment,True,22.0
CUST_04199,TXN_007789,14.74,upi,success,,1,3,2,1127,False,,False,0.0
CUST_04623,TXN_007790,28.99,card,success,,2,7,1,566,False,,False,0.0
CUST_04749,TXN_007791,27.13,card,success,,2,4,2,1182,False,,False,0.0
CUST_03100,TXN_007792,17.35,card,success,,2,5,3,1083,False,,False,0.0
CUST_03713,TXN_007793,265.49,upi,success,,3,7,3,1438,False,,False,0.0
CUST_01556,TXN_007794,42.73,card,success,,2,7,1,392,False,,False,0.0
CUST_00191,TXN_007795,48.01,netbanking,success,,2,6,3,64,False,,False,0.0
CUST_02000,TXN_007796,22.89,upi,success,,1,14,1,885,False,,False,0.0
CUST_04358,TXN_007797,20.86,wallet,success,,3,5,2,1180,False,,False,0.0
CUST_00668,TXN_007798,75.22,card,success,,1,7,3,951,False,,False,0.0
CUST_02729,TXN_007799,8.67,card,success,,1,9,1,1234,False,,False,0.0
CUST_00962,TXN_007800,13.27,netbanking,success,,2,19,2,1114,False,,False,0.0
CUST_02146,TXN_007801,27.17,card,success,,3,9,1,999,False,,False,0.0
CUST_00717,TXN_007802,97.6,card,success,,2,12,1,1475,False,,False,0.0
CUST_03673,TXN_007803,24.54,wallet,success,,2,9,1,1145,False,,False,0.0
CUST_04051,TXN_007804,46.2,netbanking,success,,3,6,2,1129,False,,False,0.0
CUST_03792,TXN_007805,33.86,netbanking,success,,2,5,0,38,False,,False,0.0
CUST_03524,TXN_007806,93.41,card,success,,3,6,1,2,False,,False,0.0
CUST_01176,TXN_007807,9.32,upi,success,,1,3,1,1274,False,,False,0.0
CUST_02652,TXN_007808,59.67,upi,failed,expired_card,2,5,0,672,True,send_reminder,False,0.0
CUST_00524,TXN_007809,28.24,upi,success,,3,5,3,1027,False,,False,0.0
CUST_01872,TXN_007810,69.4,card,success,,1,7,2,1087,False,,False,0.0
CUST_02529,TXN_007811,17.19,netbanking,failed,expired_card,3,7,4,1047,True,offer_support,True,17.19
CUST_03342,TXN_007812,33.77,card,success,,3,3,1,1361,False,,False,0.0
CUST_00484,TXN_007813,30.51,upi,success,,1,8,1,44,False,,False,0.0
CUST_04064,TXN_007814,14.85,netbanking,success,,1,8,2,253,False,,False,0.0
CUST_02295,TXN_007815,11.89,netbanking,success,,1,8,3,1374,False,,False,0.0
CUST_04406,TXN_007816,20.81,card,success,,3,10,2,145,False,,False,0.0
CUST_02637,TXN_007817,36.74,upi,success,,1,2,1,552,False,,False,0.0
CUST_02735,TXN_007818,18.07,upi,success,,3,7,2,568,False,,False,0.0
CUST_03463,TXN_007819,25.43,card,success,,2,6,0,213,False,,False,0.0
CUST_04099,TXN_007820,7.33,card,success,,3,7,2,1014,False,,False,0.0
CUST_00788,TXN_007821,24.62,upi,success,,2,8,2,612,False,,False,0.0
CUST_02557,TXN_007822,75.1,netbanking,success,,1,3,0,939,False,,False,0.0
CUST_00150,TXN_007823,58.22,wallet,success,,2,6,5,1189,False,,False,0.0
CUST_02373,TXN_007824,30.89,card,success,,1,9,1,350,False,,False,0.0
CUST_04067,TXN_007825,40.24,card,failed,card_declined,1,11,2,401,False,,False,0.0
CUST_04327,TXN_007826,17.07,card,failed,authentication_failed,2,8,0,597,False,,False,0.0
CUST_01418,TXN_007827,121.46,wallet,success,,3,9,1,1455,False,,False,0.0
CUST_01932,TXN_007828,173.16,netbanking,success,,2,12,1,1055,False,,False,0.0
CUST_02758,TXN_007829,37.78,wallet,failed,expired_card,3,11,2,669,True,offer_support,True,37.78
CUST_01980,TXN_007830,263.1,upi,success,,2,8,2,875,False,,False,0.0
CUST_00891,TXN_007831,19.22,card,success,,2,10,0,154,False,,False,0.0
CUST_01525,TXN_007832,12.17,upi,success,,2,8,1,1155,False,,False,0.0
CUST_02020,TXN_007833,18.77,card,success,,2,5,1,349,False,,False,0.0
CUST_02593,TXN_007834,27.78,card,success,,3,9,0,171,False,,False,0.0
CUST_04603,TXN_007835,210.54,card,success,,3,4,1,1027,False,,False,0.0
CUST_02724,TXN_007836,26.45,card,success,,1,9,3,1479,False,,False,0.0
CUST_01936,TXN_007837,16.65,card,success,,2,6,4,1223,False,,False,0.0
CUST_03302,TXN_007838,16.14,wallet,success,,2,7,1,884,False,,False,0.0
CUST_03865,TXN_007839,82.44,upi,failed,expired_card,2,16,3,873,True,offer_support,True,82.44
CUST_02153,TXN_007840,73.54,netbanking,failed,insufficient_funds,2,8,1,1,True,offer_support,False,0.0
CUST_02446,TXN_007841,22.46,card,success,,2,11,1,923,False,,False,0.0
CUST_01089,TXN_007842,7.38,upi,success,,1,3,5,1075,False,,False,0.0
CUST_04324,TXN_007843,13.43,card,success,,3,6,1,637,False,,False,0.0
CUST_04334,TXN_007844,131.24,card,success,,3,6,2,83,False,,False,0.0
CUST_00875,TXN_007845,57.46,card,failed,authentication_failed,3,4,0,1357,False,,False,0.0
CUST_01730,TXN_007846,34.9,card,success,,3,13,2,299,False,,False,0.0
CUST_01360,TXN_007847,147.68,netbanking,success,,1,5,3,1302,False,,False,0.0
CUST_04614,TXN_007848,158.64,netbanking,success,,3,10,1,963,False,,False,0.0
CUST_00327,TXN_007849,32.18,card,success,,1,11,3,899,False,,False,0.0
CUST_01037,TXN_007850,32.65,upi,success,,3,10,0,480,False,,False,0.0
CUST_01575,TXN_007851,20.79,card,success,,3,9,3,513,False,,False,0.0
CUST_02800,TXN_007852,26.37,card,success,,2,7,1,1285,False,,False,0.0
CUST_01245,TXN_007853,10.08,upi,success,,3,10,0,1417,False,,False,0.0
CUST_02683,TXN_007854,10.05,netbanking,success,,3,6,0,1332,False,,False,0.0
CUST_03736,TXN_007855,8.35,netbanking,success,,2,6,3,1109,False,,False,0.0
CUST_04143,TXN_007856,78.84,card,success,,2,6,3,1037,False,,False,0.0
CUST_00496,TXN_007857,9.5,upi,success,,3,6,1,1147,False,,False,0.0
CUST_00695,TXN_007858,157.59,card,success,,3,12,0,1364,False,,False,0.0
CUST_00476,TXN_007859,18.46,card,success,,1,9,0,471,False,,False,0.0
CUST_04549,TXN_007860,132.94,card,success,,1,9,1,70,False,,False,0.0
CUST_03260,TXN_007861,24.73,card,success,,3,7,0,669,False,,False,0.0
CUST_02657,TXN_007862,9.46,card,failed,expired_card,3,7,2,616,False,,False,0.0
CUST_03954,TXN_007863,92.48,card,failed,insufficient_funds,3,8,0,867,True,update_payment_method,True,92.48
CUST_02930,TXN_007864,101.65,upi,success,,1,10,1,728,False,,False,0.0
CUST_01178,TXN_007865,16.04,card,success,,1,9,2,1042,False,,False,0.0
CUST_02551,TXN_007866,25.4,card,success,,1,10,1,502,False,,False,0.0
CUST_03516,TXN_007867,16.04,wallet,success,,1,10,4,1101,False,,False,0.0
CUST_00181,TXN_007868,30.07,netbanking,success,,2,12,2,443,False,,False,0.0
CUST_03032,TXN_007869,36.1,card,success,,2,5,0,618,False,,False,0.0
CUST_02485,TXN_007870,25.0,card,success,,1,9,0,407,False,,False,0.0
CUST_00348,TXN_007871,7.73,card,success,,2,6,2,663,False,,False,0.0
CUST_01318,TXN_007872,20.81,wallet,success,,1,11,3,890,False,,False,0.0
CUST_02243,TXN_007873,58.14,card,success,,1,8,4,729,False,,False,0.0
CUST_01714,TXN_007874,28.02,card,success,,3,13,1,697,False,,False,0.0
CUST_01451,TXN_007875,25.48,upi,success,,1,6,1,863,False,,False,0.0
CUST_03245,TXN_007876,15.73,upi,success,,2,12,4,1203,False,,False,0.0
CUST_02022,TXN_007877,20.33,card,success,,1,11,0,215,False,,False,0.0
CUST_02488,TXN_007878,102.22,card,failed,card_declined,3,11,0,704,True,send_reminder,True,102.22
CUST_03991,TXN_007879,13.31,card,success,,2,6,1,87,False,,False,0.0
CUST_00466,TXN_007880,58.95,card,success,,3,6,0,234,False,,False,0.0
CUST_01800,TXN_007881,34.39,card,success,,1,4,2,1485,False,,False,0.0
CUST_00366,TXN_007882,40.28,netbanking,success,,2,10,1,1126,False,,False,0.0
CUST_04636,TXN_007883,18.43,netbanking,failed,card_declined,2,13,0,1263,True,retry_payment,False,0.0
CUST_00929,TXN_007884,24.99,upi,success,,3,2,3,102,False,,False,0.0
CUST_04099,TXN_007885,32.96,upi,failed,network_error,1,10,2,637,True,retry_payment,False,0.0
CUST_00955,TXN_007886,21.83,upi,success,,1,7,2,736,False,,False,0.0
CUST_01620,TXN_007887,43.17,card,success,,3,9,0,1116,False,,False,0.0
CUST_03041,TXN_007888,47.75,upi,success,,1,7,2,400,False,,False,0.0
CUST_04157,TXN_007889,188.32,card,success,,1,6,2,86,False,,False,0.0
CUST_00889,TXN_007890,41.37,card,success,,1,6,1,952,False,,False,0.0
CUST_01066,TXN_007891,7.17,card,success,,3,8,1,402,False,,False,0.0
CUST_04408,TXN_007892,83.97,upi,success,,3,5,2,870,False,,False,0.0
CUST_01610,TXN_007893,28.13,upi,success,,3,9,1,1399,False,,False,0.0
CUST_01049,TXN_007894,165.59,upi,success,,1,11,2,431,False,,False,0.0
CUST_03717,TXN_007895,107.42,upi,success,,1,9,2,1459,False,,False,0.0
CUST_00456,TXN_007896,22.1,netbanking,failed,network_error,2,6,3,1134,True,retry_payment,False,0.0
CUST_04334,TXN_007897,59.0,card,success,,3,10,4,186,False,,False,0.0
CUST_04378,TXN_007898,20.59,card,success,,2,5,0,471,False,,False,0.0
CUST_04282,TXN_007899,33.19,netbanking,success,,2,9,1,1334,False,,False,0.0
CUST_01477,TXN_007900,56.87,upi,success,,3,8,0,1065,False,,False,0.0
CUST_00571,TXN_007901,80.67,card,success,,1,11,2,781,False,,False,0.0
CUST_02127,TXN_007902,67.77,card,success,,3,4,5,126,False,,False,0.0
CUST_01673,TXN_007903,35.16,wallet,success,,2,8,0,859,False,,False,0.0
CUST_04795,TXN_007904,241.47,card,success,,1,2,3,1237,False,,False,0.0
CUST_03158,TXN_007905,24.73,netbanking,success,,2,11,2,1009,False,,False,0.0
CUST_04721,TXN_007906,9.15,netbanking,success,,1,5,3,1370,False,,False,0.0
CUST_03754,TXN_007907,10.68,netbanking,success,,1,9,2,178,False,,False,0.0
CUST_03574,TXN_007908,107.68,card,success,,3,6,1,32,False,,False,0.0
CUST_00560,TXN_007909,31.15,upi,success,,1,5,2,1459,False,,False,0.0
CUST_00345,TXN_007910,37.61,card,success,,3,11,3,1414,False,,False,0.0
CUST_00233,TXN_007911,21.46,card,success,,1,7,1,567,False,,False,0.0
CUST_02967,TXN_007912,23.05,card,success,,1,10,2,449,False,,False,0.0
CUST_01009,TXN_007913,17.64,card,success,,3,9,5,758,False,,False,0.0
CUST_04945,TXN_007914,48.28,card,success,,3,11,1,648,False,,False,0.0
CUST_00664,TXN_007915,30.63,upi,success,,2,5,2,227,False,,False,0.0
CUST_04734,TXN_007916,46.9,card,success,,1,4,1,753,False,,False,0.0
CUST_03338,TXN_007917,43.45,card,success,,1,14,3,1344,False,,False,0.0
CUST_00530,TXN_007918,23.55,card,success,,1,11,5,1215,False,,False,0.0
CUST_00293,TXN_007919,10.31,upi,success,,3,2,0,222,False,,False,0.0
CUST_01980,TXN_007920,9.62,card,success,,2,3,4,436,False,,False,0.0
CUST_01695,TXN_007921,372.9,upi,failed,card_declined,3,6,2,769,False,,False,0.0
CUST_01578,TXN_007922,108.04,card,success,,3,6,1,826,False,,False,0.0
CUST_02643,TXN_007923,96.75,upi,success,,2,9,2,1485,False,,False,0.0
CUST_00649,TXN_007924,19.3,netbanking,success,,3,7,0,248,False,,False,0.0
CUST_00648,TXN_007925,33.37,upi,failed,network_error,2,11,1,137,True,retry_payment,True,33.37
CUST_03474,TXN_007926,17.25,upi,success,,2,10,1,1100,False,,False,0.0
CUST_04951,TXN_007927,11.59,wallet,success,,3,6,0,1288,False,,False,0.0
CUST_01369,TXN_007928,20.68,card,success,,3,9,4,1006,False,,False,0.0
CUST_04659,TXN_007929,95.67,card,success,,1,11,4,857,False,,False,0.0
CUST_01724,TXN_007930,64.88,wallet,success,,2,11,3,733,False,,False,0.0
CUST_01680,TXN_007931,15.24,netbanking,success,,3,8,0,772,False,,False,0.0
CUST_00452,TXN_007932,25.74,upi,success,,1,5,1,1459,False,,False,0.0
CUST_02117,TXN_007933,60.3,card,success,,3,10,2,160,False,,False,0.0
CUST_02490,TXN_007934,20.97,card,success,,3,6,2,550,False,,False,0.0
CUST_03319,TXN_007935,35.29,netbanking,success,,2,12,2,898,False,,False,0.0
CUST_00791,TXN_007936,45.67,upi,success,,1,15,1,76,False,,False,0.0
CUST_00944,TXN_007937,45.27,card,success,,3,10,1,993,False,,False,0.0
CUST_02161,TXN_007938,40.58,card,success,,3,5,2,1328,False,,False,0.0
CUST_00349,TXN_007939,19.63,netbanking,failed,expired_card,2,6,1,1110,True,send_reminder,True,19.63
CUST_00717,TXN_007940,21.31,upi,success,,3,9,1,870,False,,False,0.0
CUST_03145,TXN_007941,13.37,wallet,success,,1,8,2,1269,False,,False,0.0
CUST_04769,TXN_007942,9.5,card,success,,3,9,1,1351,False,,False,0.0
CUST_02865,TXN_007943,30.21,card,success,,3,10,2,490,False,,False,0.0
CUST_00725,TXN_007944,63.63,card,success,,2,8,1,1333,False,,False,0.0
CUST_04954,TXN_007945,10.98,upi,success,,2,7,1,456,False,,False,0.0
CUST_02609,TXN_007946,41.2,card,failed,authentication_failed,3,9,2,1203,True,send_reminder,True,41.2
CUST_03584,TXN_007947,62.04,card,success,,2,8,0,155,False,,False,0.0
CUST_00985,TXN_007948,7.62,card,success,,1,8,2,116,False,,False,0.0
CUST_02892,TXN_007949,26.67,card,failed,card_declined,1,9,7,398,False,,False,0.0
CUST_00382,TXN_007950,123.59,netbanking,success,,2,6,0,1252,False,,False,0.0
CUST_03129,TXN_007951,51.5,card,success,,2,14,2,698,False,,False,0.0
CUST_01012,TXN_007952,7.42,upi,success,,1,4,2,1498,False,,False,0.0
CUST_04547,TXN_007953,56.07,upi,success,,1,4,2,653,False,,False,0.0
CUST_00274,TXN_007954,18.21,card,success,,2,8,0,950,False,,False,0.0
CUST_03263,TXN_007955,57.57,upi,success,,1,12,3,422,False,,False,0.0
CUST_00697,TXN_007956,19.07,netbanking,success,,3,8,3,1496,False,,False,0.0
CUST_03435,TXN_007957,31.74,upi,success,,2,9,0,42,False,,False,0.0
CUST_02467,TXN_007958,21.54,upi,success,,1,8,3,816,False,,False,0.0
CUST_04837,TXN_007959,33.2,netbanking,success,,3,9,3,968,False,,False,0.0
CUST_03259,TXN_007960,21.03,wallet,failed,expired_card,1,6,0,62,True,send_reminder,True,21.03
CUST_01860,TXN_007961,27.69,netbanking,success,,2,5,0,421,False,,False,0.0
CUST_00437,TXN_007962,12.93,card,success,,2,9,1,610,False,,False,0.0
CUST_02979,TXN_007963,49.03,upi,success,,3,9,1,82,False,,False,0.0
CUST_02205,TXN_007964,38.1,upi,success,,3,8,0,405,False,,False,0.0
CUST_00263,TXN_007965,9.09,card,success,,3,7,1,584,False,,False,0.0
CUST_02906,TXN_007966,73.28,card,success,,2,8,2,118,False,,False,0.0
CUST_01050,TXN_007967,28.76,netbanking,success,,2,6,0,1496,False,,False,0.0
CUST_01171,TXN_007968,37.69,card,success,,2,4,0,552,False,,False,0.0
CUST_00045,TXN_007969,61.05,netbanking,success,,2,13,3,1180,False,,False,0.0
CUST_01861,TXN_007970,43.06,wallet,success,,3,6,2,179,False,,False,0.0
CUST_01092,TXN_007971,84.11,card,success,,2,5,2,1104,False,,False,0.0
CUST_00360,TXN_007972,26.19,card,failed,card_declined,3,11,0,820,True,send_reminder,True,26.19
CUST_02172,TXN_007973,75.76,wallet,failed,card_declined,2,12,1,30,True,retry_payment,False,0.0
CUST_01101,TXN_007974,36.54,card,success,,3,9,2,1024,False,,False,0.0
CUST_00671,TXN_007975,49.71,netbanking,success,,3,10,0,76,False,,False,0.0
CUST_02334,TXN_007976,45.74,card,success,,2,7,3,82,False,,False,0.0
CUST_00317,TXN_007977,89.35,card,success,,2,6,2,364,False,,False,0.0
CUST_04952,TXN_007978,58.98,card,failed,expired_card,2,8,1,802,True,update_payment_method,False,0.0
CUST_02355,TXN_007979,23.23,card,failed,card_declined,2,6,1,76,True,update_payment_method,True,23.23
CUST_04981,TXN_007980,19.83,wallet,success,,1,6,1,1064,False,,False,0.0
CUST_04406,TXN_007981,31.82,card,success,,3,9,0,687,False,,False,0.0
CUST_04898,TXN_007982,18.03,card,success,,3,11,2,236,False,,False,0.0
CUST_02714,TXN_007983,14.27,upi,failed,expired_card,3,10,4,352,True,retry_payment,True,14.27
CUST_02116,TXN_007984,6.03,wallet,failed,network_error,1,6,2,1425,True,retry_payment,False,0.0
CUST_03599,TXN_007985,9.59,card,success,,3,2,0,1440,False,,False,0.0
CUST_00404,TXN_007986,162.12,netbanking,success,,3,5,1,1400,False,,False,0.0
CUST_04201,TXN_007987,19.59,card,success,,2,13,3,1355,False,,False,0.0
CUST_01618,TXN_007988,151.83,netbanking,success,,3,11,2,1269,False,,False,0.0
CUST_00038,TXN_007989,45.72,upi,success,,2,8,2,466,False,,False,0.0
CUST_01189,TXN_007990,31.82,netbanking,failed,card_declined,2,10,1,1023,True,update_payment_method,True,31.82
CUST_01212,TXN_007991,9.97,upi,success,,3,10,2,685,False,,False,0.0
CUST_00071,TXN_007992,33.24,wallet,success,,1,8,5,500,False,,False,0.0
CUST_03343,TXN_007993,150.47,card,success,,2,11,3,107,False,,False,0.0
CUST_00477,TXN_007994,115.14,upi,success,,1,7,3,634,False,,False,0.0
CUST_04233,TXN_007995,41.24,upi,success,,2,10,1,1012,False,,False,0.0
CUST_02266,TXN_007996,13.21,card,success,,3,11,1,1334,False,,False,0.0
CUST_03591,TXN_007997,15.4,wallet,success,,3,12,1,321,False,,False,0.0
CUST_01698,TXN_007998,16.74,netbanking,success,,1,7,2,646,False,,False,0.0
CUST_00660,TXN_007999,92.07,netbanking,failed,insufficient_funds,3,6,2,693,True,update_payment_method,True,92.07
CUST_00902,TXN_008000,122.17,card,success,,1,7,0,505,False,,False,0.0
CUST_03229,TXN_008001,38.73,netbanking,failed,authentication_failed,1,10,2,663,True,offer_support,False,0.0
CUST_03580,TXN_008002,25.99,card,success,,2,3,3,782,False,,False,0.0
CUST_01338,TXN_008003,114.32,wallet,success,,1,5,3,1299,False,,False,0.0
CUST_01786,TXN_008004,15.14,card,success,,2,10,2,771,False,,False,0.0
CUST_04725,TXN_008005,34.52,upi,success,,1,9,3,632,False,,False,0.0
CUST_04259,TXN_008006,47.96,card,success,,2,9,0,1185,False,,False,0.0
CUST_02065,TXN_008007,16.61,upi,failed,expired_card,3,11,2,819,True,retry_payment,False,0.0
CUST_01205,TXN_008008,19.91,card,success,,1,5,2,583,False,,False,0.0
CUST_01507,TXN_008009,18.71,netbanking,success,,2,12,4,1204,False,,False,0.0
CUST_02692,TXN_008010,102.86,netbanking,success,,2,2,2,471,False,,False,0.0
CUST_02834,TXN_008011,153.16,card,success,,2,6,2,825,False,,False,0.0
CUST_00921,TXN_008012,36.3,netbanking,failed,insufficient_funds,2,9,2,693,False,,False,0.0
CUST_00330,TXN_008013,26.72,upi,success,,1,8,1,66,False,,False,0.0
CUST_02477,TXN_008014,20.49,card,success,,2,4,1,1216,False,,False,0.0
CUST_03987,TXN_008015,33.16,card,success,,3,7,4,742,False,,False,0.0
CUST_00763,TXN_008016,21.32,card,success,,3,9,1,1375,False,,False,0.0
CUST_02042,TXN_008017,30.64,card,success,,3,7,0,378,False,,False,0.0
CUST_00808,TXN_008018,46.09,upi,success,,1,9,0,634,False,,False,0.0
CUST_01211,TXN_008019,23.94,upi,success,,1,3,2,511,False,,False,0.0
CUST_03061,TXN_008020,28.46,card,success,,2,10,4,767,False,,False,0.0
CUST_01431,TXN_008021,28.55,wallet,success,,1,5,1,98,False,,False,0.0
CUST_01319,TXN_008022,25.69,card,failed,authentication_failed,1,5,1,1172,True,offer_support,True,25.69
CUST_04978,TXN_008023,23.26,netbanking,success,,1,7,0,1364,False,,False,0.0
CUST_00862,TXN_008024,60.93,netbanking,success,,1,6,0,461,False,,False,0.0
CUST_00947,TXN_008025,8.03,netbanking,success,,1,5,0,1093,False,,False,0.0
CUST_04648,TXN_008026,116.68,upi,success,,2,3,1,300,False,,False,0.0
CUST_02751,TXN_008027,36.91,card,success,,2,9,2,196,False,,False,0.0
CUST_00215,TXN_008028,53.95,netbanking,success,,3,7,0,1092,False,,False,0.0
CUST_02125,TXN_008029,59.15,upi,failed,insufficient_funds,1,12,2,124,True,retry_payment,True,59.15
CUST_02826,TXN_008030,18.79,netbanking,success,,2,5,2,649,False,,False,0.0
CUST_01266,TXN_008031,15.93,card,success,,1,12,2,1393,False,,False,0.0
CUST_02741,TXN_008032,14.5,upi,success,,3,6,0,434,False,,False,0.0
CUST_03242,TXN_008033,27.18,card,success,,1,16,0,870,False,,False,0.0
CUST_01253,TXN_008034,57.94,upi,success,,3,4,2,367,False,,False,0.0
CUST_04062,TXN_008035,20.76,netbanking,success,,3,7,0,1449,False,,False,0.0
CUST_02264,TXN_008036,53.86,card,success,,1,7,4,783,False,,False,0.0
CUST_04817,TXN_008037,4.98,card,success,,1,11,3,1073,False,,False,0.0
CUST_00439,TXN_008038,24.33,card,success,,2,4,1,628,False,,False,0.0
CUST_01621,TXN_008039,84.24,card,success,,1,7,1,1113,False,,False,0.0
CUST_03606,TXN_008040,28.88,card,success,,2,11,2,1477,False,,False,0.0
CUST_04474,TXN_008041,17.06,card,success,,3,10,0,144,False,,False,0.0
CUST_01109,TXN_008042,19.58,card,success,,2,10,3,1268,False,,False,0.0
CUST_04901,TXN_008043,2.94,upi,success,,3,6,0,672,False,,False,0.0
CUST_00967,TXN_008044,14.74,netbanking,success,,2,11,2,1317,False,,False,0.0
CUST_02081,TXN_008045,77.15,card,success,,2,7,2,133,False,,False,0.0
CUST_01575,TXN_008046,20.78,card,success,,3,7,3,1410,False,,False,0.0
CUST_02122,TXN_008047,22.84,netbanking,success,,3,5,2,89,False,,False,0.0
CUST_04511,TXN_008048,5.13,card,success,,2,4,0,26,False,,False,0.0
CUST_03663,TXN_008049,8.98,card,success,,2,4,1,903,False,,False,0.0
CUST_03982,TXN_008050,85.8,upi,success,,3,7,2,690,False,,False,0.0
CUST_01270,TXN_008051,54.26,wallet,success,,2,9,1,1088,False,,False,0.0
CUST_04734,TXN_008052,11.73,card,failed,expired_card,2,11,5,221,True,offer_support,True,11.73
CUST_02178,TXN_008053,20.0,wallet,success,,3,10,4,1175,False,,False,0.0
CUST_03260,TXN_008054,32.35,card,success,,3,7,1,1058,False,,False,0.0
CUST_03488,TXN_008055,12.72,card,failed,card_declined,2,13,1,189,True,update_payment_method,True,12.72
CUST_03314,TXN_008056,6.66,card,success,,2,7,1,1178,False,,False,0.0
CUST_03009,TXN_008057,29.16,netbanking,success,,3,10,2,237,False,,False,0.0
CUST_02400,TXN_008058,52.36,upi,success,,1,9,2,152,False,,False,0.0
CUST_03238,TXN_008059,53.17,upi,success,,3,7,2,431,False,,False,0.0
CUST_04526,TXN_008060,66.7,wallet,failed,insufficient_funds,2,4,0,781,True,send_reminder,True,66.7
CUST_01949,TXN_008061,9.56,upi,failed,network_error,3,11,1,629,True,update_payment_method,False,0.0
CUST_02554,TXN_008062,34.69,card,success,,2,4,3,990,False,,False,0.0
CUST_00901,TXN_008063,26.72,upi,success,,2,6,1,1285,False,,False,0.0
CUST_01775,TXN_008064,30.88,card,success,,1,7,1,811,False,,False,0.0
CUST_03860,TXN_008065,27.95,upi,success,,1,4,3,451,False,,False,0.0
CUST_03202,TXN_008066,19.52,netbanking,success,,2,2,1,75,False,,False,0.0
CUST_01056,TXN_008067,2.96,upi,success,,1,9,3,443,False,,False,0.0
CUST_02731,TXN_008068,83.89,card,failed,insufficient_funds,3,3,2,523,False,,False,0.0
CUST_04059,TXN_008069,43.12,upi,failed,expired_card,2,7,2,1195,True,send_reminder,True,43.12
CUST_00620,TXN_008070,10.1,card,success,,3,5,2,1126,False,,False,0.0
CUST_00310,TXN_008071,48.35,card,success,,2,6,4,712,False,,False,0.0
CUST_01964,TXN_008072,23.15,upi,failed,expired_card,2,8,3,316,True,offer_support,False,0.0
CUST_03283,TXN_008073,23.68,card,success,,1,8,1,1233,False,,False,0.0
CUST_01567,TXN_008074,17.91,card,success,,2,7,4,287,False,,False,0.0
CUST_04105,TXN_008075,50.88,upi,success,,3,11,0,519,False,,False,0.0
CUST_04234,TXN_008076,17.46,card,success,,3,5,0,839,False,,False,0.0
CUST_02663,TXN_008077,13.77,card,success,,2,7,4,1294,False,,False,0.0
CUST_01894,TXN_008078,81.89,wallet,success,,3,4,2,1242,False,,False,0.0
CUST_00209,TXN_008079,28.7,card,failed,insufficient_funds,1,6,2,1059,False,,False,0.0
CUST_04107,TXN_008080,29.43,card,success,,1,8,2,1109,False,,False,0.0
CUST_04476,TXN_008081,57.63,netbanking,success,,1,2,4,772,False,,False,0.0
CUST_02212,TXN_008082,19.41,card,success,,1,3,3,1024,False,,False,0.0
CUST_02582,TXN_008083,22.77,wallet,success,,1,6,0,1302,False,,False,0.0
CUST_03767,TXN_008084,42.29,upi,success,,1,11,0,1290,False,,False,0.0
CUST_03477,TXN_008085,9.65,upi,success,,3,9,0,1021,False,,False,0.0
CUST_00677,TXN_008086,39.52,card,failed,insufficient_funds,2,5,0,915,True,retry_payment,True,39.52
CUST_03361,TXN_008087,18.09,card,success,,3,13,0,878,False,,False,0.0
CUST_04623,TXN_008088,65.65,netbanking,failed,expired_card,3,3,1,658,True,send_reminder,True,65.65
CUST_03753,TXN_008089,51.28,card,failed,expired_card,3,13,3,811,True,update_payment_method,False,0.0
CUST_02403,TXN_008090,46.14,netbanking,success,,1,7,1,925,False,,False,0.0
CUST_02616,TXN_008091,9.16,netbanking,failed,expired_card,1,12,1,1298,True,offer_support,False,0.0
CUST_01299,TXN_008092,30.49,upi,failed,expired_card,3,9,5,954,True,retry_payment,False,0.0
CUST_03304,TXN_008093,12.91,card,success,,3,9,3,29,False,,False,0.0
CUST_01208,TXN_008094,32.15,upi,success,,1,9,1,966,False,,False,0.0
CUST_01709,TXN_008095,5.2,upi,success,,2,7,1,468,False,,False,0.0
CUST_01326,TXN_008096,9.65,card,success,,1,8,0,1349,False,,False,0.0
CUST_01677,TXN_008097,85.73,netbanking,success,,1,8,2,1089,False,,False,0.0
CUST_01834,TXN_008098,44.49,card,success,,2,10,1,1466,False,,False,0.0
CUST_00415,TXN_008099,24.95,wallet,success,,2,7,1,602,False,,False,0.0
CUST_03587,TXN_008100,16.01,card,success,,2,9,2,866,False,,False,0.0
CUST_02205,TXN_008101,13.91,card,success,,2,6,2,1142,False,,False,0.0
CUST_04748,TXN_008102,38.87,upi,success,,1,13,2,973,False,,False,0.0
CUST_00905,TXN_008103,25.16,card,success,,3,6,0,533,False,,False,0.0
CUST_03345,TXN_008104,114.13,card,success,,1,9,1,313,False,,False,0.0
CUST_00896,TXN_008105,28.57,card,success,,3,8,1,1118,False,,False,0.0
CUST_02736,TXN_008106,34.71,netbanking,success,,2,4,0,1156,False,,False,0.0
CUST_02454,TXN_008107,10.9,card,failed,expired_card,2,5,0,445,False,,False,0.0
CUST_02243,TXN_008108,24.81,upi,failed,network_error,3,5,1,216,True,send_reminder,True,24.81
CUST_03273,TXN_008109,38.15,upi,failed,card_declined,2,9,2,1103,True,update_payment_method,True,38.15
CUST_04141,TXN_008110,24.58,upi,success,,3,9,1,745,False,,False,0.0
CUST_01584,TXN_008111,22.45,card,success,,1,6,1,1317,False,,False,0.0
CUST_04248,TXN_008112,43.01,card,success,,2,8,0,219,False,,False,0.0
CUST_00925,TXN_008113,111.26,wallet,success,,2,4,1,692,False,,False,0.0
CUST_01465,TXN_008114,37.19,netbanking,success,,3,18,0,823,False,,False,0.0
CUST_01554,TXN_008115,82.71,wallet,success,,1,8,1,891,False,,False,0.0
CUST_04767,TXN_008116,54.45,upi,success,,2,8,0,806,False,,False,0.0
CUST_00593,TXN_008117,78.84,netbanking,success,,2,11,2,1140,False,,False,0.0
CUST_01976,TXN_008118,20.33,wallet,success,,1,8,2,795,False,,False,0.0
CUST_02122,TXN_008119,28.06,upi,failed,card_declined,3,8,1,815,True,retry_payment,True,28.06
CUST_04000,TXN_008120,28.16,wallet,success,,2,8,1,313,False,,False,0.0
CUST_02430,TXN_008121,51.27,card,success,,2,11,0,1123,False,,False,0.0
CUST_04834,TXN_008122,62.42,card,success,,3,8,1,814,False,,False,0.0
CUST_03701,TXN_008123,36.6,upi,success,,1,7,0,1378,False,,False,0.0
CUST_03518,TXN_008124,66.78,upi,failed,network_error,2,8,2,1170,False,,False,0.0
CUST_03764,TXN_008125,21.1,card,success,,1,8,0,357,False,,False,0.0
CUST_00808,TXN_008126,67.24,upi,success,,3,14,1,395,False,,False,0.0
CUST_02245,TXN_008127,74.64,upi,success,,3,10,2,94,False,,False,0.0
CUST_02931,TXN_008128,56.94,netbanking,success,,2,9,2,766,False,,False,0.0
CUST_01043,TXN_008129,36.87,card,success,,2,11,3,963,False,,False,0.0
CUST_00594,TXN_008130,58.6,card,success,,3,8,0,1036,False,,False,0.0
CUST_00679,TXN_008131,16.2,upi,success,,1,7,1,1259,False,,False,0.0
CUST_03945,TXN_008132,38.81,upi,success,,3,1,0,1188,False,,False,0.0
CUST_03284,TXN_008133,42.12,netbanking,success,,2,8,2,1292,False,,False,0.0
CUST_01407,TXN_008134,11.43,card,success,,3,6,2,955,False,,False,0.0
CUST_03686,TXN_008135,48.41,card,success,,3,9,1,528,False,,False,0.0
CUST_03476,TXN_008136,12.19,wallet,success,,3,6,2,1167,False,,False,0.0
CUST_04082,TXN_008137,23.52,card,success,,2,11,2,265,False,,False,0.0
CUST_04550,TXN_008138,34.19,upi,success,,1,9,1,413,False,,False,0.0
CUST_04411,TXN_008139,18.46,card,failed,expired_card,3,12,3,1156,True,send_reminder,False,0.0
CUST_00905,TXN_008140,35.38,card,success,,2,8,0,457,False,,False,0.0
CUST_03846,TXN_008141,34.93,netbanking,failed,insufficient_funds,3,9,2,128,False,,False,0.0
CUST_01964,TXN_008142,17.18,card,success,,1,11,3,523,False,,False,0.0
CUST_02016,TXN_008143,52.16,card,success,,2,4,1,92,False,,False,0.0
CUST_03235,TXN_008144,17.97,netbanking,success,,3,7,1,1332,False,,False,0.0
CUST_03011,TXN_008145,206.52,card,success,,2,3,3,1493,False,,False,0.0
CUST_02098,TXN_008146,30.34,card,success,,2,5,0,1025,False,,False,0.0
CUST_04997,TXN_008147,12.97,upi,success,,1,6,3,82,False,,False,0.0
CUST_00874,TXN_008148,15.07,card,failed,insufficient_funds,1,5,0,1414,False,,False,0.0
CUST_00485,TXN_008149,82.94,upi,success,,3,5,1,1,False,,False,0.0
CUST_00146,TXN_008150,23.87,card,success,,2,4,1,548,False,,False,0.0
CUST_04071,TXN_008151,11.12,card,success,,1,8,0,127,False,,False,0.0
CUST_02033,TXN_008152,65.56,card,success,,1,2,0,640,False,,False,0.0
CUST_02187,TXN_008153,23.75,netbanking,success,,1,11,0,670,False,,False,0.0
CUST_03246,TXN_008154,55.85,card,success,,2,9,1,977,False,,False,0.0
CUST_02177,TXN_008155,70.0,wallet,success,,1,14,1,268,False,,False,0.0
CUST_02870,TXN_008156,41.25,card,success,,1,10,4,1436,False,,False,0.0
CUST_00293,TXN_008157,225.14,card,success,,2,8,1,1493,False,,False,0.0
CUST_00782,TXN_008158,8.33,upi,failed,network_error,3,9,1,323,True,retry_payment,False,0.0
CUST_04660,TXN_008159,17.21,card,success,,3,9,1,143,False,,False,0.0
CUST_02254,TXN_008160,26.98,upi,failed,expired_card,2,6,1,472,True,retry_payment,False,0.0
CUST_00837,TXN_008161,202.14,wallet,failed,authentication_failed,2,13,3,154,True,update_payment_method,False,0.0
CUST_01847,TXN_008162,139.55,netbanking,success,,3,5,0,386,False,,False,0.0
CUST_01674,TXN_008163,92.85,upi,success,,3,8,1,326,False,,False,0.0
CUST_01371,TXN_008164,17.54,upi,success,,1,9,2,534,False,,False,0.0
CUST_01468,TXN_008165,19.26,card,success,,2,9,1,603,False,,False,0.0
CUST_03646,TXN_008166,17.07,netbanking,failed,card_declined,2,9,0,1058,True,retry_payment,False,0.0
CUST_00534,TXN_008167,17.69,card,success,,1,2,3,1386,False,,False,0.0
CUST_01548,TXN_008168,109.31,card,success,,3,7,1,1432,False,,False,0.0
CUST_02340,TXN_008169,27.25,upi,success,,2,7,0,1292,False,,False,0.0
CUST_02701,TXN_008170,30.29,card,success,,3,8,3,1465,False,,False,0.0
CUST_04402,TXN_008171,61.53,upi,success,,3,7,0,533,False,,False,0.0
CUST_04616,TXN_008172,8.75,card,failed,card_declined,1,10,0,1007,True,offer_support,False,0.0
CUST_01487,TXN_008173,34.54,card,success,,1,10,2,693,False,,False,0.0
CUST_02696,TXN_008174,13.77,upi,success,,3,10,3,1264,False,,False,0.0
CUST_00112,TXN_008175,26.17,upi,failed,insufficient_funds,1,9,3,17,True,send_reminder,False,0.0
CUST_03085,TXN_008176,20.72,wallet,success,,1,13,4,870,False,,False,0.0
CUST_00765,TXN_008177,19.88,card,failed,network_error,2,10,1,1449,True,offer_support,True,19.88
CUST_00367,TXN_008178,39.66,card,success,,1,9,2,1279,False,,False,0.0
CUST_03358,TXN_008179,39.53,card,success,,3,7,1,601,False,,False,0.0
CUST_00891,TXN_008180,27.78,card,success,,3,5,0,460,False,,False,0.0
CUST_02387,TXN_008181,44.55,card,success,,3,10,1,1220,False,,False,0.0
CUST_00505,TXN_008182,16.53,netbanking,success,,3,5,3,414,False,,False,0.0
CUST_03728,TXN_008183,57.13,card,success,,1,8,0,543,False,,False,0.0
CUST_03824,TXN_008184,28.08,wallet,success,,2,9,1,457,False,,False,0.0
CUST_02874,TXN_008185,22.49,upi,success,,1,14,0,1250,False,,False,0.0
CUST_04179,TXN_008186,17.53,upi,success,,1,12,1,793,False,,False,0.0
CUST_02184,TXN_008187,27.3,card,success,,3,6,2,889,False,,False,0.0
CUST_00933,TXN_008188,147.9,card,failed,authentication_failed,1,10,1,269,True,send_reminder,False,0.0
CUST_00757,TXN_008189,31.48,card,success,,3,10,2,791,False,,False,0.0
CUST_01097,TXN_008190,13.26,upi,success,,2,7,3,1184,False,,False,0.0
CUST_01002,TXN_008191,69.07,upi,failed,insufficient_funds,3,13,2,1231,True,offer_support,False,0.0
CUST_01616,TXN_008192,22.7,card,success,,2,12,3,896,False,,False,0.0
CUST_01072,TXN_008193,41.55,card,failed,expired_card,2,10,2,1427,True,update_payment_method,False,0.0
CUST_02955,TXN_008194,20.4,wallet,success,,1,13,0,41,False,,False,0.0
CUST_00742,TXN_008195,92.26,card,success,,2,8,2,769,False,,False,0.0
CUST_03109,TXN_008196,20.64,card,success,,3,12,0,130,False,,False,0.0
CUST_01671,TXN_008197,101.32,card,success,,3,10,2,92,False,,False,0.0
CUST_03434,TXN_008198,14.3,card,success,,3,10,3,1446,False,,False,0.0
CUST_02565,TXN_008199,26.2,card,success,,2,6,1,374,False,,False,0.0
CUST_04526,TXN_008200,101.49,upi,success,,3,6,2,16,False,,False,0.0
CUST_02199,TXN_008201,37.88,upi,success,,2,10,1,135,False,,False,0.0
CUST_01475,TXN_008202,203.81,upi,success,,3,10,0,1002,False,,False,0.0
CUST_02946,TXN_008203,26.7,card,success,,1,4,2,807,False,,False,0.0
CUST_03294,TXN_008204,40.68,card,success,,1,7,5,886,False,,False,0.0
CUST_02196,TXN_008205,152.04,netbanking,success,,2,7,2,386,False,,False,0.0
CUST_02799,TXN_008206,9.86,card,success,,2,12,0,1372,False,,False,0.0
CUST_02354,TXN_008207,8.93,card,success,,2,7,3,453,False,,False,0.0
CUST_01529,TXN_008208,17.52,upi,success,,3,11,1,363,False,,False,0.0
CUST_01568,TXN_008209,63.48,upi,success,,2,6,1,12,False,,False,0.0
CUST_04537,TXN_008210,9.14,card,success,,1,7,2,60,False,,False,0.0
CUST_03376,TXN_008211,53.39,wallet,failed,authentication_failed,2,5,1,525,True,update_payment_method,True,53.39
CUST_00478,TXN_008212,50.47,card,failed,authentication_failed,1,9,0,1318,False,,False,0.0
CUST_04810,TXN_008213,165.92,wallet,success,,1,8,1,921,False,,False,0.0
CUST_03560,TXN_008214,76.43,card,success,,1,11,2,1387,False,,False,0.0
CUST_00251,TXN_008215,44.31,upi,success,,1,12,1,1183,False,,False,0.0
CUST_03639,TXN_008216,98.23,card,success,,2,7,1,1209,False,,False,0.0
CUST_02948,TXN_008217,50.96,netbanking,success,,2,4,4,537,False,,False,0.0
CUST_04576,TXN_008218,22.92,upi,success,,3,7,2,246,False,,False,0.0
CUST_02447,TXN_008219,13.25,netbanking,success,,1,8,2,919,False,,False,0.0
CUST_02593,TXN_008220,21.0,netbanking,failed,insufficient_funds,2,13,1,735,False,,False,0.0
CUST_01574,TXN_008221,32.07,upi,success,,3,6,0,480,False,,False,0.0
CUST_01608,TXN_008222,38.09,card,success,,2,6,1,351,False,,False,0.0
CUST_03089,TXN_008223,6.0,card,success,,2,5,2,514,False,,False,0.0
CUST_04138,TXN_008224,27.78,wallet,success,,2,7,0,855,False,,False,0.0
CUST_04453,TXN_008225,33.88,wallet,success,,1,6,1,780,False,,False,0.0
CUST_03854,TXN_008226,51.32,card,success,,3,8,2,922,False,,False,0.0
CUST_03049,TXN_008227,121.69,card,success,,2,8,0,1106,False,,False,0.0
CUST_02502,TXN_008228,38.42,card,success,,1,7,0,1285,False,,False,0.0
CUST_01698,TXN_008229,16.0,card,success,,1,8,1,557,False,,False,0.0
CUST_03839,TXN_008230,7.73,card,success,,2,4,2,522,False,,False,0.0
CUST_01591,TXN_008231,57.38,netbanking,success,,3,9,1,1037,False,,False,0.0
CUST_01340,TXN_008232,16.52,card,success,,3,9,2,278,False,,False,0.0
CUST_04339,TXN_008233,66.25,netbanking,failed,insufficient_funds,2,8,0,187,False,,False,0.0
CUST_02947,TXN_008234,101.28,wallet,success,,3,5,5,1217,False,,False,0.0
CUST_01771,TXN_008235,9.63,card,failed,insufficient_funds,3,7,3,1208,True,send_reminder,False,0.0
CUST_04326,TXN_008236,51.58,upi,success,,2,8,3,69,False,,False,0.0
CUST_04813,TXN_008237,93.14,upi,success,,3,9,3,918,False,,False,0.0
CUST_01590,TXN_008238,74.83,card,success,,1,12,2,408,False,,False,0.0
CUST_02607,TXN_008239,6.19,upi,success,,3,8,0,1326,False,,False,0.0
CUST_02418,TXN_008240,16.73,upi,success,,3,8,0,795,False,,False,0.0
CUST_03508,TXN_008241,11.89,card,success,,2,7,3,466,False,,False,0.0
CUST_04755,TXN_008242,50.34,netbanking,success,,3,4,1,901,False,,False,0.0
CUST_02743,TXN_008243,46.09,card,success,,1,10,1,330,False,,False,0.0
CUST_03991,TXN_008244,3.83,card,success,,1,7,2,1221,False,,False,0.0
CUST_02978,TXN_008245,26.03,wallet,success,,2,5,1,646,False,,False,0.0
CUST_04435,TXN_008246,62.84,card,success,,1,4,1,921,False,,False,0.0
CUST_02023,TXN_008247,37.28,card,success,,1,10,2,1194,False,,False,0.0
CUST_01926,TXN_008248,37.23,card,success,,1,4,3,456,False,,False,0.0
CUST_02112,TXN_008249,24.73,card,success,,2,7,0,540,False,,False,0.0
CUST_04982,TXN_008250,14.19,card,success,,2,10,2,484,False,,False,0.0
CUST_03057,TXN_008251,32.67,upi,success,,1,16,0,832,False,,False,0.0
CUST_00763,TXN_008252,34.52,card,success,,1,9,3,235,False,,False,0.0
CUST_00205,TXN_008253,54.17,upi,success,,3,10,2,902,False,,False,0.0
CUST_02594,TXN_008254,57.81,card,success,,1,9,1,245,False,,False,0.0
CUST_04028,TXN_008255,35.47,card,success,,2,8,1,1272,False,,False,0.0
CUST_02396,TXN_008256,79.51,wallet,success,,3,5,0,1249,False,,False,0.0
CUST_02801,TXN_008257,24.53,netbanking,success,,2,11,1,970,False,,False,0.0
CUST_03992,TXN_008258,10.43,upi,success,,1,8,2,769,False,,False,0.0
CUST_02582,TXN_008259,48.5,card,success,,3,12,1,139,False,,False,0.0
CUST_04543,TXN_008260,36.64,upi,success,,3,8,1,1438,False,,False,0.0
CUST_03190,TXN_008261,49.28,netbanking,success,,3,7,2,565,False,,False,0.0
CUST_03655,TXN_008262,12.04,netbanking,success,,2,10,0,519,False,,False,0.0
CUST_03907,TXN_008263,138.74,upi,success,,1,13,2,97,False,,False,0.0
CUST_03134,TXN_008264,58.46,upi,success,,2,10,1,701,False,,False,0.0
CUST_00251,TXN_008265,26.3,card,success,,3,11,0,287,False,,False,0.0
CUST_02137,TXN_008266,15.67,card,success,,3,7,2,1487,False,,False,0.0
CUST_00708,TXN_008267,78.39,card,success,,1,8,1,1205,False,,False,0.0
CUST_02552,TXN_008268,13.72,card,success,,1,12,1,873,False,,False,0.0
CUST_00716,TXN_008269,202.17,card,success,,1,6,3,570,False,,False,0.0
CUST_02546,TXN_008270,20.28,card,success,,1,10,2,640,False,,False,0.0
CUST_01719,TXN_008271,131.16,upi,success,,1,7,4,1100,False,,False,0.0
CUST_00102,TXN_008272,28.57,upi,success,,2,6,5,204,False,,False,0.0
CUST_00625,TXN_008273,117.28,upi,success,,1,11,1,28,False,,False,0.0
CUST_02515,TXN_008274,18.4,card,success,,2,9,1,168,False,,False,0.0
CUST_00395,TXN_008275,33.62,upi,success,,3,9,3,4,False,,False,0.0
CUST_04279,TXN_008276,63.04,wallet,success,,2,5,0,777,False,,False,0.0
CUST_03793,TXN_008277,56.24,card,success,,2,7,5,251,False,,False,0.0
CUST_03546,TXN_008278,79.89,netbanking,success,,3,14,1,1222,False,,False,0.0
CUST_00861,TXN_008279,22.42,card,success,,2,3,1,1001,False,,False,0.0
CUST_03978,TXN_008280,35.44,upi,failed,card_declined,3,8,1,1346,True,retry_payment,False,0.0
CUST_03173,TXN_008281,89.9,upi,failed,authentication_failed,3,11,1,637,True,retry_payment,True,89.9
CUST_01953,TXN_008282,18.84,upi,success,,1,14,2,177,False,,False,0.0
CUST_00003,TXN_008283,52.35,netbanking,success,,3,7,1,117,False,,False,0.0
CUST_02645,TXN_008284,27.79,card,success,,1,5,0,863,False,,False,0.0
CUST_03979,TXN_008285,39.04,netbanking,success,,1,6,2,1188,False,,False,0.0
CUST_00168,TXN_008286,35.43,netbanking,success,,2,6,0,650,False,,False,0.0
CUST_00264,TXN_008287,17.63,netbanking,success,,3,10,2,905,False,,False,0.0
CUST_01915,TXN_008288,26.88,card,success,,3,15,1,675,False,,False,0.0
CUST_02558,TXN_008289,37.19,card,success,,2,4,2,861,False,,False,0.0
CUST_02372,TXN_008290,30.5,netbanking,failed,expired_card,1,7,2,357,False,,False,0.0
CUST_02131,TXN_008291,116.53,upi,success,,2,5,2,793,False,,False,0.0
CUST_01276,TXN_008292,74.29,wallet,failed,expired_card,2,7,1,1125,True,update_payment_method,False,0.0
CUST_00300,TXN_008293,41.76,card,success,,1,9,1,1340,False,,False,0.0
CUST_00157,TXN_008294,17.98,netbanking,success,,1,6,4,722,False,,False,0.0
CUST_00494,TXN_008295,17.13,netbanking,success,,3,7,2,141,False,,False,0.0
CUST_03452,TXN_008296,160.62,netbanking,success,,3,5,3,46,False,,False,0.0
CUST_03930,TXN_008297,14.76,upi,failed,authentication_failed,2,6,0,1092,False,,False,0.0
CUST_02176,TXN_008298,36.27,card,success,,1,8,4,412,False,,False,0.0
CUST_00388,TXN_008299,44.2,upi,success,,3,8,1,1319,False,,False,0.0
CUST_02078,TXN_008300,25.81,upi,success,,2,6,0,1306,False,,False,0.0
CUST_04928,TXN_008301,14.85,card,failed,network_error,2,6,2,561,True,offer_support,True,14.85
CUST_01250,TXN_008302,17.67,card,success,,1,9,1,1007,False,,False,0.0
CUST_02456,TXN_008303,21.39,netbanking,success,,3,8,0,881,False,,False,0.0
CUST_02689,TXN_008304,18.77,card,success,,2,2,0,1092,False,,False,0.0
CUST_01650,TXN_008305,95.79,card,success,,1,9,4,76,False,,False,0.0
CUST_02190,TXN_008306,32.87,upi,failed,authentication_failed,2,7,3,1193,True,send_reminder,False,0.0
CUST_02359,TXN_008307,21.78,wallet,success,,2,4,1,842,False,,False,0.0
CUST_02370,TXN_008308,36.07,upi,success,,2,4,1,407,False,,False,0.0
CUST_03588,TXN_008309,56.51,card,success,,2,8,2,76,False,,False,0.0
CUST_02904,TXN_008310,25.14,card,success,,1,5,1,268,False,,False,0.0
CUST_00267,TXN_008311,68.14,card,success,,2,10,0,545,False,,False,0.0
CUST_00032,TXN_008312,11.98,card,success,,1,9,3,392,False,,False,0.0
CUST_02054,TXN_008313,84.52,netbanking,success,,1,5,2,1333,False,,False,0.0
CUST_04538,TXN_008314,32.88,card,success,,1,11,1,84,False,,False,0.0
CUST_00185,TXN_008315,31.87,card,success,,2,7,2,382,False,,False,0.0
CUST_00356,TXN_008316,19.02,netbanking,success,,3,8,0,1420,False,,False,0.0
CUST_03396,TXN_008317,12.4,card,success,,3,8,1,89,False,,False,0.0
CUST_02255,TXN_008318,8.73,card,success,,3,13,2,914,False,,False,0.0
CUST_01153,TXN_008319,17.99,upi,success,,3,14,2,161,False,,False,0.0
CUST_01037,TXN_008320,52.99,card,success,,1,8,2,802,False,,False,0.0
CUST_03325,TXN_008321,15.35,card,success,,1,11,1,121,False,,False,0.0
CUST_02619,TXN_008322,9.59,wallet,failed,network_error,1,7,0,1380,True,update_payment_method,True,9.59
CUST_03191,TXN_008323,16.0,netbanking,success,,2,11,1,598,False,,False,0.0
CUST_01401,TXN_008324,24.34,netbanking,success,,2,9,1,638,False,,False,0.0
CUST_02632,TXN_008325,25.12,upi,success,,2,10,3,698,False,,False,0.0
CUST_04300,TXN_008326,29.87,card,success,,1,8,5,524,False,,False,0.0
CUST_01583,TXN_008327,75.65,netbanking,failed,card_declined,1,6,2,1235,False,,False,0.0
CUST_01982,TXN_008328,89.96,upi,success,,3,12,1,91,False,,False,0.0
CUST_00819,TXN_008329,164.74,card,success,,2,11,1,423,False,,False,0.0
CUST_03194,TXN_008330,9.03,card,success,,2,8,3,1336,False,,False,0.0
CUST_00163,TXN_008331,16.7,upi,success,,3,12,0,929,False,,False,0.0
CUST_01245,TXN_008332,57.9,card,success,,3,6,0,1253,False,,False,0.0
CUST_03565,TXN_008333,23.03,card,success,,3,4,0,512,False,,False,0.0
CUST_00098,TXN_008334,65.93,card,success,,2,6,1,126,False,,False,0.0
CUST_04945,TXN_008335,39.08,upi,success,,2,8,2,798,False,,False,0.0
CUST_02021,TXN_008336,117.14,card,success,,3,12,2,99,False,,False,0.0
CUST_01994,TXN_008337,76.26,upi,success,,3,10,2,1058,False,,False,0.0
CUST_02682,TXN_008338,77.39,card,failed,authentication_failed,3,9,3,775,True,offer_support,True,77.39
CUST_03196,TXN_008339,23.82,upi,success,,2,6,1,543,False,,False,0.0
CUST_02298,TXN_008340,30.63,card,success,,1,10,2,929,False,,False,0.0
CUST_04421,TXN_008341,25.94,card,success,,3,7,1,1118,False,,False,0.0
CUST_04810,TXN_008342,9.93,upi,success,,1,7,0,99,False,,False,0.0
CUST_01002,TXN_008343,107.49,upi,success,,1,9,0,547,False,,False,0.0
CUST_03534,TXN_008344,60.12,card,success,,2,8,4,999,False,,False,0.0
CUST_01505,TXN_008345,25.13,upi,success,,1,13,4,659,False,,False,0.0
CUST_04978,TXN_008346,94.04,netbanking,success,,1,8,3,866,False,,False,0.0
CUST_01267,TXN_008347,20.0,card,success,,2,9,1,204,False,,False,0.0
CUST_01476,TXN_008348,7.61,upi,failed,authentication_failed,2,13,0,1145,False,,False,0.0
CUST_03571,TXN_008349,74.14,card,success,,1,6,3,1285,False,,False,0.0
CUST_03945,TXN_008350,11.91,netbanking,success,,3,11,2,1391,False,,False,0.0
CUST_00643,TXN_008351,28.31,card,success,,1,9,5,794,False,,False,0.0
CUST_02778,TXN_008352,39.05,wallet,success,,1,4,1,267,False,,False,0.0
CUST_01729,TXN_008353,45.08,upi,failed,expired_card,3,10,1,1009,True,send_reminder,False,0.0
CUST_03059,TXN_008354,65.28,upi,success,,3,8,0,1170,False,,False,0.0
CUST_02784,TXN_008355,52.7,card,success,,2,4,0,1170,False,,False,0.0
CUST_04929,TXN_008356,51.41,upi,success,,1,5,5,373,False,,False,0.0
CUST_04668,TXN_008357,17.59,card,success,,3,10,0,24,False,,False,0.0
CUST_03270,TXN_008358,41.9,card,failed,expired_card,1,11,0,1289,True,send_reminder,True,41.9
CUST_03397,TXN_008359,9.93,card,success,,2,6,0,255,False,,False,0.0
CUST_04494,TXN_008360,115.55,upi,failed,network_error,1,6,1,600,False,,False,0.0
CUST_00918,TXN_008361,10.78,netbanking,success,,1,5,1,1466,False,,False,0.0
CUST_03629,TXN_008362,25.1,wallet,success,,1,8,0,1378,False,,False,0.0
CUST_03860,TXN_008363,11.53,card,success,,2,13,1,466,False,,False,0.0
CUST_00637,TXN_008364,18.46,netbanking,success,,1,9,0,913,False,,False,0.0
CUST_04406,TXN_008365,33.47,netbanking,failed,network_error,3,6,0,808,True,send_reminder,False,0.0
CUST_03497,TXN_008366,21.69,netbanking,success,,3,12,3,76,False,,False,0.0
CUST_01736,TXN_008367,82.71,upi,success,,1,8,2,492,False,,False,0.0
CUST_02422,TXN_008368,39.71,card,success,,2,8,3,1292,False,,False,0.0
CUST_02448,TXN_008369,22.87,netbanking,success,,3,6,1,1322,False,,False,0.0
CUST_04594,TXN_008370,29.76,upi,success,,1,4,1,663,False,,False,0.0
CUST_04846,TXN_008371,87.86,upi,success,,2,6,2,60,False,,False,0.0
CUST_04034,TXN_008372,68.52,card,success,,1,11,3,948,False,,False,0.0
CUST_03261,TXN_008373,13.32,card,success,,1,5,2,1152,False,,False,0.0
CUST_00521,TXN_008374,19.21,card,success,,3,10,4,1443,False,,False,0.0
CUST_04574,TXN_008375,48.42,upi,success,,1,10,1,90,False,,False,0.0
CUST_00670,TXN_008376,43.93,card,success,,1,9,4,657,False,,False,0.0
CUST_00834,TXN_008377,14.29,netbanking,success,,3,8,1,1156,False,,False,0.0
CUST_00348,TXN_008378,60.3,card,success,,1,7,1,583,False,,False,0.0
CUST_04738,TXN_008379,16.24,card,failed,expired_card,1,11,1,1048,True,send_reminder,True,16.24
CUST_02466,TXN_008380,93.98,card,success,,3,12,1,1421,False,,False,0.0
CUST_01180,TXN_008381,50.58,card,success,,3,5,1,726,False,,False,0.0
CUST_00404,TXN_008382,13.39,card,success,,2,6,2,359,False,,False,0.0
CUST_02060,TXN_008383,21.69,upi,success,,3,6,1,1194,False,,False,0.0
CUST_03618,TXN_008384,21.39,wallet,success,,1,8,4,605,False,,False,0.0
CUST_04972,TXN_008385,37.63,card,success,,3,7,1,253,False,,False,0.0
CUST_02762,TXN_008386,28.13,card,failed,network_error,2,8,1,1136,False,,False,0.0
CUST_03036,TXN_008387,13.24,netbanking,success,,2,7,1,45,False,,False,0.0
CUST_04179,TXN_008388,10.85,card,success,,2,12,2,868,False,,False,0.0
CUST_04509,TXN_008389,51.38,upi,success,,1,11,1,1452,False,,False,0.0
CUST_01399,TXN_008390,41.64,upi,success,,2,7,0,450,False,,False,0.0
CUST_04959,TXN_008391,36.03,netbanking,success,,3,4,0,485,False,,False,0.0
CUST_02596,TXN_008392,41.12,card,success,,1,7,1,634,False,,False,0.0
CUST_04650,TXN_008393,20.18,wallet,success,,1,7,2,1228,False,,False,0.0
CUST_00588,TXN_008394,38.37,wallet,success,,3,8,0,1494,False,,False,0.0
CUST_00488,TXN_008395,252.35,card,success,,3,11,0,455,False,,False,0.0
CUST_04423,TXN_008396,84.75,upi,success,,2,12,1,1121,False,,False,0.0
CUST_03363,TXN_008397,26.29,card,failed,authentication_failed,2,6,0,216,False,,False,0.0
CUST_00875,TXN_008398,21.79,card,success,,1,7,1,1448,False,,False,0.0
CUST_04474,TXN_008399,3.36,wallet,success,,3,4,3,1246,False,,False,0.0
CUST_00512,TXN_008400,77.86,card,success,,2,8,2,137,False,,False,0.0
CUST_03411,TXN_008401,62.13,card,success,,1,10,2,1318,False,,False,0.0
CUST_01026,TXN_008402,21.43,card,success,,2,8,0,104,False,,False,0.0
CUST_00353,TXN_008403,10.53,upi,failed,card_declined,3,9,0,570,False,,False,0.0
CUST_04031,TXN_008404,13.14,netbanking,success,,3,10,3,57,False,,False,0.0
CUST_04237,TXN_008405,47.25,upi,success,,2,3,1,567,False,,False,0.0
CUST_00529,TXN_008406,30.83,upi,success,,1,5,0,1357,False,,False,0.0
CUST_00466,TXN_008407,57.59,card,success,,1,6,2,302,False,,False,0.0
CUST_03072,TXN_008408,35.49,upi,success,,2,9,6,1019,False,,False,0.0
CUST_00144,TXN_008409,71.77,card,success,,3,11,2,792,False,,False,0.0
CUST_03731,TXN_008410,44.51,upi,success,,3,8,2,385,False,,False,0.0
CUST_04578,TXN_008411,64.27,upi,success,,3,8,0,1430,False,,False,0.0
CUST_03755,TXN_008412,6.22,wallet,success,,1,8,1,847,False,,False,0.0
CUST_01154,TXN_008413,12.34,upi,success,,1,4,4,619,False,,False,0.0
CUST_00951,TXN_008414,24.74,upi,success,,1,9,0,304,False,,False,0.0
CUST_03403,TXN_008415,78.54,card,success,,3,11,3,1448,False,,False,0.0
CUST_00309,TXN_008416,149.07,card,success,,3,9,1,905,False,,False,0.0
CUST_02688,TXN_008417,29.04,upi,success,,1,6,1,972,False,,False,0.0
CUST_02244,TXN_008418,20.3,upi,success,,3,5,0,467,False,,False,0.0
CUST_03723,TXN_008419,6.93,upi,success,,2,5,0,222,False,,False,0.0
CUST_01013,TXN_008420,66.08,upi,success,,2,10,1,952,False,,False,0.0
CUST_03811,TXN_008421,21.32,card,success,,2,5,2,794,False,,False,0.0
CUST_03496,TXN_008422,353.07,card,success,,2,10,2,200,False,,False,0.0
CUST_01194,TXN_008423,18.33,card,failed,insufficient_funds,3,11,1,1390,True,retry_payment,False,0.0
CUST_01784,TXN_008424,178.43,upi,success,,2,9,1,381,False,,False,0.0
CUST_00331,TXN_008425,60.26,wallet,failed,card_declined,3,2,1,252,True,send_reminder,True,60.26
CUST_02247,TXN_008426,14.55,upi,success,,3,5,1,29,False,,False,0.0
CUST_01303,TXN_008427,39.87,upi,success,,3,7,2,431,False,,False,0.0
CUST_00568,TXN_008428,61.38,upi,failed,insufficient_funds,2,6,1,1234,True,send_reminder,True,61.38
CUST_02800,TXN_008429,27.65,card,success,,3,11,0,610,False,,False,0.0
CUST_02838,TXN_008430,64.74,card,success,,2,7,3,1204,False,,False,0.0
CUST_00430,TXN_008431,63.61,card,success,,2,9,1,974,False,,False,0.0
CUST_00928,TXN_008432,53.36,wallet,failed,card_declined,3,9,3,508,True,send_reminder,False,0.0
CUST_00413,TXN_008433,32.68,card,success,,3,10,3,1128,False,,False,0.0
CUST_03395,TXN_008434,12.94,upi,success,,1,11,3,249,False,,False,0.0
CUST_01690,TXN_008435,31.14,card,success,,3,8,2,766,False,,False,0.0
CUST_00356,TXN_008436,38.12,upi,success,,2,9,0,91,False,,False,0.0
CUST_00958,TXN_008437,7.38,card,success,,1,9,2,828,False,,False,0.0
CUST_04879,TXN_008438,37.92,wallet,success,,3,7,3,1040,False,,False,0.0
CUST_01279,TXN_008439,30.65,card,success,,1,4,1,906,False,,False,0.0
CUST_03422,TXN_008440,11.74,wallet,success,,2,9,1,214,False,,False,0.0
CUST_02342,TXN_008441,25.37,upi,success,,2,10,0,98,False,,False,0.0
CUST_00909,TXN_008442,25.8,card,success,,2,11,5,472,False,,False,0.0
CUST_01537,TXN_008443,155.1,upi,success,,1,13,3,687,False,,False,0.0
CUST_00071,TXN_008444,39.49,upi,success,,1,8,5,1268,False,,False,0.0
CUST_03735,TXN_008445,75.86,card,success,,1,10,2,1464,False,,False,0.0
CUST_01672,TXN_008446,30.14,upi,success,,2,9,3,65,False,,False,0.0
CUST_02496,TXN_008447,7.4,upi,success,,3,10,2,1145,False,,False,0.0
CUST_00764,TXN_008448,56.71,upi,success,,2,10,0,410,False,,False,0.0
CUST_04121,TXN_008449,19.56,upi,success,,2,4,3,263,False,,False,0.0
CUST_01092,TXN_008450,25.32,upi,success,,3,6,1,1449,False,,False,0.0
CUST_02831,TXN_008451,14.26,card,success,,1,9,0,59,False,,False,0.0
CUST_04363,TXN_008452,35.1,card,success,,1,11,3,176,False,,False,0.0
CUST_03566,TXN_008453,77.64,card,failed,authentication_failed,3,9,0,837,True,update_payment_method,True,77.64
CUST_03016,TXN_008454,69.84,upi,success,,3,9,1,176,False,,False,0.0
CUST_04440,TXN_008455,117.8,card,failed,card_declined,2,11,4,287,True,send_reminder,True,117.8
CUST_00883,TXN_008456,131.94,card,success,,1,9,2,1355,False,,False,0.0
CUST_04817,TXN_008457,6.44,netbanking,success,,1,9,0,1347,False,,False,0.0
CUST_02783,TXN_008458,12.74,card,success,,3,10,2,1352,False,,False,0.0
CUST_02049,TXN_008459,7.79,card,success,,1,6,3,214,False,,False,0.0
CUST_01279,TXN_008460,54.9,netbanking,success,,2,11,3,1068,False,,False,0.0
CUST_03724,TXN_008461,19.02,upi,success,,3,6,2,1057,False,,False,0.0
CUST_04881,TXN_008462,22.39,netbanking,success,,2,9,1,1041,False,,False,0.0
CUST_03450,TXN_008463,27.85,card,success,,2,13,4,683,False,,False,0.0
CUST_00164,TXN_008464,44.97,upi,success,,3,13,2,960,False,,False,0.0
CUST_02345,TXN_008465,10.09,wallet,success,,3,3,1,801,False,,False,0.0
CUST_03661,TXN_008466,12.1,card,success,,2,6,0,927,False,,False,0.0
CUST_01987,TXN_008467,33.15,card,failed,expired_card,1,7,1,933,False,,False,0.0
CUST_03865,TXN_008468,86.4,card,failed,network_error,1,9,2,856,True,retry_payment,False,0.0
CUST_03536,TXN_008469,32.45,netbanking,failed,insufficient_funds,1,6,2,130,True,offer_support,False,0.0
CUST_00336,TXN_008470,17.58,card,failed,network_error,2,3,0,1397,True,retry_payment,False,0.0
CUST_02790,TXN_008471,5.94,upi,success,,3,7,0,560,False,,False,0.0
CUST_00860,TXN_008472,70.96,upi,success,,2,4,1,833,False,,False,0.0
CUST_02433,TXN_008473,18.38,wallet,success,,3,7,4,1489,False,,False,0.0
CUST_01922,TXN_008474,13.22,card,failed,expired_card,3,7,3,1055,True,send_reminder,True,13.22
CUST_04034,TXN_008475,8.4,upi,success,,1,8,1,435,False,,False,0.0
CUST_04340,TXN_008476,10.47,wallet,success,,2,1,0,813,False,,False,0.0
CUST_02307,TXN_008477,15.35,card,success,,2,6,0,356,False,,False,0.0
CUST_02685,TXN_008478,27.36,upi,failed,network_error,1,7,5,671,True,retry_payment,False,0.0
CUST_03130,TXN_008479,12.59,card,success,,1,13,3,829,False,,False,0.0
CUST_03276,TXN_008480,38.42,card,failed,authentication_failed,2,4,2,881,True,send_reminder,True,38.42
CUST_03177,TXN_008481,27.19,card,failed,network_error,3,6,2,1189,True,offer_support,False,0.0
CUST_03915,TXN_008482,195.9,card,success,,2,7,0,661,False,,False,0.0
CUST_04909,TXN_008483,8.47,card,success,,2,9,0,1295,False,,False,0.0
CUST_04140,TXN_008484,37.68,netbanking,success,,2,9,1,617,False,,False,0.0
CUST_00674,TXN_008485,38.06,upi,success,,2,8,3,586,False,,False,0.0
CUST_02381,TXN_008486,14.52,card,success,,3,7,1,19,False,,False,0.0
CUST_02306,TXN_008487,35.74,upi,success,,1,6,1,624,False,,False,0.0
CUST_02544,TXN_008488,61.29,wallet,success,,1,6,1,815,False,,False,0.0
CUST_02642,TXN_008489,35.77,card,success,,1,3,0,684,False,,False,0.0
CUST_03590,TXN_008490,100.24,card,success,,2,3,1,1040,False,,False,0.0
CUST_02105,TXN_008491,5.8,card,success,,1,8,1,434,False,,False,0.0
CUST_01317,TXN_008492,16.88,netbanking,success,,3,9,1,1020,False,,False,0.0
CUST_02288,TXN_008493,107.77,netbanking,success,,3,9,1,1240,False,,False,0.0
CUST_04272,TXN_008494,68.69,upi,success,,1,5,3,522,False,,False,0.0
CUST_01557,TXN_008495,51.03,card,failed,network_error,1,7,1,795,True,retry_payment,True,51.03
CUST_00104,TXN_008496,88.82,upi,success,,2,10,1,1287,False,,False,0.0
CUST_04881,TXN_008497,7.15,upi,success,,3,10,2,588,False,,False,0.0
CUST_00979,TXN_008498,62.58,card,failed,insufficient_funds,3,11,0,386,True,update_payment_method,False,0.0
CUST_03014,TXN_008499,77.59,card,success,,2,10,1,616,False,,False,0.0
CUST_04001,TXN_008500,19.55,card,success,,1,9,2,431,False,,False,0.0
CUST_01373,TXN_008501,271.34,upi,failed,network_error,1,12,0,569,False,,False,0.0
CUST_01701,TXN_008502,38.75,wallet,success,,2,9,1,1055,False,,False,0.0
CUST_01403,TXN_008503,5.73,card,success,,2,13,2,1064,False,,False,0.0
CUST_00750,TXN_008504,44.93,wallet,success,,2,10,3,275,False,,False,0.0
CUST_00765,TXN_008505,18.62,upi,failed,authentication_failed,3,14,2,1284,True,offer_support,True,18.62
CUST_00934,TXN_008506,84.1,upi,success,,1,7,2,5,False,,False,0.0
CUST_02290,TXN_008507,51.33,netbanking,success,,1,6,0,932,False,,False,0.0
CUST_02654,TXN_008508,20.53,upi,success,,3,5,3,1118,False,,False,0.0
CUST_00080,TXN_008509,110.16,card,success,,1,11,1,165,False,,False,0.0
CUST_04231,TXN_008510,70.21,card,success,,1,8,1,236,False,,False,0.0
CUST_03379,TXN_008511,17.08,netbanking,failed,expired_card,3,10,0,1275,True,offer_support,True,17.08
CUST_00354,TXN_008512,29.32,upi,success,,3,11,2,649,False,,False,0.0
CUST_04213,TXN_008513,50.08,card,success,,1,7,0,868,False,,False,0.0
CUST_00153,TXN_008514,24.74,upi,success,,2,5,4,722,False,,False,0.0
CUST_02803,TXN_008515,25.34,card,success,,3,9,0,549,False,,False,0.0
CUST_02326,TXN_008516,34.1,card,success,,1,9,2,899,False,,False,0.0
CUST_02511,TXN_008517,14.12,netbanking,success,,1,7,2,469,False,,False,0.0
CUST_04780,TXN_008518,5.55,card,success,,1,5,1,652,False,,False,0.0
CUST_04635,TXN_008519,40.1,card,success,,2,7,0,867,False,,False,0.0
CUST_01395,TXN_008520,6.75,card,success,,3,4,0,344,False,,False,0.0
CUST_02898,TXN_008521,14.96,wallet,success,,2,8,1,525,False,,False,0.0
CUST_04795,TXN_008522,8.03,card,success,,2,7,2,1161,False,,False,0.0
CUST_03644,TXN_008523,8.86,card,failed,expired_card,3,9,2,323,False,,False,0.0
CUST_04438,TXN_008524,46.58,card,failed,authentication_failed,1,8,2,387,False,,False,0.0
CUST_02174,TXN_008525,27.72,card,success,,2,5,1,1038,False,,False,0.0
CUST_01416,TXN_008526,26.93,card,success,,1,5,2,693,False,,False,0.0
CUST_02553,TXN_008527,11.56,card,success,,1,3,0,1338,False,,False,0.0
CUST_04084,TXN_008528,19.6,card,success,,2,8,2,70,False,,False,0.0
CUST_04644,TXN_008529,44.75,upi,success,,3,6,0,68,False,,False,0.0
CUST_03429,TXN_008530,31.76,card,success,,1,9,1,270,False,,False,0.0
CUST_03532,TXN_008531,63.95,card,success,,1,5,3,1211,False,,False,0.0
CUST_02559,TXN_008532,71.67,upi,success,,3,9,2,202,False,,False,0.0
CUST_01598,TXN_008533,27.06,card,success,,1,6,0,195,False,,False,0.0
CUST_02115,TXN_008534,7.52,card,success,,1,7,1,638,False,,False,0.0
CUST_02489,TXN_008535,18.08,wallet,success,,3,10,0,1443,False,,False,0.0
CUST_04077,TXN_008536,30.63,upi,success,,1,7,1,616,False,,False,0.0
CUST_02777,TXN_008537,17.79,upi,success,,3,10,0,617,False,,False,0.0
CUST_03965,TXN_008538,14.24,upi,success,,2,10,4,247,False,,False,0.0
CUST_00137,TXN_008539,35.02,wallet,success,,3,9,1,632,False,,False,0.0
CUST_03784,TXN_008540,231.42,card,success,,1,10,2,1266,False,,False,0.0
CUST_02535,TXN_008541,22.41,card,success,,1,13,3,1364,False,,False,0.0
CUST_04991,TXN_008542,33.04,netbanking,success,,3,10,3,744,False,,False,0.0
CUST_02359,TXN_008543,11.59,card,success,,2,5,3,777,False,,False,0.0
CUST_02393,TXN_008544,89.54,upi,failed,expired_card,3,6,2,1181,False,,False,0.0
CUST_00638,TXN_008545,66.67,card,success,,3,10,2,1351,False,,False,0.0
CUST_04034,TXN_008546,63.09,card,success,,2,14,0,898,False,,False,0.0
CUST_03507,TXN_008547,98.28,upi,success,,3,7,4,16,False,,False,0.0
CUST_04312,TXN_008548,23.53,upi,success,,3,10,2,99,False,,False,0.0
CUST_00464,TXN_008549,26.0,upi,failed,expired_card,2,10,2,23,False,,False,0.0
CUST_01058,TXN_008550,130.05,card,success,,3,8,1,918,False,,False,0.0
CUST_04385,TXN_008551,54.94,card,failed,network_error,1,6,2,605,True,update_payment_method,True,54.94
CUST_00211,TXN_008552,5.61,upi,success,,1,9,2,333,False,,False,0.0
CUST_02541,TXN_008553,47.65,card,success,,2,4,3,534,False,,False,0.0
CUST_02024,TXN_008554,20.79,upi,success,,1,9,2,517,False,,False,0.0
CUST_04697,TXN_008555,67.93,upi,success,,2,9,2,1273,False,,False,0.0
CUST_04283,TXN_008556,45.9,card,success,,2,13,4,1299,False,,False,0.0
CUST_04483,TXN_008557,8.23,card,success,,2,7,4,1488,False,,False,0.0
CUST_01446,TXN_008558,41.06,netbanking,success,,3,7,2,1011,False,,False,0.0
CUST_02937,TXN_008559,39.19,card,success,,3,10,1,1269,False,,False,0.0
CUST_03500,TXN_008560,44.29,card,success,,3,9,4,802,False,,False,0.0
CUST_04837,TXN_008561,52.48,wallet,success,,3,8,3,310,False,,False,0.0
CUST_00037,TXN_008562,109.59,card,success,,2,7,0,214,False,,False,0.0
CUST_04885,TXN_008563,46.11,netbanking,success,,2,12,3,1062,False,,False,0.0
CUST_01777,TXN_008564,33.73,card,failed,network_error,1,11,1,124,False,,False,0.0
CUST_00642,TXN_008565,82.96,card,success,,3,3,1,735,False,,False,0.0
CUST_03077,TXN_008566,199.18,upi,failed,expired_card,3,7,0,700,True,offer_support,True,199.18
CUST_03907,TXN_008567,68.86,card,success,,1,8,1,709,False,,False,0.0
CUST_00649,TXN_008568,39.05,upi,failed,authentication_failed,3,12,1,538,False,,False,0.0
CUST_00204,TXN_008569,46.81,card,success,,2,6,1,381,False,,False,0.0
CUST_04483,TXN_008570,40.64,upi,success,,3,4,1,1187,False,,False,0.0
CUST_04668,TXN_008571,33.61,netbanking,success,,2,9,0,1051,False,,False,0.0
CUST_00782,TXN_008572,187.19,upi,success,,3,5,0,202,False,,False,0.0
CUST_04520,TXN_008573,18.19,upi,failed,expired_card,1,8,0,732,True,update_payment_method,True,18.19
CUST_04549,TXN_008574,83.42,card,failed,expired_card,1,13,0,522,True,retry_payment,True,83.42
CUST_04987,TXN_008575,29.94,card,success,,3,11,1,1046,False,,False,0.0
CUST_01082,TXN_008576,10.13,wallet,success,,2,11,2,963,False,,False,0.0
CUST_02894,TXN_008577,28.48,upi,success,,2,4,1,800,False,,False,0.0
CUST_04971,TXN_008578,21.38,upi,success,,2,9,1,1406,False,,False,0.0
CUST_04513,TXN_008579,52.57,card,success,,2,6,2,838,False,,False,0.0
CUST_03024,TXN_008580,35.62,card,success,,2,4,0,168,False,,False,0.0
CUST_00986,TXN_008581,14.62,card,success,,2,8,3,148,False,,False,0.0
CUST_00422,TXN_008582,107.43,card,failed,network_error,2,10,2,1283,True,retry_payment,True,107.43
CUST_01296,TXN_008583,79.21,card,success,,1,4,1,964,False,,False,0.0
CUST_00327,TXN_008584,117.78,card,success,,3,5,0,1183,False,,False,0.0
CUST_00977,TXN_008585,40.03,card,success,,3,11,2,1212,False,,False,0.0
CUST_00375,TXN_008586,32.18,upi,success,,3,8,1,927,False,,False,0.0
CUST_03811,TXN_008587,58.14,upi,success,,1,5,0,1199,False,,False,0.0
CUST_02949,TXN_008588,20.86,card,success,,1,8,1,268,False,,False,0.0
CUST_02589,TXN_008589,36.75,netbanking,success,,3,3,2,528,False,,False,0.0
CUST_04048,TXN_008590,28.77,upi,success,,1,5,0,754,False,,False,0.0
CUST_02054,TXN_008591,10.29,card,success,,3,7,3,1059,False,,False,0.0
CUST_02015,TXN_008592,36.67,netbanking,failed,card_declined,2,9,3,983,True,retry_payment,False,0.0
CUST_01035,TXN_008593,23.27,upi,success,,1,7,1,1485,False,,False,0.0
CUST_02224,TXN_008594,27.27,upi,success,,3,4,0,110,False,,False,0.0
CUST_00873,TXN_008595,44.3,netbanking,success,,3,6,3,109,False,,False,0.0
CUST_02946,TXN_008596,91.65,card,success,,2,4,1,1174,False,,False,0.0
CUST_04987,TXN_008597,16.79,upi,success,,3,5,3,147,False,,False,0.0
CUST_02665,TXN_008598,25.3,card,success,,2,7,2,1448,False,,False,0.0
CUST_01495,TXN_008599,17.96,card,success,,1,8,1,798,False,,False,0.0
CUST_03440,TXN_008600,17.04,card,success,,2,10,0,978,False,,False,0.0
CUST_04100,TXN_008601,20.58,card,success,,2,5,0,632,False,,False,0.0
CUST_02359,TXN_008602,28.3,card,failed,expired_card,3,13,3,595,True,offer_support,True,28.3
CUST_01252,TXN_008603,52.92,upi,success,,2,9,1,92,False,,False,0.0
CUST_03569,TXN_008604,42.79,card,success,,1,11,2,1111,False,,False,0.0
CUST_00937,TXN_008605,14.22,card,success,,2,8,2,1080,False,,False,0.0
CUST_04986,TXN_008606,93.25,card,success,,2,6,4,683,False,,False,0.0
CUST_01589,TXN_008607,70.49,card,success,,3,5,1,526,False,,False,0.0
CUST_01752,TXN_008608,16.1,upi,success,,3,12,1,864,False,,False,0.0
CUST_03634,TXN_008609,88.17,upi,success,,3,5,2,362,False,,False,0.0
CUST_00062,TXN_008610,43.02,upi,success,,1,6,1,33,False,,False,0.0
CUST_01015,TXN_008611,29.22,wallet,success,,1,8,4,1303,False,,False,0.0
CUST_00628,TXN_008612,44.1,card,success,,1,6,1,668,False,,False,0.0
CUST_01955,TXN_008613,32.44,card,success,,1,12,1,579,False,,False,0.0
CUST_02768,TXN_008614,51.22,netbanking,success,,3,7,0,1488,False,,False,0.0
CUST_00898,TXN_008615,38.47,upi,failed,expired_card,1,9,1,818,False,,False,0.0
CUST_01721,TXN_008616,25.28,wallet,success,,1,6,0,243,False,,False,0.0
CUST_03861,TXN_008617,6.55,upi,success,,2,11,1,25,False,,False,0.0
CUST_04699,TXN_008618,50.49,upi,success,,2,6,3,1233,False,,False,0.0
CUST_00072,TXN_008619,24.56,card,success,,3,4,0,299,False,,False,0.0
CUST_03137,TXN_008620,61.7,card,success,,3,10,3,561,False,,False,0.0
CUST_00129,TXN_008621,48.68,upi,success,,1,3,0,1076,False,,False,0.0
CUST_02602,TXN_008622,25.07,upi,success,,1,8,1,414,False,,False,0.0
CUST_04397,TXN_008623,75.07,netbanking,success,,3,13,2,1328,False,,False,0.0
CUST_03990,TXN_008624,39.01,wallet,success,,3,6,2,1397,False,,False,0.0
CUST_01164,TXN_008625,37.75,card,success,,2,11,2,749,False,,False,0.0
CUST_01293,TXN_008626,29.65,card,success,,1,10,2,691,False,,False,0.0
CUST_03917,TXN_008627,127.34,netbanking,success,,1,7,0,1385,False,,False,0.0
CUST_04098,TXN_008628,18.72,netbanking,success,,2,8,1,1495,False,,False,0.0
CUST_01405,TXN_008629,25.58,netbanking,success,,1,8,2,643,False,,False,0.0
CUST_00016,TXN_008630,12.31,upi,success,,1,6,1,836,False,,False,0.0
CUST_02222,TXN_008631,59.23,wallet,success,,1,6,1,287,False,,False,0.0
CUST_03098,TXN_008632,20.79,card,success,,3,11,0,658,False,,False,0.0
CUST_02219,TXN_008633,22.74,card,success,,2,3,0,75,False,,False,0.0
CUST_04673,TXN_008634,21.9,card,success,,3,5,2,414,False,,False,0.0
CUST_04068,TXN_008635,34.82,card,success,,2,5,2,365,False,,False,0.0
CUST_03939,TXN_008636,12.18,netbanking,success,,1,11,1,49,False,,False,0.0
CUST_00102,TXN_008637,5.5,upi,failed,insufficient_funds,1,9,1,377,True,offer_support,True,5.5
CUST_04268,TXN_008638,47.76,upi,failed,authentication_failed,3,6,3,1156,True,retry_payment,True,47.76
CUST_03776,TXN_008639,6.11,card,success,,1,7,5,41,False,,False,0.0
CUST_01985,TXN_008640,65.58,upi,success,,3,4,0,526,False,,False,0.0
CUST_02948,TXN_008641,115.22,card,success,,3,6,2,782,False,,False,0.0
CUST_04121,TXN_008642,29.04,upi,success,,3,10,2,1129,False,,False,0.0
CUST_04531,TXN_008643,93.65,card,success,,1,5,1,1286,False,,False,0.0
CUST_02754,TXN_008644,32.48,upi,success,,3,9,1,1355,False,,False,0.0
CUST_00207,TXN_008645,119.03,card,failed,expired_card,3,7,2,1494,False,,False,0.0
CUST_03093,TXN_008646,22.99,upi,success,,3,9,2,443,False,,False,0.0
CUST_03400,TXN_008647,4.99,upi,success,,3,7,2,465,False,,False,0.0
CUST_00295,TXN_008648,31.06,wallet,success,,3,7,0,480,False,,False,0.0
CUST_04086,TXN_008649,129.85,wallet,failed,authentication_failed,3,7,1,1003,True,retry_payment,False,0.0
CUST_01008,TXN_008650,50.8,card,success,,3,10,1,1493,False,,False,0.0
CUST_04452,TXN_008651,21.93,card,failed,expired_card,1,12,2,391,True,offer_support,False,0.0
CUST_02755,TXN_008652,43.08,card,success,,3,12,3,603,False,,False,0.0
CUST_01611,TXN_008653,72.02,card,success,,3,13,5,331,False,,False,0.0
CUST_00294,TXN_008654,30.92,card,success,,1,4,1,1223,False,,False,0.0
CUST_00090,TXN_008655,270.73,netbanking,success,,2,9,2,594,False,,False,0.0
CUST_03707,TXN_008656,21.89,wallet,success,,1,8,3,943,False,,False,0.0
CUST_01886,TXN_008657,73.85,card,success,,3,7,0,86,False,,False,0.0
CUST_04200,TXN_008658,60.92,netbanking,success,,2,12,2,70,False,,False,0.0
CUST_01153,TXN_008659,18.92,netbanking,success,,2,10,2,943,False,,False,0.0
CUST_04601,TXN_008660,23.58,card,success,,1,13,0,245,False,,False,0.0
CUST_04707,TXN_008661,74.77,netbanking,success,,1,10,1,913,False,,False,0.0
CUST_00509,TXN_008662,37.18,wallet,success,,2,7,2,977,False,,False,0.0
CUST_03235,TXN_008663,43.4,wallet,success,,2,5,2,1370,False,,False,0.0
CUST_04698,TXN_008664,8.95,upi,success,,3,12,0,1382,False,,False,0.0
CUST_01616,TXN_008665,55.97,card,failed,network_error,3,10,2,1321,True,offer_support,True,55.97
CUST_00339,TXN_008666,41.67,card,success,,2,15,0,41,False,,False,0.0
CUST_04377,TXN_008667,31.46,wallet,success,,3,3,3,1314,False,,False,0.0
CUST_02370,TXN_008668,44.2,card,success,,3,7,2,61,False,,False,0.0
CUST_00136,TXN_008669,23.87,card,success,,3,8,0,1316,False,,False,0.0
CUST_04201,TXN_008670,20.62,card,success,,2,4,3,384,False,,False,0.0
CUST_03394,TXN_008671,27.29,upi,success,,1,9,3,1261,False,,False,0.0
CUST_00352,TXN_008672,22.84,card,success,,1,15,0,553,False,,False,0.0
CUST_01294,TXN_008673,189.51,netbanking,failed,card_declined,1,7,1,509,True,update_payment_method,True,189.51
CUST_00092,TXN_008674,68.68,upi,success,,1,5,0,313,False,,False,0.0
CUST_04774,TXN_008675,15.26,card,success,,3,7,3,177,False,,False,0.0
CUST_00125,TXN_008676,168.85,card,success,,3,11,1,355,False,,False,0.0
CUST_03979,TXN_008677,23.42,upi,success,,1,10,1,514,False,,False,0.0
CUST_02556,TXN_008678,33.91,netbanking,success,,2,10,0,191,False,,False,0.0
CUST_02914,TXN_008679,67.89,wallet,success,,3,10,1,117,False,,False,0.0
CUST_04058,TXN_008680,6.85,netbanking,success,,3,5,2,491,False,,False,0.0
CUST_04474,TXN_008681,27.4,card,success,,1,12,3,1494,False,,False,0.0
CUST_00638,TXN_008682,20.93,netbanking,success,,2,7,1,702,False,,False,0.0
CUST_00090,TXN_008683,39.02,upi,success,,2,8,1,880,False,,False,0.0
CUST_00623,TXN_008684,44.52,upi,success,,1,8,0,1322,False,,False,0.0
CUST_03412,TXN_008685,31.13,upi,success,,3,11,3,56,False,,False,0.0
CUST_02843,TXN_008686,30.0,card,success,,3,9,2,619,False,,False,0.0
CUST_00420,TXN_008687,77.64,upi,success,,1,6,0,857,False,,False,0.0
CUST_01172,TXN_008688,42.15,upi,success,,2,6,3,1395,False,,False,0.0
CUST_02686,TXN_008689,34.23,card,success,,2,11,1,317,False,,False,0.0
CUST_03651,TXN_008690,37.27,upi,success,,2,11,2,871,False,,False,0.0
CUST_01717,TXN_008691,143.84,card,failed,network_error,3,4,0,124,True,send_reminder,False,0.0
CUST_04748,TXN_008692,38.02,upi,success,,2,11,4,987,False,,False,0.0
CUST_04961,TXN_008693,21.94,netbanking,success,,3,4,1,1217,False,,False,0.0
CUST_03830,TXN_008694,7.19,card,success,,2,10,0,1377,False,,False,0.0
CUST_02271,TXN_008695,10.52,card,success,,3,12,5,1402,False,,False,0.0
CUST_04385,TXN_008696,22.79,upi,success,,3,8,0,214,False,,False,0.0
CUST_03639,TXN_008697,30.37,card,failed,network_error,1,11,1,991,False,,False,0.0
CUST_02598,TXN_008698,21.23,card,success,,1,8,3,793,False,,False,0.0
CUST_02219,TXN_008699,43.86,upi,success,,2,6,3,1244,False,,False,0.0
CUST_04161,TXN_008700,21.01,card,success,,1,4,2,462,False,,False,0.0
CUST_02785,TXN_008701,15.93,upi,failed,insufficient_funds,1,7,2,290,True,update_payment_method,False,0.0
CUST_00915,TXN_008702,54.06,card,success,,1,11,0,1435,False,,False,0.0
CUST_04999,TXN_008703,99.04,card,success,,3,10,1,260,False,,False,0.0
CUST_00342,TXN_008704,13.66,card,failed,card_declined,2,9,0,1358,False,,False,0.0
CUST_03475,TXN_008705,40.24,wallet,success,,3,7,2,1227,False,,False,0.0
CUST_03280,TXN_008706,7.21,upi,success,,3,5,4,830,False,,False,0.0
CUST_02931,TXN_008707,10.18,card,success,,1,5,1,1151,False,,False,0.0
CUST_00260,TXN_008708,20.68,card,success,,3,9,0,668,False,,False,0.0
CUST_02463,TXN_008709,82.1,upi,failed,expired_card,2,11,1,220,False,,False,0.0
CUST_04462,TXN_008710,17.76,upi,success,,3,10,2,432,False,,False,0.0
CUST_01198,TXN_008711,17.24,card,success,,3,6,0,1239,False,,False,0.0
CUST_03458,TXN_008712,34.09,card,success,,2,7,1,757,False,,False,0.0
CUST_04293,TXN_008713,34.11,upi,success,,3,8,1,914,False,,False,0.0
CUST_04761,TXN_008714,17.67,upi,success,,2,4,2,1006,False,,False,0.0
CUST_02581,TXN_008715,162.22,netbanking,success,,2,7,3,518,False,,False,0.0
CUST_01570,TXN_008716,26.78,upi,success,,2,6,2,824,False,,False,0.0
CUST_03498,TXN_008717,36.27,upi,failed,insufficient_funds,3,9,1,1130,False,,False,0.0
CUST_02431,TXN_008718,24.01,upi,success,,3,10,1,1258,False,,False,0.0
CUST_03135,TXN_008719,47.09,upi,success,,1,11,2,1408,False,,False,0.0
CUST_03708,TXN_008720,88.94,upi,success,,1,11,1,513,False,,False,0.0
CUST_03551,TXN_008721,125.33,card,success,,1,4,2,1402,False,,False,0.0
CUST_01214,TXN_008722,18.0,wallet,success,,2,11,0,233,False,,False,0.0
CUST_03779,TXN_008723,79.89,card,success,,1,5,2,1168,False,,False,0.0
CUST_02709,TXN_008724,51.41,upi,success,,2,11,2,1298,False,,False,0.0
CUST_04653,TXN_008725,72.21,upi,success,,2,2,2,6,False,,False,0.0
CUST_03297,TXN_008726,30.77,netbanking,failed,card_declined,3,10,2,468,False,,False,0.0
CUST_04459,TXN_008727,28.51,card,success,,2,15,0,631,False,,False,0.0
CUST_04894,TXN_008728,70.01,netbanking,success,,1,6,1,1087,False,,False,0.0
CUST_04972,TXN_008729,71.08,card,success,,2,5,2,1240,False,,False,0.0
CUST_03723,TXN_008730,115.88,card,success,,1,7,1,124,False,,False,0.0
CUST_02986,TXN_008731,38.82,netbanking,success,,1,7,1,827,False,,False,0.0
CUST_00591,TXN_008732,30.4,card,success,,2,12,0,1148,False,,False,0.0
CUST_01931,TXN_008733,4.63,upi,success,,1,8,2,336,False,,False,0.0
CUST_02377,TXN_008734,9.12,upi,failed,card_declined,2,6,1,4,True,update_payment_method,True,9.12
CUST_03902,TXN_008735,24.16,wallet,failed,expired_card,1,8,2,601,True,send_reminder,True,24.16
CUST_02944,TXN_008736,13.72,netbanking,success,,1,6,0,134,False,,False,0.0
CUST_02196,TXN_008737,63.52,card,success,,2,2,2,92,False,,False,0.0
CUST_00733,TXN_008738,11.61,netbanking,success,,2,7,1,191,False,,False,0.0
CUST_03579,TXN_008739,22.17,card,success,,2,8,3,265,False,,False,0.0
CUST_02160,TXN_008740,22.88,upi,success,,2,4,3,744,False,,False,0.0
CUST_00181,TXN_008741,86.82,netbanking,success,,1,5,4,1349,False,,False,0.0
CUST_01420,TXN_008742,20.36,upi,success,,2,16,4,281,False,,False,0.0
CUST_04397,TXN_008743,47.56,upi,success,,2,8,1,808,False,,False,0.0
CUST_00595,TXN_008744,38.73,netbanking,success,,2,6,4,1341,False,,False,0.0
CUST_02031,TXN_008745,68.21,upi,success,,3,9,1,1005,False,,False,0.0
CUST_02560,TXN_008746,65.38,wallet,success,,1,7,2,877,False,,False,0.0
CUST_00419,TXN_008747,32.24,card,success,,2,9,2,521,False,,False,0.0
CUST_00828,TXN_008748,8.52,card,success,,3,8,0,169,False,,False,0.0
CUST_04701,TXN_008749,27.51,netbanking,failed,insufficient_funds,2,9,3,108,False,,False,0.0
CUST_02953,TXN_008750,32.59,card,failed,authentication_failed,2,7,1,835,False,,False,0.0
CUST_01052,TXN_008751,41.63,card,success,,3,6,0,288,False,,False,0.0
CUST_00849,TXN_008752,18.36,netbanking,success,,2,6,0,686,False,,False,0.0
CUST_02129,TXN_008753,82.49,upi,success,,2,6,3,178,False,,False,0.0
CUST_03618,TXN_008754,33.48,card,success,,2,4,2,1275,False,,False,0.0
CUST_03652,TXN_008755,15.86,card,success,,1,8,2,120,False,,False,0.0
CUST_00977,TXN_008756,22.95,card,success,,1,14,3,530,False,,False,0.0
CUST_03628,TXN_008757,154.91,card,success,,2,6,1,583,False,,False,0.0
CUST_04481,TXN_008758,56.35,card,success,,3,5,2,226,False,,False,0.0
CUST_01132,TXN_008759,76.61,netbanking,success,,1,9,3,191,False,,False,0.0
CUST_00132,TXN_008760,14.39,card,success,,2,10,3,988,False,,False,0.0
CUST_04794,TXN_008761,19.09,netbanking,success,,1,8,1,479,False,,False,0.0
CUST_02610,TXN_008762,19.2,wallet,success,,1,2,2,1362,False,,False,0.0
CUST_03882,TXN_008763,38.38,card,success,,3,7,0,800,False,,False,0.0
CUST_01601,TXN_008764,28.81,wallet,success,,3,11,2,940,False,,False,0.0
CUST_01496,TXN_008765,22.39,card,success,,3,9,0,462,False,,False,0.0
CUST_01126,TXN_008766,24.75,upi,success,,3,5,2,1243,False,,False,0.0
CUST_01085,TXN_008767,17.55,wallet,success,,2,11,3,823,False,,False,0.0
CUST_02358,TXN_008768,28.68,netbanking,failed,authentication_failed,3,9,0,60,True,offer_support,True,28.68
CUST_00529,TXN_008769,80.69,card,success,,1,4,1,239,False,,False,0.0
CUST_04210,TXN_008770,9.87,card,success,,2,9,2,380,False,,False,0.0
CUST_02556,TXN_008771,43.69,card,success,,1,13,1,110,False,,False,0.0
CUST_04576,TXN_008772,99.89,wallet,success,,2,6,3,1180,False,,False,0.0
CUST_02511,TXN_008773,28.6,card,failed,expired_card,2,9,2,1386,True,retry_payment,False,0.0
CUST_01516,TXN_008774,21.69,upi,success,,2,6,1,126,False,,False,0.0
CUST_02575,TXN_008775,69.37,card,success,,1,13,0,332,False,,False,0.0
CUST_00772,TXN_008776,15.07,card,success,,1,10,1,112,False,,False,0.0
CUST_04120,TXN_008777,32.52,card,success,,2,7,2,473,False,,False,0.0
CUST_03600,TXN_008778,14.41,card,success,,2,8,1,1307,False,,False,0.0
CUST_00736,TXN_008779,7.42,upi,success,,3,5,2,212,False,,False,0.0
CUST_02910,TXN_008780,29.32,card,failed,expired_card,3,5,1,1327,True,update_payment_method,False,0.0
CUST_02690,TXN_008781,12.05,card,success,,2,5,1,859,False,,False,0.0
CUST_01005,TXN_008782,32.81,upi,success,,2,4,2,1301,False,,False,0.0
CUST_00611,TXN_008783,80.8,card,success,,2,10,0,617,False,,False,0.0
CUST_03801,TXN_008784,145.97,netbanking,success,,3,8,2,1362,False,,False,0.0
CUST_01320,TXN_008785,35.69,upi,success,,3,8,1,899,False,,False,0.0
CUST_02595,TXN_008786,74.84,upi,success,,2,7,1,437,False,,False,0.0
CUST_01239,TXN_008787,45.57,card,failed,authentication_failed,2,11,3,210,False,,False,0.0
CUST_03267,TXN_008788,24.37,card,success,,2,8,0,641,False,,False,0.0
CUST_00245,TXN_008789,7.1,netbanking,success,,2,8,0,893,False,,False,0.0
CUST_01797,TXN_008790,121.66,netbanking,success,,2,4,2,662,False,,False,0.0
CUST_02735,TXN_008791,14.31,card,success,,3,13,1,92,False,,False,0.0
CUST_02196,TXN_008792,100.1,card,success,,3,6,1,1065,False,,False,0.0
CUST_03062,TXN_008793,50.88,card,failed,card_declined,1,5,2,1208,True,offer_support,True,50.88
CUST_00902,TXN_008794,15.17,upi,success,,1,5,3,204,False,,False,0.0
CUST_02209,TXN_008795,42.5,card,success,,3,8,1,1239,False,,False,0.0
CUST_03782,TXN_008796,182.42,wallet,success,,2,5,0,867,False,,False,0.0
CUST_01668,TXN_008797,113.13,card,success,,1,6,0,957,False,,False,0.0
CUST_00785,TXN_008798,21.97,wallet,success,,3,8,1,739,False,,False,0.0
CUST_04238,TXN_008799,18.74,card,success,,2,6,1,9,False,,False,0.0
CUST_03891,TXN_008800,35.88,card,success,,2,10,2,1246,False,,False,0.0
CUST_03402,TXN_008801,29.01,card,success,,2,6,1,692,False,,False,0.0
CUST_03990,TXN_008802,86.47,card,failed,authentication_failed,1,12,1,417,False,,False,0.0
CUST_03894,TXN_008803,59.84,wallet,success,,2,13,1,1133,False,,False,0.0
CUST_03733,TXN_008804,8.55,upi,success,,2,5,0,455,False,,False,0.0
CUST_02547,TXN_008805,47.8,card,failed,card_declined,2,9,1,1255,True,offer_support,False,0.0
CUST_00098,TXN_008806,28.7,wallet,success,,3,12,4,931,False,,False,0.0
CUST_02985,TXN_008807,34.11,card,success,,2,10,4,979,False,,False,0.0
CUST_01366,TXN_008808,40.41,card,success,,2,6,4,528,False,,False,0.0
CUST_03866,TXN_008809,86.4,card,success,,3,7,3,1394,False,,False,0.0
CUST_02342,TXN_008810,72.4,upi,success,,3,4,1,910,False,,False,0.0
CUST_04526,TXN_008811,18.18,wallet,success,,3,10,1,498,False,,False,0.0
CUST_02978,TXN_008812,31.6,card,failed,expired_card,1,8,3,783,False,,False,0.0
CUST_02753,TXN_008813,23.13,upi,success,,3,9,0,104,False,,False,0.0
CUST_04596,TXN_008814,8.62,card,failed,card_declined,2,4,0,1499,True,retry_payment,False,0.0
CUST_02375,TXN_008815,30.34,card,success,,1,6,2,458,False,,False,0.0
CUST_01878,TXN_008816,144.87,upi,success,,1,10,2,698,False,,False,0.0
CUST_01858,TXN_008817,8.42,upi,success,,2,8,0,1455,False,,False,0.0
CUST_04375,TXN_008818,32.48,upi,success,,3,12,1,1086,False,,False,0.0
CUST_03781,TXN_008819,31.66,card,success,,1,10,1,1415,False,,False,0.0
CUST_00817,TXN_008820,41.69,card,success,,1,8,0,710,False,,False,0.0
CUST_02462,TXN_008821,15.33,upi,success,,3,9,2,762,False,,False,0.0
CUST_01857,TXN_008822,10.59,upi,success,,3,7,0,680,False,,False,0.0
CUST_03233,TXN_008823,10.99,card,success,,1,8,0,1274,False,,False,0.0
CUST_00262,TXN_008824,96.04,card,success,,2,5,0,191,False,,False,0.0
CUST_03570,TXN_008825,15.09,netbanking,success,,2,9,4,642,False,,False,0.0
CUST_03712,TXN_008826,22.21,card,failed,authentication_failed,2,11,1,1107,False,,False,0.0
CUST_01133,TXN_008827,178.34,upi,success,,3,11,4,168,False,,False,0.0
CUST_00754,TXN_008828,18.4,upi,success,,2,7,1,1114,False,,False,0.0
CUST_03138,TXN_008829,43.55,card,success,,1,14,1,1263,False,,False,0.0
CUST_01285,TXN_008830,77.56,upi,success,,1,13,2,238,False,,False,0.0
CUST_04707,TXN_008831,74.63,upi,success,,3,7,1,24,False,,False,0.0
CUST_03876,TXN_008832,11.41,upi,success,,1,11,1,1108,False,,False,0.0
CUST_04775,TXN_008833,18.71,wallet,success,,2,9,0,3,False,,False,0.0
CUST_02674,TXN_008834,42.18,upi,success,,2,8,5,77,False,,False,0.0
CUST_04692,TXN_008835,154.97,card,success,,2,7,2,84,False,,False,0.0
CUST_00070,TXN_008836,18.01,card,success,,3,7,0,335,False,,False,0.0
CUST_01450,TXN_008837,22.31,upi,success,,1,5,2,1259,False,,False,0.0
CUST_00012,TXN_008838,46.32,card,success,,3,5,6,113,False,,False,0.0
CUST_03388,TXN_008839,54.37,netbanking,failed,expired_card,3,7,3,1397,True,offer_support,False,0.0
CUST_02553,TXN_008840,57.07,card,success,,3,3,0,19,False,,False,0.0
CUST_01439,TXN_008841,16.83,card,success,,2,8,3,545,False,,False,0.0
CUST_01525,TXN_008842,21.64,card,success,,1,4,1,323,False,,False,0.0
CUST_03219,TXN_008843,39.35,netbanking,success,,3,14,0,514,False,,False,0.0
CUST_00902,TXN_008844,90.91,upi,success,,3,4,2,563,False,,False,0.0
CUST_02573,TXN_008845,27.36,upi,success,,1,6,0,464,False,,False,0.0
CUST_03068,TXN_008846,32.53,card,success,,1,13,1,1195,False,,False,0.0
CUST_01200,TXN_008847,14.57,wallet,success,,2,6,1,1018,False,,False,0.0
CUST_01142,TXN_008848,147.02,netbanking,success,,2,9,0,211,False,,False,0.0
CUST_01771,TXN_008849,37.47,card,failed,authentication_failed,2,10,2,524,True,send_reminder,True,37.47
CUST_02961,TXN_008850,78.43,netbanking,success,,1,8,1,697,False,,False,0.0
CUST_01272,TXN_008851,33.92,wallet,success,,1,9,0,1388,False,,False,0.0
CUST_01896,TXN_008852,35.45,card,success,,3,6,5,780,False,,False,0.0
CUST_02717,TXN_008853,9.97,card,success,,3,4,1,638,False,,False,0.0
CUST_00934,TXN_008854,5.93,upi,failed,card_declined,2,12,3,938,False,,False,0.0
CUST_02845,TXN_008855,90.15,card,success,,1,5,1,1324,False,,False,0.0
CUST_00691,TXN_008856,35.25,netbanking,success,,2,10,1,213,False,,False,0.0
CUST_00713,TXN_008857,39.06,upi,success,,3,5,1,257,False,,False,0.0
CUST_01185,TXN_008858,12.19,card,success,,1,9,4,876,False,,False,0.0
CUST_01433,TXN_008859,16.08,card,success,,1,8,2,913,False,,False,0.0
CUST_00150,TXN_008860,77.47,upi,success,,2,8,0,307,False,,False,0.0
CUST_04808,TXN_008861,133.24,card,success,,1,6,2,1393,False,,False,0.0
CUST_01541,TXN_008862,20.15,card,success,,1,4,1,877,False,,False,0.0
CUST_04023,TXN_008863,56.67,card,success,,3,7,1,208,False,,False,0.0
CUST_04509,TXN_008864,38.55,netbanking,success,,3,11,1,101,False,,False,0.0
CUST_04003,TXN_008865,30.07,card,success,,2,10,1,1359,False,,False,0.0
CUST_04156,TXN_008866,145.7,card,failed,card_declined,2,11,0,6,True,send_reminder,True,145.7
CUST_00501,TXN_008867,23.04,netbanking,success,,2,12,1,1246,False,,False,0.0
CUST_01860,TXN_008868,89.35,card,success,,1,12,2,637,False,,False,0.0
CUST_03731,TXN_008869,44.93,upi,success,,3,8,0,1421,False,,False,0.0
CUST_02879,TXN_008870,32.67,card,success,,1,8,0,1129,False,,False,0.0
CUST_00029,TXN_008871,99.25,netbanking,success,,2,9,2,731,False,,False,0.0
CUST_02837,TXN_008872,41.77,card,success,,1,6,2,902,False,,False,0.0
CUST_04022,TXN_008873,30.66,card,success,,2,5,1,458,False,,False,0.0
CUST_04143,TXN_008874,99.84,card,success,,2,13,2,772,False,,False,0.0
CUST_01920,TXN_008875,89.96,wallet,success,,2,9,1,1401,False,,False,0.0
CUST_01182,TXN_008876,86.62,netbanking,success,,1,5,1,1462,False,,False,0.0
CUST_01548,TXN_008877,1.48,card,success,,1,8,0,1185,False,,False,0.0
CUST_01482,TXN_008878,47.09,card,success,,1,9,0,945,False,,False,0.0
CUST_01733,TXN_008879,39.24,card,success,,3,8,2,179,False,,False,0.0
CUST_01509,TXN_008880,32.2,card,success,,1,7,1,399,False,,False,0.0
CUST_02286,TXN_008881,53.94,card,success,,2,4,2,1115,False,,False,0.0
CUST_00205,TXN_008882,40.79,netbanking,success,,1,11,2,610,False,,False,0.0
CUST_01376,TXN_008883,56.95,card,success,,3,13,2,823,False,,False,0.0
CUST_01574,TXN_008884,26.73,netbanking,success,,2,8,0,51,False,,False,0.0
CUST_00767,TXN_008885,109.79,card,success,,1,13,1,814,False,,False,0.0
CUST_04389,TXN_008886,61.75,netbanking,success,,3,2,2,1063,False,,False,0.0
CUST_03377,TXN_008887,51.11,card,success,,2,12,2,95,False,,False,0.0
CUST_04560,TXN_008888,49.15,card,success,,1,8,0,689,False,,False,0.0
CUST_02808,TXN_008889,83.58,netbanking,success,,3,5,0,167,False,,False,0.0
CUST_00549,TXN_008890,74.99,card,success,,2,6,1,1104,False,,False,0.0
CUST_04523,TXN_008891,30.26,netbanking,success,,1,11,3,284,False,,False,0.0
CUST_02290,TXN_008892,73.13,netbanking,success,,2,7,5,1448,False,,False,0.0
CUST_03422,TXN_008893,38.06,wallet,success,,2,6,3,832,False,,False,0.0
CUST_01907,TXN_008894,153.48,netbanking,success,,2,11,2,127,False,,False,0.0
CUST_02471,TXN_008895,79.69,card,success,,2,7,5,1146,False,,False,0.0
CUST_02447,TXN_008896,20.08,card,success,,3,4,2,1348,False,,False,0.0
CUST_01424,TXN_008897,213.7,upi,success,,2,10,2,49,False,,False,0.0
CUST_02774,TXN_008898,6.16,card,success,,3,2,1,407,False,,False,0.0
CUST_03668,TXN_008899,55.14,upi,failed,card_declined,3,4,3,1288,True,offer_support,True,55.14
CUST_00102,TXN_008900,18.97,card,success,,2,10,3,830,False,,False,0.0
CUST_00655,TXN_008901,149.27,upi,success,,3,12,1,1449,False,,False,0.0
CUST_04211,TXN_008902,40.54,card,success,,2,8,3,1186,False,,False,0.0
CUST_02848,TXN_008903,17.55,card,success,,1,6,0,344,False,,False,0.0
CUST_04868,TXN_008904,26.76,wallet,failed,network_error,2,10,3,835,False,,False,0.0
CUST_03023,TXN_008905,18.71,netbanking,success,,1,3,1,1278,False,,False,0.0
CUST_03267,TXN_008906,25.93,card,failed,expired_card,1,2,0,802,False,,False,0.0
CUST_04495,TXN_008907,25.46,card,success,,1,11,2,49,False,,False,0.0
CUST_03302,TXN_008908,18.16,upi,failed,card_declined,1,7,2,995,True,retry_payment,True,18.16
CUST_01648,TXN_008909,41.1,card,success,,1,7,4,932,False,,False,0.0
CUST_02640,TXN_008910,45.29,upi,success,,3,15,2,144,False,,False,0.0
CUST_01178,TXN_008911,14.92,netbanking,success,,3,5,3,1285,False,,False,0.0
CUST_01672,TXN_008912,8.79,card,success,,3,10,2,1427,False,,False,0.0
CUST_03401,TXN_008913,42.47,card,failed,authentication_failed,1,15,1,782,False,,False,0.0
CUST_00745,TXN_008914,50.68,card,success,,3,5,4,1036,False,,False,0.0
CUST_03360,TXN_008915,59.39,card,success,,2,8,0,342,False,,False,0.0
CUST_02920,TXN_008916,51.47,upi,failed,card_declined,2,11,5,1075,False,,False,0.0
CUST_01542,TXN_008917,116.53,card,success,,1,4,3,535,False,,False,0.0
CUST_00225,TXN_008918,73.53,wallet,success,,3,8,5,1143,False,,False,0.0
CUST_03523,TXN_008919,282.55,upi,success,,3,6,4,872,False,,False,0.0
CUST_04122,TXN_008920,395.65,card,success,,3,12,3,904,False,,False,0.0
CUST_03650,TXN_008921,8.11,upi,success,,1,7,0,838,False,,False,0.0
CUST_02105,TXN_008922,5.71,card,success,,2,9,0,1307,False,,False,0.0
CUST_03268,TXN_008923,32.92,card,success,,1,12,1,769,False,,False,0.0
CUST_02074,TXN_008924,49.57,upi,success,,3,11,2,1400,False,,False,0.0
CUST_01791,TXN_008925,31.16,card,success,,2,15,3,54,False,,False,0.0
CUST_01636,TXN_008926,58.14,card,failed,network_error,3,9,4,1259,False,,False,0.0
CUST_01055,TXN_008927,26.68,card,success,,3,10,1,1034,False,,False,0.0
CUST_04846,TXN_008928,19.01,card,success,,2,6,0,238,False,,False,0.0
CUST_03331,TXN_008929,21.45,upi,success,,1,6,3,78,False,,False,0.0
CUST_00875,TXN_008930,28.22,wallet,failed,authentication_failed,3,8,0,373,True,retry_payment,False,0.0
CUST_04325,TXN_008931,65.03,upi,failed,insufficient_funds,3,8,3,1405,True,retry_payment,True,65.03
CUST_00757,TXN_008932,22.43,wallet,success,,3,7,4,943,False,,False,0.0
CUST_02968,TXN_008933,26.28,upi,success,,3,6,3,1328,False,,False,0.0
CUST_00828,TXN_008934,52.26,card,failed,authentication_failed,2,7,1,835,True,retry_payment,True,52.26
CUST_01806,TXN_008935,28.25,netbanking,failed,card_declined,3,9,2,291,False,,False,0.0
CUST_03292,TXN_008936,80.91,card,success,,2,5,2,1060,False,,False,0.0
CUST_04995,TXN_008937,15.87,card,success,,2,6,2,172,False,,False,0.0
CUST_04959,TXN_008938,13.34,wallet,success,,1,6,2,443,False,,False,0.0
CUST_04477,TXN_008939,42.25,upi,success,,1,4,3,1285,False,,False,0.0
CUST_01178,TXN_008940,45.76,wallet,success,,3,10,1,746,False,,False,0.0
CUST_00468,TXN_008941,16.58,card,success,,1,7,1,1263,False,,False,0.0
CUST_04528,TXN_008942,97.02,netbanking,success,,1,7,0,1465,False,,False,0.0
CUST_04615,TXN_008943,154.46,card,success,,3,5,4,395,False,,False,0.0
CUST_01393,TXN_008944,20.04,card,success,,1,11,1,1218,False,,False,0.0
CUST_00096,TXN_008945,108.84,netbanking,failed,card_declined,2,12,2,1052,True,send_reminder,True,108.84
CUST_03239,TXN_008946,4.92,card,success,,2,9,2,1089,False,,False,0.0
CUST_00381,TXN_008947,78.33,upi,failed,network_error,2,6,0,753,True,offer_support,False,0.0
CUST_00203,TXN_008948,16.67,netbanking,success,,2,8,1,1112,False,,False,0.0
CUST_04685,TXN_008949,72.3,netbanking,success,,1,15,0,103,False,,False,0.0
CUST_02478,TXN_008950,15.35,card,success,,1,7,1,60,False,,False,0.0
CUST_00561,TXN_008951,31.35,card,success,,2,11,0,242,False,,False,0.0
CUST_03273,TXN_008952,17.32,wallet,success,,1,6,3,264,False,,False,0.0
CUST_01846,TXN_008953,27.91,upi,success,,1,10,3,828,False,,False,0.0
CUST_02682,TXN_008954,143.16,upi,success,,3,11,1,835,False,,False,0.0
CUST_04494,TXN_008955,30.38,card,success,,2,5,0,1222,False,,False,0.0
CUST_01189,TXN_008956,179.15,card,success,,2,6,3,723,False,,False,0.0
CUST_03232,TXN_008957,24.32,wallet,success,,2,11,1,1332,False,,False,0.0
CUST_04142,TXN_008958,109.23,upi,success,,3,7,1,343,False,,False,0.0
CUST_02119,TXN_008959,9.02,netbanking,success,,1,9,2,14,False,,False,0.0
CUST_04850,TXN_008960,26.33,card,success,,3,8,3,926,False,,False,0.0
CUST_02242,TXN_008961,21.57,card,success,,2,12,2,1260,False,,False,0.0
CUST_02296,TXN_008962,113.31,upi,success,,2,10,0,1096,False,,False,0.0
CUST_04421,TXN_008963,38.41,netbanking,success,,1,21,1,239,False,,False,0.0
CUST_03179,TXN_008964,6.23,card,success,,2,11,1,93,False,,False,0.0
CUST_04343,TXN_008965,11.61,card,success,,2,6,2,1111,False,,False,0.0
CUST_03952,TXN_008966,14.73,upi,success,,1,6,3,839,False,,False,0.0
CUST_03562,TXN_008967,69.91,card,success,,2,6,1,1461,False,,False,0.0
CUST_01208,TXN_008968,63.05,card,failed,authentication_failed,3,7,0,779,True,update_payment_method,True,63.05
CUST_01994,TXN_008969,26.04,upi,success,,3,7,1,86,False,,False,0.0
CUST_04322,TXN_008970,21.35,card,failed,authentication_failed,2,12,1,236,True,update_payment_method,True,21.35
CUST_03080,TXN_008971,58.74,upi,success,,1,7,0,476,False,,False,0.0
CUST_01401,TXN_008972,13.42,card,failed,insufficient_funds,3,10,2,1078,True,retry_payment,True,13.42
CUST_01637,TXN_008973,47.76,upi,success,,3,9,0,542,False,,False,0.0
CUST_03879,TXN_008974,44.61,netbanking,success,,3,5,2,119,False,,False,0.0
CUST_00891,TXN_008975,26.58,netbanking,success,,3,11,2,658,False,,False,0.0
CUST_00561,TXN_008976,45.52,upi,failed,authentication_failed,1,11,0,1478,True,offer_support,True,45.52
CUST_03825,TXN_008977,35.93,upi,success,,2,7,0,619,False,,False,0.0
CUST_01442,TXN_008978,49.3,card,success,,3,7,0,39,False,,False,0.0
CUST_03827,TXN_008979,11.39,card,success,,1,6,1,52,False,,False,0.0
CUST_02668,TXN_008980,54.14,card,success,,3,9,0,992,False,,False,0.0
CUST_04989,TXN_008981,75.29,upi,success,,2,12,0,1203,False,,False,0.0
CUST_02625,TXN_008982,42.81,card,success,,2,8,0,465,False,,False,0.0
CUST_04337,TXN_008983,53.57,card,success,,1,13,2,32,False,,False,0.0
CUST_04252,TXN_008984,30.33,upi,success,,3,4,3,779,False,,False,0.0
CUST_01060,TXN_008985,67.56,upi,success,,1,8,0,523,False,,False,0.0
CUST_04980,TXN_008986,34.89,card,success,,2,4,2,458,False,,False,0.0
CUST_03729,TXN_008987,13.22,card,success,,2,6,1,311,False,,False,0.0
CUST_00536,TXN_008988,63.83,upi,success,,2,11,3,864,False,,False,0.0
CUST_00031,TXN_008989,8.96,wallet,success,,1,5,0,753,False,,False,0.0
CUST_01357,TXN_008990,41.52,upi,success,,1,12,1,282,False,,False,0.0
CUST_00082,TXN_008991,24.35,card,success,,2,6,4,896,False,,False,0.0
CUST_01788,TXN_008992,23.14,netbanking,failed,insufficient_funds,3,7,1,885,False,,False,0.0
CUST_04981,TXN_008993,38.0,card,success,,1,9,0,540,False,,False,0.0
CUST_02395,TXN_008994,18.78,card,success,,3,16,2,1471,False,,False,0.0
CUST_00120,TXN_008995,49.89,card,success,,3,6,0,156,False,,False,0.0
CUST_02470,TXN_008996,34.65,card,success,,1,14,1,256,False,,False,0.0
CUST_01096,TXN_008997,20.21,upi,success,,2,3,3,915,False,,False,0.0
CUST_04281,TXN_008998,96.6,upi,success,,2,8,2,1174,False,,False,0.0
CUST_00453,TXN_008999,39.01,netbanking,success,,2,6,1,1232,False,,False,0.0
CUST_03853,TXN_009000,54.85,upi,success,,1,8,3,845,False,,False,0.0
CUST_02230,TXN_009001,102.85,card,success,,3,8,1,903,False,,False,0.0
CUST_00095,TXN_009002,101.51,upi,success,,2,5,1,602,False,,False,0.0
CUST_03365,TXN_009003,52.66,upi,success,,3,11,1,539,False,,False,0.0
CUST_02275,TXN_009004,25.99,upi,success,,2,10,1,879,False,,False,0.0
CUST_03858,TXN_009005,10.55,card,success,,2,5,0,1127,False,,False,0.0
CUST_03090,TXN_009006,39.07,upi,success,,3,8,3,934,False,,False,0.0
CUST_03936,TXN_009007,79.49,upi,success,,1,12,5,260,False,,False,0.0
CUST_02302,TXN_009008,43.97,card,success,,1,11,3,1104,False,,False,0.0
CUST_00040,TXN_009009,2.11,netbanking,success,,2,6,1,16,False,,False,0.0
CUST_00654,TXN_009010,66.42,card,success,,1,8,2,273,False,,False,0.0
CUST_02295,TXN_009011,69.77,card,success,,3,10,0,591,False,,False,0.0
CUST_01987,TXN_009012,26.02,upi,failed,network_error,1,9,2,1127,False,,False,0.0
CUST_03972,TXN_009013,73.02,netbanking,failed,network_error,1,4,2,464,True,send_reminder,True,73.02
CUST_02058,TXN_009014,54.73,upi,success,,3,15,3,922,False,,False,0.0
CUST_04301,TXN_009015,19.14,upi,success,,1,6,5,172,False,,False,0.0
CUST_00939,TXN_009016,91.56,wallet,success,,2,6,1,1271,False,,False,0.0
CUST_01924,TXN_009017,12.01,card,success,,3,8,3,704,False,,False,0.0
CUST_03781,TXN_009018,31.63,card,success,,1,4,0,423,False,,False,0.0
CUST_00621,TXN_009019,29.21,upi,success,,1,7,2,78,False,,False,0.0
CUST_01607,TXN_009020,17.11,card,success,,1,10,3,1132,False,,False,0.0
CUST_03759,TXN_009021,42.23,upi,failed,expired_card,3,6,2,941,False,,False,0.0
CUST_02945,TXN_009022,94.47,wallet,success,,1,10,2,377,False,,False,0.0
CUST_03890,TXN_009023,89.85,card,success,,3,11,2,904,False,,False,0.0
CUST_02579,TXN_009024,59.08,card,failed,authentication_failed,3,11,1,974,False,,False,0.0
CUST_04296,TXN_009025,8.53,card,failed,insufficient_funds,1,7,1,422,False,,False,0.0
CUST_04387,TXN_009026,11.37,upi,success,,2,7,2,916,False,,False,0.0
CUST_04872,TXN_009027,37.82,upi,success,,2,6,3,1249,False,,False,0.0
CUST_00610,TXN_009028,32.22,wallet,success,,3,7,2,371,False,,False,0.0
CUST_02956,TXN_009029,22.23,upi,success,,2,7,2,1010,False,,False,0.0
CUST_00572,TXN_009030,152.06,wallet,success,,1,13,3,1464,False,,False,0.0
CUST_01145,TXN_009031,36.04,card,success,,1,8,2,603,False,,False,0.0
CUST_01502,TXN_009032,51.11,card,failed,card_declined,2,6,2,1489,True,retry_payment,True,51.11
CUST_03231,TXN_009033,72.99,card,success,,2,8,2,1305,False,,False,0.0
CUST_02156,TXN_009034,34.6,netbanking,success,,2,9,4,1434,False,,False,0.0
CUST_04323,TXN_009035,263.18,card,success,,3,9,0,797,False,,False,0.0
CUST_01493,TXN_009036,15.61,card,success,,1,10,2,1351,False,,False,0.0
CUST_03086,TXN_009037,20.39,card,failed,expired_card,1,6,0,1373,True,retry_payment,True,20.39
CUST_03816,TXN_009038,15.58,card,success,,1,5,2,1172,False,,False,0.0
CUST_04901,TXN_009039,115.6,upi,success,,1,10,1,531,False,,False,0.0
CUST_01227,TXN_009040,62.91,netbanking,success,,1,10,1,34,False,,False,0.0
CUST_03668,TXN_009041,21.43,card,failed,network_error,3,11,1,1468,True,retry_payment,True,21.43
CUST_00424,TXN_009042,16.59,upi,success,,3,11,1,430,False,,False,0.0
CUST_02717,TXN_009043,100.27,card,success,,3,8,2,493,False,,False,0.0
CUST_02069,TXN_009044,44.23,card,success,,2,14,1,1493,False,,False,0.0
CUST_04792,TXN_009045,102.34,card,success,,3,5,1,816,False,,False,0.0
CUST_03867,TXN_009046,31.56,upi,failed,insufficient_funds,2,10,1,933,True,update_payment_method,False,0.0
CUST_04636,TXN_009047,49.86,upi,success,,3,6,2,884,False,,False,0.0
CUST_04252,TXN_009048,42.11,upi,success,,2,17,0,1018,False,,False,0.0
CUST_02053,TXN_009049,20.1,netbanking,failed,authentication_failed,1,11,5,973,True,offer_support,True,20.1
CUST_03666,TXN_009050,29.51,card,success,,1,8,1,482,False,,False,0.0
CUST_00153,TXN_009051,12.84,upi,success,,2,7,1,1057,False,,False,0.0
CUST_02789,TXN_009052,49.17,upi,success,,3,9,6,1029,False,,False,0.0
CUST_00237,TXN_009053,60.89,card,failed,expired_card,1,5,0,1256,True,retry_payment,False,0.0
CUST_03621,TXN_009054,73.12,card,failed,insufficient_funds,3,7,0,504,True,offer_support,False,0.0
CUST_04833,TXN_009055,56.44,card,success,,3,8,2,608,False,,False,0.0
CUST_03407,TXN_009056,29.89,card,success,,1,6,0,1090,False,,False,0.0
CUST_04199,TXN_009057,114.61,card,success,,2,8,1,329,False,,False,0.0
CUST_01172,TXN_009058,67.62,card,success,,3,10,1,1388,False,,False,0.0
CUST_04969,TXN_009059,100.57,wallet,success,,1,8,3,1154,False,,False,0.0
CUST_02754,TXN_009060,105.74,netbanking,failed,insufficient_funds,2,13,1,690,True,update_payment_method,False,0.0
CUST_03372,TXN_009061,29.95,upi,success,,2,13,4,1328,False,,False,0.0
CUST_03853,TXN_009062,45.16,upi,success,,2,8,0,1225,False,,False,0.0
CUST_03198,TXN_009063,61.54,wallet,success,,1,8,3,214,False,,False,0.0
CUST_01586,TXN_009064,13.21,card,success,,2,9,3,1372,False,,False,0.0
CUST_03057,TXN_009065,13.44,upi,success,,1,6,1,1049,False,,False,0.0
CUST_03270,TXN_009066,11.71,upi,success,,3,8,2,299,False,,False,0.0
CUST_04286,TXN_009067,30.37,wallet,success,,3,3,2,1392,False,,False,0.0
CUST_02407,TXN_009068,25.36,netbanking,failed,authentication_failed,1,9,0,1239,True,offer_support,True,25.36
CUST_02509,TXN_009069,10.5,card,success,,3,7,2,978,False,,False,0.0
CUST_02516,TXN_009070,37.32,upi,success,,1,8,0,993,False,,False,0.0
CUST_00572,TXN_009071,30.68,card,success,,2,6,1,514,False,,False,0.0
CUST_00451,TXN_009072,85.27,card,success,,3,11,2,793,False,,False,0.0
CUST_00103,TXN_009073,165.73,upi,success,,3,11,1,946,False,,False,0.0
CUST_03331,TXN_009074,47.71,upi,success,,3,6,1,950,False,,False,0.0
CUST_02094,TXN_009075,18.97,card,success,,2,8,0,387,False,,False,0.0
CUST_04328,TXN_009076,55.56,card,success,,3,4,1,177,False,,False,0.0
CUST_03511,TXN_009077,33.36,upi,failed,expired_card,2,4,2,1219,False,,False,0.0
CUST_00708,TXN_009078,27.33,card,success,,1,4,2,1292,False,,False,0.0
CUST_00501,TXN_009079,16.62,netbanking,success,,1,9,1,917,False,,False,0.0
CUST_01831,TXN_009080,22.84,upi,success,,2,9,1,467,False,,False,0.0
CUST_04604,TXN_009081,28.72,upi,success,,1,12,1,1312,False,,False,0.0
CUST_00244,TXN_009082,63.01,card,failed,expired_card,2,6,0,509,True,update_payment_method,True,63.01
CUST_00937,TXN_009083,49.84,wallet,failed,insufficient_funds,2,9,2,19,True,offer_support,True,49.84
CUST_00149,TXN_009084,142.66,wallet,success,,1,7,2,919,False,,False,0.0
CUST_02068,TXN_009085,56.8,card,success,,3,13,2,34,False,,False,0.0
CUST_04948,TXN_009086,46.5,upi,success,,1,1,0,250,False,,False,0.0
CUST_03418,TXN_009087,25.92,netbanking,failed,insufficient_funds,1,9,2,846,False,,False,0.0
CUST_02467,TXN_009088,14.44,card,failed,card_declined,3,7,1,1436,False,,False,0.0
CUST_00722,TXN_009089,20.99,upi,success,,1,5,1,25,False,,False,0.0
CUST_01778,TXN_009090,18.92,netbanking,success,,1,7,1,418,False,,False,0.0
CUST_02623,TXN_009091,4.27,upi,success,,3,10,1,839,False,,False,0.0
CUST_01375,TXN_009092,14.78,wallet,success,,1,6,3,488,False,,False,0.0
CUST_03525,TXN_009093,119.32,card,success,,3,9,2,461,False,,False,0.0
CUST_04900,TXN_009094,44.47,wallet,success,,1,5,2,926,False,,False,0.0
CUST_01030,TXN_009095,24.5,wallet,success,,1,8,4,1093,False,,False,0.0
CUST_01262,TXN_009096,45.55,card,success,,2,10,3,631,False,,False,0.0
CUST_00632,TXN_009097,6.94,card,success,,3,8,1,615,False,,False,0.0
CUST_03628,TXN_009098,41.5,upi,success,,3,5,1,924,False,,False,0.0
CUST_02309,TXN_009099,92.02,netbanking,success,,2,8,1,254,False,,False,0.0
CUST_01419,TXN_009100,30.06,card,success,,1,5,1,1150,False,,False,0.0
CUST_01096,TXN_009101,8.02,card,success,,1,9,1,168,False,,False,0.0
CUST_00353,TXN_009102,23.78,netbanking,success,,3,8,0,274,False,,False,0.0
CUST_02381,TXN_009103,92.15,card,success,,1,9,1,733,False,,False,0.0
CUST_03416,TXN_009104,40.73,upi,success,,1,4,2,1113,False,,False,0.0
CUST_01175,TXN_009105,10.65,upi,success,,2,10,0,1275,False,,False,0.0
CUST_00009,TXN_009106,220.1,wallet,failed,authentication_failed,2,8,1,393,False,,False,0.0
CUST_02367,TXN_009107,12.15,card,success,,3,9,0,878,False,,False,0.0
CUST_03379,TXN_009108,27.27,wallet,success,,1,6,2,514,False,,False,0.0
CUST_01725,TXN_009109,14.44,upi,failed,network_error,2,5,2,631,True,send_reminder,False,0.0
CUST_01252,TXN_009110,14.46,wallet,success,,2,6,4,1122,False,,False,0.0
CUST_00772,TXN_009111,23.06,card,success,,1,4,1,408,False,,False,0.0
CUST_03730,TXN_009112,55.09,upi,failed,expired_card,3,11,0,947,True,retry_payment,False,0.0
CUST_04307,TXN_009113,92.98,netbanking,success,,3,5,4,1146,False,,False,0.0
CUST_03848,TXN_009114,24.31,netbanking,success,,3,14,1,852,False,,False,0.0
CUST_02591,TXN_009115,14.76,card,success,,2,7,1,478,False,,False,0.0
CUST_03620,TXN_009116,48.57,upi,success,,1,8,3,517,False,,False,0.0
CUST_01985,TXN_009117,49.72,card,failed,authentication_failed,2,8,2,155,True,update_payment_method,False,0.0
CUST_00123,TXN_009118,40.14,card,success,,3,9,2,676,False,,False,0.0
CUST_01838,TXN_009119,41.29,upi,success,,1,6,0,524,False,,False,0.0
CUST_03518,TXN_009120,30.26,wallet,success,,3,7,3,1044,False,,False,0.0
CUST_03237,TXN_009121,35.82,upi,success,,3,14,3,421,False,,False,0.0
CUST_04950,TXN_009122,28.64,card,success,,2,2,3,1075,False,,False,0.0
CUST_04987,TXN_009123,77.96,card,success,,1,8,1,634,False,,False,0.0
CUST_01213,TXN_009124,196.91,card,success,,3,11,2,1404,False,,False,0.0
CUST_00048,TXN_009125,38.23,card,failed,insufficient_funds,1,9,0,578,False,,False,0.0
CUST_01371,TXN_009126,32.94,netbanking,success,,3,6,0,999,False,,False,0.0
CUST_04380,TXN_009127,40.64,card,success,,2,10,2,766,False,,False,0.0
CUST_04067,TXN_009128,19.56,card,success,,3,8,2,1049,False,,False,0.0
CUST_00494,TXN_009129,61.07,upi,success,,3,9,3,1027,False,,False,0.0
CUST_00802,TXN_009130,47.13,card,success,,1,9,0,756,False,,False,0.0
CUST_02818,TXN_009131,23.66,card,success,,1,8,1,1176,False,,False,0.0
CUST_03303,TXN_009132,68.15,upi,success,,1,8,4,790,False,,False,0.0
CUST_04911,TXN_009133,33.62,card,failed,authentication_failed,1,4,3,456,False,,False,0.0
CUST_03775,TXN_009134,15.24,upi,success,,3,7,2,1149,False,,False,0.0
CUST_01060,TXN_009135,43.87,upi,success,,1,8,2,469,False,,False,0.0
CUST_00186,TXN_009136,40.03,upi,success,,3,1,0,1220,False,,False,0.0
CUST_03168,TXN_009137,71.4,card,failed,authentication_failed,2,8,0,1239,False,,False,0.0
CUST_02769,TXN_009138,64.41,card,success,,3,6,1,292,False,,False,0.0
CUST_04608,TXN_009139,30.34,upi,success,,2,7,4,1439,False,,False,0.0
CUST_02879,TXN_009140,22.7,card,success,,3,8,2,101,False,,False,0.0
CUST_02506,TXN_009141,33.16,card,success,,3,5,1,706,False,,False,0.0
CUST_01517,TXN_009142,44.29,card,success,,3,6,1,1411,False,,False,0.0
CUST_00432,TXN_009143,48.76,card,success,,3,11,1,824,False,,False,0.0
CUST_04381,TXN_009144,42.15,card,failed,insufficient_funds,2,12,1,111,True,update_payment_method,True,42.15
CUST_04130,TXN_009145,30.8,wallet,success,,3,7,3,989,False,,False,0.0
CUST_00814,TXN_009146,73.51,upi,success,,2,7,3,1135,False,,False,0.0
CUST_03519,TXN_009147,19.31,upi,failed,expired_card,2,10,1,1186,True,retry_payment,False,0.0
CUST_01821,TXN_009148,240.69,card,success,,1,9,2,1269,False,,False,0.0
CUST_02185,TXN_009149,60.97,card,success,,3,6,3,183,False,,False,0.0
CUST_04243,TXN_009150,13.44,netbanking,success,,1,14,1,523,False,,False,0.0
CUST_04210,TXN_009151,38.4,upi,success,,3,6,2,349,False,,False,0.0
CUST_00954,TXN_009152,61.45,wallet,success,,2,10,2,308,False,,False,0.0
CUST_01538,TXN_009153,25.04,card,success,,3,7,3,472,False,,False,0.0
CUST_04107,TXN_009154,10.01,card,success,,2,7,5,42,False,,False,0.0
CUST_04585,TXN_009155,14.42,upi,failed,card_declined,1,4,2,296,False,,False,0.0
CUST_00396,TXN_009156,51.09,card,success,,1,2,2,1219,False,,False,0.0
CUST_04168,TXN_009157,8.14,card,success,,3,6,4,689,False,,False,0.0
CUST_02446,TXN_009158,10.39,card,success,,2,10,0,719,False,,False,0.0
CUST_02951,TXN_009159,50.88,card,success,,1,13,1,1455,False,,False,0.0
CUST_00377,TXN_009160,27.71,netbanking,failed,insufficient_funds,2,11,0,347,True,offer_support,False,0.0
CUST_03402,TXN_009161,18.98,netbanking,success,,2,9,1,345,False,,False,0.0
CUST_03389,TXN_009162,22.29,upi,success,,2,10,3,1391,False,,False,0.0
CUST_03313,TXN_009163,10.21,card,success,,1,9,1,997,False,,False,0.0
CUST_03953,TXN_009164,48.79,netbanking,success,,2,8,0,671,False,,False,0.0
CUST_04730,TXN_009165,17.37,upi,success,,1,8,2,1233,False,,False,0.0
CUST_04249,TXN_009166,21.57,netbanking,failed,card_declined,1,6,0,388,True,offer_support,False,0.0
CUST_03724,TXN_009167,43.7,upi,success,,3,11,2,298,False,,False,0.0
CUST_04906,TXN_009168,26.97,wallet,success,,3,6,2,422,False,,False,0.0
CUST_03373,TXN_009169,18.85,card,success,,1,6,2,1317,False,,False,0.0
CUST_03360,TXN_009170,6.74,upi,success,,2,6,3,737,False,,False,0.0
CUST_02710,TXN_009171,44.43,netbanking,success,,1,9,2,490,False,,False,0.0
CUST_03845,TXN_009172,35.28,netbanking,success,,2,6,1,948,False,,False,0.0
CUST_00357,TXN_009173,21.89,wallet,success,,3,7,1,675,False,,False,0.0
CUST_02529,TXN_009174,14.44,card,success,,2,8,4,1456,False,,False,0.0
CUST_02127,TXN_009175,33.46,upi,success,,2,4,2,7,False,,False,0.0
CUST_04563,TXN_009176,48.64,card,success,,1,5,2,566,False,,False,0.0
CUST_00363,TXN_009177,35.81,upi,success,,2,8,2,496,False,,False,0.0
CUST_03219,TXN_009178,122.79,card,success,,3,11,0,972,False,,False,0.0
CUST_00922,TXN_009179,58.2,card,success,,2,8,2,255,False,,False,0.0
CUST_04417,TXN_009180,30.39,wallet,success,,3,7,0,718,False,,False,0.0
CUST_04259,TXN_009181,59.78,netbanking,success,,3,11,2,1302,False,,False,0.0
CUST_01178,TXN_009182,34.43,upi,success,,1,12,0,1257,False,,False,0.0
CUST_04358,TXN_009183,34.33,card,success,,1,10,1,1018,False,,False,0.0
CUST_02484,TXN_009184,93.42,card,success,,1,5,1,1304,False,,False,0.0
CUST_04855,TXN_009185,16.14,card,failed,network_error,3,8,0,1033,True,send_reminder,True,16.14
CUST_03649,TXN_009186,33.74,card,success,,3,6,1,32,False,,False,0.0
CUST_00173,TXN_009187,85.78,wallet,success,,3,7,1,1446,False,,False,0.0
CUST_01014,TXN_009188,42.4,upi,success,,3,3,2,117,False,,False,0.0
CUST_02018,TXN_009189,24.65,card,success,,3,3,1,1122,False,,False,0.0
CUST_01057,TXN_009190,8.46,upi,success,,1,11,0,293,False,,False,0.0
CUST_00663,TXN_009191,5.39,card,success,,3,11,3,1093,False,,False,0.0
CUST_04890,TXN_009192,174.33,card,success,,2,9,0,183,False,,False,0.0
CUST_04345,TXN_009193,42.39,card,failed,expired_card,1,6,1,181,False,,False,0.0
CUST_02173,TXN_009194,20.75,card,success,,3,9,1,437,False,,False,0.0
CUST_01075,TXN_009195,43.8,upi,success,,3,8,1,305,False,,False,0.0
CUST_00909,TXN_009196,15.52,upi,success,,1,8,1,1464,False,,False,0.0
CUST_04578,TXN_009197,25.41,upi,success,,1,9,2,328,False,,False,0.0
CUST_01657,TXN_009198,15.6,netbanking,success,,3,9,1,1177,False,,False,0.0
CUST_00063,TXN_009199,10.69,wallet,success,,1,6,3,1405,False,,False,0.0
CUST_01987,TXN_009200,6.15,netbanking,success,,3,6,2,180,False,,False,0.0
CUST_02272,TXN_009201,9.22,wallet,success,,2,7,3,547,False,,False,0.0
CUST_03115,TXN_009202,74.97,wallet,success,,1,11,1,1425,False,,False,0.0
CUST_01694,TXN_009203,15.04,netbanking,success,,3,6,2,1437,False,,False,0.0
CUST_04615,TXN_009204,50.8,card,success,,3,3,1,1131,False,,False,0.0
CUST_03218,TXN_009205,71.19,card,success,,1,9,0,577,False,,False,0.0
CUST_04932,TXN_009206,33.56,upi,success,,3,2,2,252,False,,False,0.0
CUST_01835,TXN_009207,26.08,netbanking,success,,3,6,1,1032,False,,False,0.0
CUST_03258,TXN_009208,36.83,netbanking,success,,3,9,2,1375,False,,False,0.0
CUST_01827,TXN_009209,23.73,upi,success,,2,9,0,97,False,,False,0.0
CUST_03499,TXN_009210,86.76,netbanking,success,,2,6,2,844,False,,False,0.0
CUST_03728,TXN_009211,148.6,upi,success,,1,10,0,893,False,,False,0.0
CUST_01609,TXN_009212,105.62,upi,success,,2,8,1,1495,False,,False,0.0
CUST_04688,TXN_009213,5.92,card,failed,network_error,3,10,2,332,False,,False,0.0
CUST_04285,TXN_009214,23.34,upi,failed,card_declined,2,6,1,1408,True,retry_payment,False,0.0
CUST_04472,TXN_009215,33.23,card,failed,network_error,3,7,2,1291,True,offer_support,False,0.0
CUST_01089,TXN_009216,47.96,card,success,,1,7,1,501,False,,False,0.0
CUST_03589,TXN_009217,8.32,upi,success,,2,10,4,218,False,,False,0.0
CUST_00532,TXN_009218,8.21,card,success,,1,4,2,1373,False,,False,0.0
CUST_00528,TXN_009219,94.2,wallet,failed,authentication_failed,2,5,0,1043,True,offer_support,True,94.2
CUST_04866,TXN_009220,21.17,upi,failed,expired_card,1,8,2,861,True,send_reminder,False,0.0
CUST_00765,TXN_009221,10.08,upi,success,,2,6,3,1491,False,,False,0.0
CUST_04320,TXN_009222,13.7,card,success,,2,9,1,387,False,,False,0.0
CUST_02154,TXN_009223,45.26,netbanking,success,,2,8,2,586,False,,False,0.0
CUST_01518,TXN_009224,17.15,upi,success,,3,5,1,1479,False,,False,0.0
CUST_00368,TXN_009225,40.18,upi,success,,2,5,1,1019,False,,False,0.0
CUST_03376,TXN_009226,15.14,upi,success,,3,4,2,74,False,,False,0.0
CUST_03606,TXN_009227,8.2,upi,success,,1,4,1,906,False,,False,0.0
CUST_02335,TXN_009228,103.49,upi,success,,2,10,0,1286,False,,False,0.0
CUST_04049,TXN_009229,45.54,upi,success,,2,9,3,1273,False,,False,0.0
CUST_01616,TXN_009230,25.36,netbanking,failed,insufficient_funds,2,8,6,68,True,retry_payment,True,25.36
CUST_02758,TXN_009231,21.82,card,success,,3,6,2,1213,False,,False,0.0
CUST_01434,TXN_009232,106.9,wallet,success,,2,12,1,874,False,,False,0.0
CUST_02911,TXN_009233,53.16,card,success,,3,5,2,521,False,,False,0.0
CUST_00681,TXN_009234,82.88,card,success,,2,5,1,847,False,,False,0.0
CUST_02381,TXN_009235,20.76,card,failed,network_error,2,13,2,556,False,,False,0.0
CUST_02747,TXN_009236,34.49,card,success,,3,9,0,25,False,,False,0.0
CUST_02783,TXN_009237,45.68,card,success,,1,10,0,1379,False,,False,0.0
CUST_02233,TXN_009238,21.33,netbanking,success,,1,7,5,53,False,,False,0.0
CUST_03218,TXN_009239,30.68,upi,success,,2,11,0,1172,False,,False,0.0
CUST_02561,TXN_009240,20.76,wallet,success,,1,9,1,723,False,,False,0.0
CUST_01416,TXN_009241,45.57,card,success,,2,11,0,336,False,,False,0.0
CUST_01077,TXN_009242,11.51,upi,success,,2,11,2,538,False,,False,0.0
CUST_03238,TXN_009243,52.33,card,success,,2,3,1,1252,False,,False,0.0
CUST_04693,TXN_009244,42.46,upi,success,,3,4,2,1404,False,,False,0.0
CUST_03766,TXN_009245,28.14,card,success,,2,3,0,678,False,,False,0.0
CUST_03193,TXN_009246,47.45,upi,failed,card_declined,3,4,0,1085,True,send_reminder,True,47.45
CUST_04607,TXN_009247,24.73,upi,success,,2,9,0,1407,False,,False,0.0
CUST_04498,TXN_009248,19.37,card,success,,2,5,2,345,False,,False,0.0
CUST_02532,TXN_009249,51.16,card,success,,3,5,4,1055,False,,False,0.0
CUST_00547,TXN_009250,52.96,card,success,,2,8,1,423,False,,False,0.0
CUST_03171,TXN_009251,22.07,card,success,,3,7,1,426,False,,False,0.0
CUST_03114,TXN_009252,20.61,upi,success,,2,7,4,1218,False,,False,0.0
CUST_01387,TXN_009253,28.61,upi,failed,network_error,2,9,0,465,True,offer_support,True,28.61
CUST_04247,TXN_009254,21.29,netbanking,success,,2,6,1,1479,False,,False,0.0
CUST_04349,TXN_009255,112.18,wallet,success,,2,6,0,219,False,,False,0.0
CUST_01655,TXN_009256,42.66,card,failed,expired_card,1,6,1,671,False,,False,0.0
CUST_02384,TXN_009257,33.5,wallet,success,,3,9,1,813,False,,False,0.0
CUST_00976,TXN_009258,15.7,netbanking,success,,1,9,3,353,False,,False,0.0
CUST_00892,TXN_009259,59.81,card,success,,3,9,2,671,False,,False,0.0
CUST_01325,TXN_009260,20.3,netbanking,success,,1,11,0,985,False,,False,0.0
CUST_01829,TXN_009261,19.64,upi,success,,1,7,2,515,False,,False,0.0
CUST_01365,TXN_009262,61.44,upi,failed,network_error,3,6,2,149,False,,False,0.0
CUST_00759,TXN_009263,45.14,upi,success,,3,4,0,466,False,,False,0.0
CUST_02236,TXN_009264,4.47,netbanking,success,,3,6,2,1002,False,,False,0.0
CUST_03118,TXN_009265,29.19,netbanking,failed,expired_card,3,2,0,94,True,offer_support,True,29.19
CUST_01630,TXN_009266,36.61,netbanking,success,,3,13,0,26,False,,False,0.0
CUST_02668,TXN_009267,25.24,card,success,,1,7,1,847,False,,False,0.0
CUST_01357,TXN_009268,37.65,wallet,failed,network_error,3,9,1,1441,True,update_payment_method,True,37.65
CUST_03519,TXN_009269,7.79,upi,success,,1,6,2,298,False,,False,0.0
CUST_03242,TXN_009270,3.44,netbanking,success,,2,6,1,54,False,,False,0.0
CUST_04800,TXN_009271,15.17,netbanking,success,,3,9,1,519,False,,False,0.0
CUST_00266,TXN_009272,41.5,card,success,,3,7,1,675,False,,False,0.0
CUST_04265,TXN_009273,2.51,card,failed,expired_card,1,8,3,384,True,offer_support,True,2.51
CUST_01702,TXN_009274,16.86,netbanking,success,,3,8,4,884,False,,False,0.0
CUST_00331,TXN_009275,7.11,wallet,failed,card_declined,3,9,3,260,True,retry_payment,True,7.11
CUST_03449,TXN_009276,27.27,netbanking,success,,1,9,2,1209,False,,False,0.0
CUST_00859,TXN_009277,158.59,upi,success,,3,4,2,553,False,,False,0.0
CUST_00880,TXN_009278,27.83,card,failed,card_declined,1,7,1,253,True,offer_support,True,27.83
CUST_04898,TXN_009279,30.39,upi,failed,network_error,1,7,2,1184,False,,False,0.0
CUST_01105,TXN_009280,64.81,card,failed,authentication_failed,2,6,0,925,True,offer_support,True,64.81
CUST_02736,TXN_009281,33.68,netbanking,success,,3,10,0,620,False,,False,0.0
CUST_01004,TXN_009282,27.88,upi,success,,1,5,1,290,False,,False,0.0
CUST_00620,TXN_009283,69.5,card,success,,1,4,2,789,False,,False,0.0
CUST_00005,TXN_009284,48.3,upi,success,,2,1,1,437,False,,False,0.0
CUST_00081,TXN_009285,41.72,wallet,failed,authentication_failed,1,6,1,906,False,,False,0.0
CUST_02369,TXN_009286,29.64,upi,failed,authentication_failed,3,15,2,963,True,retry_payment,True,29.64
CUST_02170,TXN_009287,25.11,card,success,,1,6,3,915,False,,False,0.0
CUST_00195,TXN_009288,68.97,upi,success,,3,5,0,50,False,,False,0.0
CUST_01748,TXN_009289,25.3,upi,failed,insufficient_funds,3,6,0,635,False,,False,0.0
CUST_01365,TXN_009290,88.68,card,success,,1,13,1,340,False,,False,0.0
CUST_02857,TXN_009291,14.33,upi,success,,3,9,1,112,False,,False,0.0
CUST_04974,TXN_009292,104.27,card,success,,1,8,3,186,False,,False,0.0
CUST_03458,TXN_009293,48.31,upi,success,,2,10,0,818,False,,False,0.0
CUST_04592,TXN_009294,15.26,card,failed,network_error,3,6,0,156,False,,False,0.0
CUST_00961,TXN_009295,49.76,upi,success,,3,15,1,116,False,,False,0.0
CUST_01076,TXN_009296,19.68,upi,success,,3,6,2,1356,False,,False,0.0
CUST_03754,TXN_009297,34.01,upi,success,,1,8,1,312,False,,False,0.0
CUST_01550,TXN_009298,22.44,card,success,,1,5,0,1095,False,,False,0.0
CUST_04244,TXN_009299,29.78,card,failed,authentication_failed,1,8,3,655,True,offer_support,True,29.78
CUST_02319,TXN_009300,70.33,netbanking,success,,3,16,1,192,False,,False,0.0
CUST_01004,TXN_009301,50.14,wallet,success,,3,9,2,46,False,,False,0.0
CUST_04222,TXN_009302,13.46,card,failed,network_error,3,11,0,1410,True,send_reminder,True,13.46
CUST_02752,TXN_009303,14.09,card,success,,1,7,0,1349,False,,False,0.0
CUST_04013,TXN_009304,41.13,wallet,success,,2,11,1,764,False,,False,0.0
CUST_02261,TXN_009305,43.58,card,success,,3,9,1,1103,False,,False,0.0
CUST_00632,TXN_009306,19.31,wallet,success,,2,7,2,1059,False,,False,0.0
CUST_03405,TXN_009307,118.28,netbanking,success,,1,9,2,1452,False,,False,0.0
CUST_00623,TXN_009308,63.48,card,failed,expired_card,3,9,3,816,True,update_payment_method,True,63.48
CUST_03316,TXN_009309,20.08,card,success,,2,8,2,361,False,,False,0.0
CUST_02084,TXN_009310,18.58,wallet,success,,3,7,2,1450,False,,False,0.0
CUST_03957,TXN_009311,27.6,card,failed,insufficient_funds,3,6,2,1057,True,retry_payment,True,27.6
CUST_04350,TXN_009312,25.39,upi,success,,2,13,2,541,False,,False,0.0
CUST_02037,TXN_009313,90.46,card,success,,3,12,2,1101,False,,False,0.0
CUST_04410,TXN_009314,72.79,upi,success,,3,7,1,120,False,,False,0.0
CUST_00555,TXN_009315,34.06,netbanking,success,,2,5,3,1179,False,,False,0.0
CUST_00537,TXN_009316,56.96,upi,success,,3,13,0,1134,False,,False,0.0
CUST_04967,TXN_009317,63.97,card,success,,1,13,1,368,False,,False,0.0
CUST_02871,TXN_009318,34.7,upi,failed,card_declined,1,15,3,1059,True,retry_payment,True,34.7
CUST_02254,TXN_009319,45.7,upi,success,,2,8,3,779,False,,False,0.0
CUST_00779,TXN_009320,53.27,card,success,,2,9,3,142,False,,False,0.0
CUST_01445,TXN_009321,48.92,netbanking,success,,1,9,1,424,False,,False,0.0
CUST_03430,TXN_009322,17.76,upi,success,,3,11,1,199,False,,False,0.0
CUST_04108,TXN_009323,19.26,card,success,,1,7,0,276,False,,False,0.0
CUST_04582,TXN_009324,26.29,wallet,success,,1,5,0,1344,False,,False,0.0
CUST_02039,TXN_009325,18.82,card,success,,2,9,3,528,False,,False,0.0
CUST_02274,TXN_009326,10.19,card,success,,1,6,1,82,False,,False,0.0
CUST_00817,TXN_009327,56.87,card,success,,1,9,2,1133,False,,False,0.0
CUST_00416,TXN_009328,43.69,card,success,,3,10,0,543,False,,False,0.0
CUST_02189,TXN_009329,11.34,card,success,,3,7,3,537,False,,False,0.0
CUST_02896,TXN_009330,27.31,card,success,,3,3,1,1065,False,,False,0.0
CUST_00522,TXN_009331,28.58,netbanking,success,,2,9,3,926,False,,False,0.0
CUST_02043,TXN_009332,38.3,upi,success,,1,7,1,1001,False,,False,0.0
CUST_03208,TXN_009333,13.94,card,failed,authentication_failed,1,11,1,1270,True,retry_payment,False,0.0
CUST_04054,TXN_009334,11.21,upi,success,,1,13,4,172,False,,False,0.0
CUST_04692,TXN_009335,50.19,upi,success,,1,6,0,4,False,,False,0.0
CUST_01702,TXN_009336,9.71,upi,success,,3,8,1,385,False,,False,0.0
CUST_01959,TXN_009337,27.49,wallet,success,,1,6,0,271,False,,False,0.0
CUST_04374,TXN_009338,25.51,card,success,,1,8,2,1437,False,,False,0.0
CUST_03466,TXN_009339,30.01,card,success,,1,12,2,38,False,,False,0.0
CUST_01369,TXN_009340,40.54,card,success,,1,2,1,794,False,,False,0.0
CUST_03426,TXN_009341,118.97,card,success,,3,8,0,1146,False,,False,0.0
CUST_00788,TXN_009342,9.21,upi,success,,3,5,0,907,False,,False,0.0
CUST_02245,TXN_009343,66.77,card,failed,card_declined,1,9,0,1223,False,,False,0.0
CUST_01533,TXN_009344,4.44,upi,success,,3,6,1,862,False,,False,0.0
CUST_04963,TXN_009345,100.98,wallet,success,,1,10,0,1261,False,,False,0.0
CUST_00175,TXN_009346,6.46,netbanking,success,,2,8,0,193,False,,False,0.0
CUST_04283,TXN_009347,232.55,upi,success,,3,7,5,531,False,,False,0.0
CUST_01406,TXN_009348,24.24,upi,success,,2,18,3,493,False,,False,0.0
CUST_00182,TXN_009349,92.97,upi,success,,3,5,1,382,False,,False,0.0
CUST_03300,TXN_009350,78.83,upi,success,,2,7,1,1328,False,,False,0.0
CUST_03390,TXN_009351,23.35,card,success,,2,6,2,695,False,,False,0.0
CUST_00712,TXN_009352,24.83,card,success,,1,6,2,917,False,,False,0.0
CUST_00192,TXN_009353,16.95,card,failed,network_error,3,8,0,264,True,update_payment_method,True,16.95
CUST_00557,TXN_009354,62.17,upi,success,,3,7,2,366,False,,False,0.0
CUST_02044,TXN_009355,23.6,upi,success,,1,11,1,753,False,,False,0.0
CUST_00662,TXN_009356,17.2,card,success,,2,6,2,637,False,,False,0.0
CUST_03515,TXN_009357,50.9,card,success,,1,8,1,1095,False,,False,0.0
CUST_00388,TXN_009358,16.16,netbanking,success,,2,6,1,147,False,,False,0.0
CUST_03944,TXN_009359,25.45,card,success,,2,11,2,341,False,,False,0.0
CUST_04373,TXN_009360,36.08,card,success,,2,8,2,969,False,,False,0.0
CUST_03584,TXN_009361,19.81,card,success,,2,10,6,1038,False,,False,0.0
CUST_04720,TXN_009362,22.35,card,success,,2,9,1,253,False,,False,0.0
CUST_04696,TXN_009363,113.07,netbanking,success,,1,8,1,317,False,,False,0.0
CUST_00233,TXN_009364,28.12,card,success,,1,9,0,45,False,,False,0.0
CUST_01710,TXN_009365,24.84,card,success,,1,9,1,274,False,,False,0.0
CUST_03800,TXN_009366,28.79,wallet,success,,2,9,1,890,False,,False,0.0
CUST_01698,TXN_009367,47.63,upi,failed,expired_card,2,11,3,1189,True,send_reminder,True,47.63
CUST_03686,TXN_009368,14.48,upi,success,,2,9,1,1009,False,,False,0.0
CUST_03871,TXN_009369,46.61,upi,success,,1,9,1,1266,False,,False,0.0
CUST_04984,TXN_009370,40.64,card,success,,3,8,1,125,False,,False,0.0
CUST_01650,TXN_009371,7.92,card,success,,2,11,1,222,False,,False,0.0
CUST_01740,TXN_009372,139.13,card,success,,3,5,0,441,False,,False,0.0
CUST_00122,TXN_009373,106.55,card,success,,3,11,1,752,False,,False,0.0
CUST_01428,TXN_009374,17.45,card,success,,1,7,3,1369,False,,False,0.0
CUST_01403,TXN_009375,13.49,upi,success,,1,11,1,414,False,,False,0.0
CUST_02265,TXN_009376,39.74,card,success,,2,7,2,1383,False,,False,0.0
CUST_02106,TXN_009377,10.58,card,success,,3,8,2,499,False,,False,0.0
CUST_04283,TXN_009378,98.64,upi,success,,2,7,0,1323,False,,False,0.0
CUST_03869,TXN_009379,22.77,card,success,,2,10,0,137,False,,False,0.0
CUST_03643,TXN_009380,121.2,upi,success,,2,9,3,1352,False,,False,0.0
CUST_00027,TXN_009381,17.12,card,success,,3,6,1,1292,False,,False,0.0
CUST_02358,TXN_009382,30.27,upi,success,,3,13,4,389,False,,False,0.0
CUST_03648,TXN_009383,91.27,netbanking,success,,2,6,2,650,False,,False,0.0
CUST_01223,TXN_009384,25.57,upi,failed,card_declined,3,13,1,692,False,,False,0.0
CUST_02124,TXN_009385,41.17,netbanking,success,,2,12,1,1341,False,,False,0.0
CUST_03635,TXN_009386,79.37,card,success,,1,8,0,1461,False,,False,0.0
CUST_03972,TXN_009387,21.22,card,success,,2,5,1,692,False,,False,0.0
CUST_04272,TXN_009388,12.07,card,success,,3,6,0,610,False,,False,0.0
CUST_02149,TXN_009389,10.31,card,success,,3,11,3,1222,False,,False,0.0
CUST_02000,TXN_009390,52.81,netbanking,failed,insufficient_funds,1,7,2,468,True,send_reminder,False,0.0
CUST_01914,TXN_009391,45.2,card,success,,2,10,0,629,False,,False,0.0
CUST_03343,TXN_009392,77.43,card,success,,1,7,1,1166,False,,False,0.0
CUST_02098,TXN_009393,26.6,netbanking,success,,1,4,3,731,False,,False,0.0
CUST_02001,TXN_009394,10.54,card,success,,1,5,2,903,False,,False,0.0
CUST_00842,TXN_009395,5.04,upi,success,,3,8,1,438,False,,False,0.0
CUST_02392,TXN_009396,328.45,card,failed,network_error,2,6,0,351,True,retry_payment,True,328.45
CUST_01187,TXN_009397,50.48,wallet,success,,3,5,2,1391,False,,False,0.0
CUST_02625,TXN_009398,36.95,card,success,,2,8,3,804,False,,False,0.0
CUST_04443,TXN_009399,41.38,upi,success,,1,9,2,657,False,,False,0.0
CUST_03878,TXN_009400,10.54,upi,failed,card_declined,2,9,2,554,True,offer_support,True,10.54
CUST_02390,TXN_009401,17.53,wallet,success,,3,6,4,1122,False,,False,0.0
CUST_04887,TXN_009402,133.58,wallet,failed,expired_card,2,9,0,352,True,send_reminder,True,133.58
CUST_04901,TXN_009403,56.07,netbanking,success,,2,4,1,2,False,,False,0.0
CUST_02222,TXN_009404,17.98,card,success,,1,8,0,1343,False,,False,0.0
CUST_03817,TXN_009405,12.41,upi,success,,3,5,0,1167,False,,False,0.0
CUST_01712,TXN_009406,21.92,netbanking,success,,2,4,2,782,False,,False,0.0
CUST_04393,TXN_009407,25.73,upi,success,,3,6,2,464,False,,False,0.0
CUST_01868,TXN_009408,170.6,netbanking,success,,1,5,2,1076,False,,False,0.0
CUST_01292,TXN_009409,28.49,netbanking,failed,network_error,1,6,3,766,True,retry_payment,True,28.49
CUST_00670,TXN_009410,12.79,card,success,,2,9,1,691,False,,False,0.0
CUST_04213,TXN_009411,31.6,card,success,,1,12,1,13,False,,False,0.0
CUST_01485,TXN_009412,40.91,card,success,,2,12,1,445,False,,False,0.0
CUST_04066,TXN_009413,11.89,upi,success,,2,7,2,293,False,,False,0.0
CUST_00433,TXN_009414,45.68,upi,success,,1,10,3,1253,False,,False,0.0
CUST_02504,TXN_009415,87.11,card,failed,authentication_failed,2,5,1,1096,True,offer_support,False,0.0
CUST_02140,TXN_009416,37.0,upi,success,,2,7,4,1238,False,,False,0.0
CUST_02194,TXN_009417,17.5,card,success,,2,6,0,839,False,,False,0.0
CUST_00837,TXN_009418,21.69,card,success,,3,15,3,281,False,,False,0.0
CUST_00370,TXN_009419,8.78,upi,success,,2,7,2,1352,False,,False,0.0
CUST_01732,TXN_009420,29.75,upi,success,,1,8,2,156,False,,False,0.0
CUST_02351,TXN_009421,42.46,card,success,,3,7,1,710,False,,False,0.0
CUST_03968,TXN_009422,16.16,upi,success,,3,9,2,821,False,,False,0.0
CUST_02312,TXN_009423,156.3,netbanking,success,,3,12,2,510,False,,False,0.0
CUST_01230,TXN_009424,62.42,upi,success,,1,8,1,773,False,,False,0.0
CUST_01313,TXN_009425,7.89,wallet,success,,2,9,3,350,False,,False,0.0
CUST_03059,TXN_009426,8.02,card,success,,3,9,0,185,False,,False,0.0
CUST_02178,TXN_009427,15.07,card,success,,3,11,2,1348,False,,False,0.0
CUST_04506,TXN_009428,116.58,card,failed,card_declined,1,4,1,897,True,offer_support,True,116.58
CUST_02199,TXN_009429,67.54,upi,success,,1,9,1,301,False,,False,0.0
CUST_02835,TXN_009430,121.39,card,success,,3,9,1,1324,False,,False,0.0
CUST_00320,TXN_009431,33.39,wallet,success,,2,3,0,1091,False,,False,0.0
CUST_00969,TXN_009432,28.01,upi,success,,1,10,0,1217,False,,False,0.0
CUST_04250,TXN_009433,12.21,netbanking,success,,1,6,1,508,False,,False,0.0
CUST_01724,TXN_009434,43.8,card,success,,3,7,3,1144,False,,False,0.0
CUST_02105,TXN_009435,28.31,upi,success,,3,8,0,898,False,,False,0.0
CUST_02952,TXN_009436,27.45,card,failed,expired_card,1,8,2,1278,False,,False,0.0
CUST_00290,TXN_009437,120.84,upi,success,,2,10,0,853,False,,False,0.0
CUST_02533,TXN_009438,29.93,netbanking,success,,3,9,4,177,False,,False,0.0
CUST_01731,TXN_009439,96.04,card,success,,2,10,6,906,False,,False,0.0
CUST_00743,TXN_009440,9.3,netbanking,success,,1,5,2,631,False,,False,0.0
CUST_02092,TXN_009441,284.43,upi,success,,3,7,2,1393,False,,False,0.0
CUST_02234,TXN_009442,24.57,upi,success,,1,12,1,300,False,,False,0.0
CUST_00932,TXN_009443,58.31,card,failed,card_declined,1,5,1,625,True,send_reminder,False,0.0
CUST_02715,TXN_009444,66.22,card,success,,1,8,2,1265,False,,False,0.0
CUST_03731,TXN_009445,22.24,card,success,,3,8,0,394,False,,False,0.0
CUST_01337,TXN_009446,63.77,upi,success,,1,9,2,202,False,,False,0.0
CUST_04832,TXN_009447,66.47,card,success,,3,6,4,668,False,,False,0.0
CUST_03062,TXN_009448,18.72,wallet,success,,2,10,2,1332,False,,False,0.0
CUST_03865,TXN_009449,18.9,wallet,success,,1,10,2,113,False,,False,0.0
CUST_00351,TXN_009450,34.34,card,failed,expired_card,2,8,3,1466,True,retry_payment,True,34.34
CUST_03837,TXN_009451,30.19,upi,success,,1,8,3,146,False,,False,0.0
CUST_01683,TXN_009452,100.94,card,failed,authentication_failed,2,7,1,873,False,,False,0.0
CUST_03551,TXN_009453,58.1,card,failed,expired_card,3,5,3,1171,True,offer_support,True,58.1
CUST_04021,TXN_009454,31.3,card,success,,2,10,1,1080,False,,False,0.0
CUST_01252,TXN_009455,53.78,netbanking,success,,1,6,1,678,False,,False,0.0
CUST_01297,TXN_009456,6.44,netbanking,success,,1,11,2,100,False,,False,0.0
CUST_00298,TXN_009457,20.24,card,success,,3,9,1,1076,False,,False,0.0
CUST_03026,TXN_009458,41.69,card,success,,3,4,0,430,False,,False,0.0
CUST_03870,TXN_009459,80.83,card,success,,2,7,0,944,False,,False,0.0
CUST_02050,TXN_009460,38.85,upi,success,,3,9,4,1234,False,,False,0.0
CUST_00805,TXN_009461,106.33,card,failed,expired_card,1,9,0,1250,False,,False,0.0
CUST_01582,TXN_009462,66.31,netbanking,success,,1,5,2,1287,False,,False,0.0
CUST_02014,TXN_009463,22.41,wallet,failed,card_declined,2,2,2,612,True,update_payment_method,False,0.0
CUST_04580,TXN_009464,29.61,card,success,,3,6,0,951,False,,False,0.0
CUST_00620,TXN_009465,45.91,netbanking,success,,3,11,0,269,False,,False,0.0
CUST_01716,TXN_009466,23.13,upi,success,,1,8,2,1389,False,,False,0.0
CUST_03190,TXN_009467,112.73,upi,success,,2,8,1,1364,False,,False,0.0
CUST_01184,TXN_009468,13.64,netbanking,failed,expired_card,2,8,1,53,False,,False,0.0
CUST_04423,TXN_009469,42.64,upi,success,,3,11,1,171,False,,False,0.0
CUST_04546,TXN_009470,59.64,upi,success,,3,4,3,1300,False,,False,0.0
CUST_01901,TXN_009471,25.77,card,success,,1,6,2,1022,False,,False,0.0
CUST_03729,TXN_009472,21.52,upi,success,,3,9,3,1452,False,,False,0.0
CUST_03779,TXN_009473,31.16,card,success,,1,14,3,1252,False,,False,0.0
CUST_03409,TXN_009474,63.41,card,success,,2,9,2,1149,False,,False,0.0
CUST_00933,TXN_009475,22.2,upi,success,,1,4,5,637,False,,False,0.0
CUST_00248,TXN_009476,14.08,card,success,,2,6,2,1328,False,,False,0.0
CUST_01736,TXN_009477,83.14,card,success,,1,5,3,1499,False,,False,0.0
CUST_00656,TXN_009478,45.58,card,success,,2,8,3,601,False,,False,0.0
CUST_01462,TXN_009479,74.16,netbanking,success,,3,13,0,1156,False,,False,0.0
CUST_03192,TXN_009480,60.79,upi,success,,2,6,3,1137,False,,False,0.0
CUST_02944,TXN_009481,189.41,card,success,,3,5,0,1259,False,,False,0.0
CUST_01047,TXN_009482,80.8,netbanking,success,,3,8,3,484,False,,False,0.0
CUST_00089,TXN_009483,18.55,netbanking,success,,1,10,4,476,False,,False,0.0
CUST_01128,TXN_009484,48.24,card,success,,3,5,3,836,False,,False,0.0
CUST_02274,TXN_009485,21.2,upi,success,,1,3,1,42,False,,False,0.0
CUST_03895,TXN_009486,23.03,card,failed,card_declined,1,11,2,1115,True,send_reminder,True,23.03
CUST_01826,TXN_009487,10.7,upi,success,,1,11,1,1212,False,,False,0.0
CUST_01430,TXN_009488,26.34,upi,success,,2,10,1,165,False,,False,0.0
CUST_02757,TXN_009489,51.21,card,success,,1,11,0,1194,False,,False,0.0
CUST_00358,TXN_009490,31.41,upi,success,,2,2,1,476,False,,False,0.0
CUST_01128,TXN_009491,13.74,card,success,,2,8,1,405,False,,False,0.0
CUST_00183,TXN_009492,9.79,upi,failed,insufficient_funds,3,7,2,227,False,,False,0.0
CUST_02628,TXN_009493,179.37,card,success,,3,10,0,499,False,,False,0.0
CUST_02216,TXN_009494,42.95,netbanking,success,,1,10,3,893,False,,False,0.0
CUST_02913,TXN_009495,17.13,upi,success,,3,9,1,128,False,,False,0.0
CUST_03086,TXN_009496,47.91,card,success,,3,6,3,1122,False,,False,0.0
CUST_01976,TXN_009497,190.82,netbanking,success,,1,8,3,1197,False,,False,0.0
CUST_04344,TXN_009498,54.4,card,success,,2,10,2,215,False,,False,0.0
CUST_04591,TXN_009499,3.56,upi,success,,1,7,1,1185,False,,False,0.0
CUST_00554,TXN_009500,276.4,upi,success,,1,7,1,881,False,,False,0.0
CUST_04600,TXN_009501,7.54,card,success,,3,9,4,359,False,,False,0.0
CUST_00984,TXN_009502,28.08,card,failed,network_error,1,6,6,78,False,,False,0.0
CUST_01242,TXN_009503,13.37,card,success,,1,9,1,189,False,,False,0.0
CUST_02649,TXN_009504,18.32,upi,success,,3,4,2,322,False,,False,0.0
CUST_00147,TXN_009505,41.58,upi,success,,1,7,2,1103,False,,False,0.0
CUST_01821,TXN_009506,6.32,card,failed,insufficient_funds,3,8,1,1372,True,retry_payment,True,6.32
CUST_00973,TXN_009507,30.81,card,success,,1,9,3,1462,False,,False,0.0
CUST_02413,TXN_009508,82.92,netbanking,success,,1,4,2,339,False,,False,0.0
CUST_04073,TXN_009509,16.87,card,success,,1,5,0,592,False,,False,0.0
CUST_04620,TXN_009510,10.89,card,success,,1,7,0,1186,False,,False,0.0
CUST_01061,TXN_009511,29.62,upi,success,,2,15,3,68,False,,False,0.0
CUST_02724,TXN_009512,25.26,card,success,,1,9,0,706,False,,False,0.0
CUST_02372,TXN_009513,20.57,wallet,success,,1,12,3,494,False,,False,0.0
CUST_02076,TXN_009514,12.8,card,success,,2,6,0,1324,False,,False,0.0
CUST_03163,TXN_009515,50.17,netbanking,success,,2,9,3,560,False,,False,0.0
CUST_04947,TXN_009516,53.31,card,success,,2,5,0,1138,False,,False,0.0
CUST_02026,TXN_009517,14.12,card,success,,1,8,2,1403,False,,False,0.0
CUST_00327,TXN_009518,15.77,card,success,,1,4,2,341,False,,False,0.0
CUST_04579,TXN_009519,36.94,wallet,failed,network_error,1,6,2,368,False,,False,0.0
CUST_04660,TXN_009520,15.3,upi,success,,3,11,0,26,False,,False,0.0
CUST_01612,TXN_009521,38.2,card,success,,2,9,2,739,False,,False,0.0
CUST_02508,TXN_009522,107.17,wallet,success,,1,11,2,1360,False,,False,0.0
CUST_04313,TXN_009523,31.57,card,success,,2,7,5,1437,False,,False,0.0
CUST_02519,TXN_009524,12.54,card,success,,3,3,1,441,False,,False,0.0
CUST_02406,TXN_009525,45.32,card,success,,3,7,3,1137,False,,False,0.0
CUST_04609,TXN_009526,28.73,netbanking,failed,expired_card,3,7,1,973,True,update_payment_method,False,0.0
CUST_04144,TXN_009527,29.37,card,failed,card_declined,1,7,1,1138,True,send_reminder,True,29.37
CUST_02537,TXN_009528,48.44,card,success,,1,8,0,359,False,,False,0.0
CUST_00808,TXN_009529,57.56,wallet,success,,3,7,1,917,False,,False,0.0
CUST_02192,TXN_009530,34.07,upi,success,,3,3,1,262,False,,False,0.0
CUST_03382,TXN_009531,31.55,card,success,,1,11,1,108,False,,False,0.0
CUST_01363,TXN_009532,172.58,upi,success,,3,6,2,970,False,,False,0.0
CUST_02686,TXN_009533,86.53,card,failed,network_error,2,10,5,45,True,retry_payment,False,0.0
CUST_03294,TXN_009534,64.51,upi,failed,network_error,3,3,2,850,False,,False,0.0
CUST_00426,TXN_009535,36.78,card,failed,expired_card,1,8,5,597,True,offer_support,False,0.0
CUST_02848,TXN_009536,14.81,upi,success,,2,6,2,532,False,,False,0.0
CUST_03688,TXN_009537,81.61,netbanking,success,,2,6,1,963,False,,False,0.0
CUST_01072,TXN_009538,37.17,card,success,,3,17,2,27,False,,False,0.0
CUST_02742,TXN_009539,20.87,card,success,,3,4,1,906,False,,False,0.0
CUST_03547,TXN_009540,27.26,card,success,,2,7,4,733,False,,False,0.0
CUST_00222,TXN_009541,15.29,netbanking,success,,2,5,1,321,False,,False,0.0
CUST_03220,TXN_009542,77.16,netbanking,success,,1,8,0,1458,False,,False,0.0
CUST_01299,TXN_009543,57.19,netbanking,success,,2,9,0,1153,False,,False,0.0
CUST_01987,TXN_009544,38.29,wallet,failed,insufficient_funds,3,8,2,449,True,offer_support,True,38.29
CUST_03240,TXN_009545,32.0,netbanking,success,,1,11,1,34,False,,False,0.0
CUST_00023,TXN_009546,19.21,wallet,success,,3,10,3,1047,False,,False,0.0
CUST_00084,TXN_009547,6.03,upi,success,,1,11,2,246,False,,False,0.0
CUST_02233,TXN_009548,10.69,card,success,,1,6,0,129,False,,False,0.0
CUST_04748,TXN_009549,18.28,upi,success,,3,9,4,766,False,,False,0.0
CUST_00031,TXN_009550,16.21,card,success,,2,11,0,1376,False,,False,0.0
CUST_03944,TXN_009551,41.74,card,success,,3,6,1,331,False,,False,0.0
CUST_00375,TXN_009552,63.38,card,failed,card_declined,3,7,1,384,True,retry_payment,True,63.38
CUST_02445,TXN_009553,29.88,card,success,,1,11,4,41,False,,False,0.0
CUST_02153,TXN_009554,102.22,upi,success,,2,6,2,301,False,,False,0.0
CUST_02340,TXN_009555,17.7,card,failed,network_error,1,14,2,1128,True,offer_support,True,17.7
CUST_00410,TXN_009556,29.71,card,success,,2,5,1,185,False,,False,0.0
CUST_03767,TXN_009557,31.79,wallet,failed,card_declined,1,9,2,433,True,update_payment_method,True,31.79
CUST_01379,TXN_009558,79.34,upi,success,,1,9,1,1379,False,,False,0.0
CUST_03855,TXN_009559,36.04,card,success,,2,7,2,1069,False,,False,0.0
CUST_03277,TXN_009560,36.85,card,success,,2,7,0,260,False,,False,0.0
CUST_02756,TXN_009561,8.81,card,success,,3,9,3,1392,False,,False,0.0
CUST_01543,TXN_009562,16.12,wallet,success,,2,6,2,320,False,,False,0.0
CUST_03261,TXN_009563,79.58,card,success,,2,5,0,1389,False,,False,0.0
CUST_04988,TXN_009564,6.29,wallet,success,,3,12,1,1422,False,,False,0.0
CUST_04615,TXN_009565,96.97,card,success,,1,4,2,759,False,,False,0.0
CUST_04581,TXN_009566,49.39,netbanking,success,,2,6,2,8,False,,False,0.0
CUST_01099,TXN_009567,18.21,card,success,,2,9,1,1396,False,,False,0.0
CUST_02926,TXN_009568,17.02,upi,success,,2,7,3,1222,False,,False,0.0
CUST_01989,TXN_009569,150.92,card,success,,1,3,0,602,False,,False,0.0
CUST_04834,TXN_009570,102.42,card,success,,1,4,2,358,False,,False,0.0
CUST_04750,TXN_009571,30.1,wallet,success,,3,9,4,1081,False,,False,0.0
CUST_04340,TXN_009572,36.88,upi,success,,3,7,2,283,False,,False,0.0
CUST_00814,TXN_009573,19.75,card,success,,2,7,1,264,False,,False,0.0
CUST_01595,TXN_009574,36.89,netbanking,success,,1,10,1,168,False,,False,0.0
CUST_03556,TXN_009575,19.31,card,success,,1,9,2,813,False,,False,0.0
CUST_03748,TXN_009576,31.1,wallet,success,,2,12,1,692,False,,False,0.0
CUST_01752,TXN_009577,140.93,card,success,,3,5,2,74,False,,False,0.0
CUST_00685,TXN_009578,30.68,card,success,,3,9,3,485,False,,False,0.0
CUST_00685,TXN_009579,14.32,card,success,,2,7,1,546,False,,False,0.0
CUST_03423,TXN_009580,11.1,card,success,,3,9,0,343,False,,False,0.0
CUST_02271,TXN_009581,36.66,wallet,success,,1,3,2,783,False,,False,0.0
CUST_02455,TXN_009582,18.02,card,success,,1,13,1,316,False,,False,0.0
CUST_04077,TXN_009583,40.34,card,success,,2,4,0,390,False,,False,0.0
CUST_00085,TXN_009584,9.06,netbanking,success,,3,6,0,593,False,,False,0.0
CUST_03772,TXN_009585,57.52,card,success,,3,10,1,280,False,,False,0.0
CUST_01371,TXN_009586,14.18,card,failed,card_declined,1,6,1,1293,True,offer_support,False,0.0
CUST_04656,TXN_009587,34.36,upi,success,,1,8,2,1069,False,,False,0.0
CUST_04776,TXN_009588,25.26,card,success,,1,10,0,1435,False,,False,0.0
CUST_02511,TXN_009589,130.94,netbanking,success,,3,8,2,946,False,,False,0.0
CUST_01579,TXN_009590,37.98,upi,success,,3,7,3,154,False,,False,0.0
CUST_01166,TXN_009591,157.02,card,failed,network_error,3,7,2,625,True,retry_payment,True,157.02
CUST_00908,TXN_009592,51.86,upi,success,,1,5,1,419,False,,False,0.0
CUST_04996,TXN_009593,103.58,card,success,,2,12,1,261,False,,False,0.0
CUST_00938,TXN_009594,28.02,upi,success,,2,8,0,160,False,,False,0.0
CUST_02233,TXN_009595,43.66,upi,success,,3,5,2,1378,False,,False,0.0
CUST_02396,TXN_009596,87.79,netbanking,success,,3,6,2,1002,False,,False,0.0
CUST_03396,TXN_009597,68.3,upi,success,,3,10,3,629,False,,False,0.0
CUST_04213,TXN_009598,50.64,netbanking,failed,card_declined,1,7,0,1268,True,retry_payment,False,0.0
CUST_02790,TXN_009599,25.47,card,success,,2,5,2,394,False,,False,0.0
CUST_03790,TXN_009600,29.17,wallet,success,,3,10,3,16,False,,False,0.0
CUST_02833,TXN_009601,82.28,card,success,,2,5,1,267,False,,False,0.0
CUST_02184,TXN_009602,97.2,netbanking,success,,2,10,1,742,False,,False,0.0
CUST_00789,TXN_009603,20.61,upi,success,,1,8,2,395,False,,False,0.0
CUST_01044,TXN_009604,18.27,card,success,,2,10,1,96,False,,False,0.0
CUST_02162,TXN_009605,16.07,card,success,,3,8,1,600,False,,False,0.0
CUST_00231,TXN_009606,64.31,wallet,failed,card_declined,2,7,1,1404,False,,False,0.0
CUST_01582,TXN_009607,15.74,netbanking,failed,network_error,3,9,1,584,True,offer_support,True,15.74
CUST_02313,TXN_009608,63.69,upi,success,,2,8,1,308,False,,False,0.0
CUST_02363,TXN_009609,51.24,card,success,,3,7,2,639,False,,False,0.0
CUST_04074,TXN_009610,21.41,upi,success,,3,8,2,957,False,,False,0.0
CUST_04838,TXN_009611,115.71,card,success,,2,5,0,326,False,,False,0.0
CUST_03648,TXN_009612,10.28,upi,success,,3,10,0,555,False,,False,0.0
CUST_00398,TXN_009613,124.91,card,failed,network_error,1,11,4,942,True,send_reminder,True,124.91
CUST_02043,TXN_009614,42.74,netbanking,success,,2,5,0,593,False,,False,0.0
CUST_03649,TXN_009615,6.3,upi,success,,1,8,0,1410,False,,False,0.0
CUST_02973,TXN_009616,118.33,card,success,,3,13,3,506,False,,False,0.0
CUST_02289,TXN_009617,72.08,upi,success,,1,7,1,1138,False,,False,0.0
CUST_02181,TXN_009618,23.51,card,success,,2,4,3,587,False,,False,0.0
CUST_02030,TXN_009619,15.31,card,success,,3,9,2,1162,False,,False,0.0
CUST_02895,TXN_009620,9.44,card,success,,3,11,3,750,False,,False,0.0
CUST_00894,TXN_009621,228.69,card,success,,2,5,2,1067,False,,False,0.0
CUST_02588,TXN_009622,15.82,card,failed,insufficient_funds,1,4,1,817,False,,False,0.0
CUST_01030,TXN_009623,12.05,upi,success,,2,8,4,734,False,,False,0.0
CUST_03405,TXN_009624,41.03,upi,success,,2,11,1,1198,False,,False,0.0
CUST_04323,TXN_009625,8.93,upi,success,,3,6,3,66,False,,False,0.0
CUST_02539,TXN_009626,15.1,wallet,success,,2,9,2,1006,False,,False,0.0
CUST_01938,TXN_009627,73.4,netbanking,success,,3,8,0,115,False,,False,0.0
CUST_04703,TXN_009628,48.01,card,success,,2,5,1,1022,False,,False,0.0
CUST_03298,TXN_009629,24.31,upi,success,,2,9,3,431,False,,False,0.0
CUST_02140,TXN_009630,33.6,wallet,success,,1,10,2,1237,False,,False,0.0
CUST_00144,TXN_009631,23.24,card,success,,1,8,0,861,False,,False,0.0
CUST_00080,TXN_009632,31.51,card,success,,2,5,1,541,False,,False,0.0
CUST_01108,TXN_009633,18.0,wallet,success,,3,4,1,1248,False,,False,0.0
CUST_01182,TXN_009634,20.82,netbanking,success,,3,7,3,1428,False,,False,0.0
CUST_03607,TXN_009635,20.32,netbanking,success,,1,3,1,475,False,,False,0.0
CUST_02503,TXN_009636,18.53,netbanking,success,,1,10,1,773,False,,False,0.0
CUST_04999,TXN_009637,76.33,card,success,,1,6,2,1185,False,,False,0.0
CUST_02703,TXN_009638,61.32,upi,success,,2,10,1,366,False,,False,0.0
CUST_04515,TXN_009639,15.71,netbanking,failed,insufficient_funds,2,15,1,336,True,retry_payment,False,0.0
CUST_02762,TXN_009640,12.74,card,failed,insufficient_funds,1,10,4,79,True,send_reminder,True,12.74
CUST_01791,TXN_009641,29.2,card,success,,1,13,1,151,False,,False,0.0
CUST_03573,TXN_009642,185.72,card,success,,2,6,1,1295,False,,False,0.0
CUST_02247,TXN_009643,14.55,upi,success,,1,10,0,1421,False,,False,0.0
CUST_01373,TXN_009644,29.11,upi,success,,1,3,0,656,False,,False,0.0
CUST_02366,TXN_009645,35.55,netbanking,success,,2,8,0,557,False,,False,0.0
CUST_03324,TXN_009646,30.36,card,success,,3,8,0,759,False,,False,0.0
CUST_01878,TXN_009647,22.95,upi,success,,3,6,2,1422,False,,False,0.0
CUST_03520,TXN_009648,83.43,card,success,,1,9,3,295,False,,False,0.0
CUST_04903,TXN_009649,47.63,wallet,success,,3,7,1,239,False,,False,0.0
CUST_02056,TXN_009650,65.15,upi,success,,3,9,2,857,False,,False,0.0
CUST_01476,TXN_009651,53.06,upi,success,,1,9,2,163,False,,False,0.0
CUST_02011,TXN_009652,67.7,card,success,,1,7,3,599,False,,False,0.0
CUST_04191,TXN_009653,117.63,card,success,,1,11,1,450,False,,False,0.0
CUST_00895,TXN_009654,96.05,card,success,,3,8,0,489,False,,False,0.0
CUST_04868,TXN_009655,212.69,netbanking,success,,1,9,0,1008,False,,False,0.0
CUST_02070,TXN_009656,87.7,card,success,,1,8,2,1078,False,,False,0.0
CUST_04208,TXN_009657,19.38,netbanking,success,,3,6,3,1086,False,,False,0.0
CUST_03934,TXN_009658,65.23,card,success,,1,6,0,629,False,,False,0.0
CUST_03918,TXN_009659,58.46,upi,success,,2,9,5,525,False,,False,0.0
CUST_04544,TXN_009660,153.89,card,success,,3,4,0,960,False,,False,0.0
CUST_00925,TXN_009661,15.28,card,success,,3,9,5,1050,False,,False,0.0
CUST_02968,TXN_009662,51.75,upi,success,,1,8,1,683,False,,False,0.0
CUST_00495,TXN_009663,19.2,card,success,,1,4,1,587,False,,False,0.0
CUST_01497,TXN_009664,49.9,card,success,,2,8,2,1220,False,,False,0.0
CUST_00203,TXN_009665,27.89,upi,success,,1,9,4,1153,False,,False,0.0
CUST_03411,TXN_009666,48.6,card,success,,3,7,2,915,False,,False,0.0
CUST_03039,TXN_009667,10.72,upi,success,,3,7,0,597,False,,False,0.0
CUST_03700,TXN_009668,62.46,upi,success,,2,8,0,658,False,,False,0.0
CUST_00881,TXN_009669,39.05,card,success,,2,7,3,423,False,,False,0.0
CUST_01661,TXN_009670,37.4,card,success,,1,5,1,437,False,,False,0.0
CUST_03382,TXN_009671,157.62,card,success,,3,4,0,782,False,,False,0.0
CUST_04132,TXN_009672,24.39,card,success,,3,10,3,655,False,,False,0.0
CUST_04428,TXN_009673,43.55,card,success,,3,9,0,1228,False,,False,0.0
CUST_00369,TXN_009674,35.88,upi,success,,2,10,0,1489,False,,False,0.0
CUST_02013,TXN_009675,38.8,card,success,,3,7,2,966,False,,False,0.0
CUST_00054,TXN_009676,195.87,netbanking,success,,3,5,2,511,False,,False,0.0
CUST_04092,TXN_009677,34.85,netbanking,success,,1,11,3,1427,False,,False,0.0
CUST_00615,TXN_009678,21.03,card,failed,network_error,3,10,1,38,False,,False,0.0
CUST_04110,TXN_009679,147.93,upi,success,,1,6,1,365,False,,False,0.0
CUST_00780,TXN_009680,25.89,card,success,,3,7,2,29,False,,False,0.0
CUST_00077,TXN_009681,9.17,card,success,,1,13,1,759,False,,False,0.0
CUST_04394,TXN_009682,18.31,wallet,success,,2,10,0,944,False,,False,0.0
CUST_02194,TXN_009683,12.22,upi,success,,1,7,1,1015,False,,False,0.0
CUST_02125,TXN_009684,7.85,card,success,,1,9,1,44,False,,False,0.0
CUST_03234,TXN_009685,24.77,netbanking,success,,2,9,2,310,False,,False,0.0
CUST_01375,TXN_009686,31.31,wallet,success,,3,6,2,71,False,,False,0.0
CUST_03454,TXN_009687,85.15,upi,success,,1,8,1,810,False,,False,0.0
CUST_02145,TXN_009688,54.79,upi,failed,authentication_failed,3,8,0,1011,True,send_reminder,True,54.79
CUST_01364,TXN_009689,52.83,netbanking,success,,3,7,0,1275,False,,False,0.0
CUST_01974,TXN_009690,16.21,upi,success,,3,12,1,949,False,,False,0.0
CUST_00031,TXN_009691,67.22,upi,success,,1,8,2,1456,False,,False,0.0
CUST_01508,TXN_009692,100.78,netbanking,success,,3,14,1,1087,False,,False,0.0
CUST_02957,TXN_009693,45.41,upi,success,,2,12,3,1465,False,,False,0.0
CUST_00690,TXN_009694,46.43,card,success,,1,11,1,1386,False,,False,0.0
CUST_00593,TXN_009695,12.04,card,success,,3,8,1,815,False,,False,0.0
CUST_03279,TXN_009696,76.98,card,failed,network_error,1,6,3,716,True,retry_payment,False,0.0
CUST_02141,TXN_009697,137.64,card,success,,2,9,0,493,False,,False,0.0
CUST_00683,TXN_009698,42.88,card,success,,1,8,1,1339,False,,False,0.0
CUST_03739,TXN_009699,20.58,upi,success,,2,9,3,738,False,,False,0.0
CUST_03877,TXN_009700,29.09,wallet,success,,2,6,1,876,False,,False,0.0
CUST_00174,TXN_009701,23.66,card,success,,3,6,2,1129,False,,False,0.0
CUST_01009,TXN_009702,24.82,card,success,,2,6,1,1319,False,,False,0.0
CUST_01852,TXN_009703,55.61,netbanking,success,,2,9,0,1097,False,,False,0.0
CUST_03657,TXN_009704,41.41,card,success,,1,7,1,1484,False,,False,0.0
CUST_00371,TXN_009705,73.93,netbanking,success,,1,3,2,524,False,,False,0.0
CUST_04028,TXN_009706,44.55,upi,success,,2,8,2,347,False,,False,0.0
CUST_01597,TXN_009707,16.59,upi,success,,1,12,1,803,False,,False,0.0
CUST_00627,TXN_009708,22.19,card,success,,2,4,2,1089,False,,False,0.0
CUST_04316,TXN_009709,21.11,card,success,,1,10,0,111,False,,False,0.0
CUST_00434,TXN_009710,28.53,upi,success,,2,6,0,1322,False,,False,0.0
CUST_00648,TXN_009711,139.18,card,success,,1,4,2,591,False,,False,0.0
CUST_04747,TXN_009712,158.21,card,success,,1,14,5,42,False,,False,0.0
CUST_02598,TXN_009713,64.67,card,failed,network_error,2,10,1,702,False,,False,0.0
CUST_02315,TXN_009714,36.42,upi,failed,insufficient_funds,1,8,2,21,False,,False,0.0
CUST_03437,TXN_009715,11.14,upi,success,,3,6,3,1089,False,,False,0.0
CUST_03151,TXN_009716,39.49,upi,success,,2,6,0,319,False,,False,0.0
CUST_03068,TXN_009717,17.6,upi,success,,3,6,0,723,False,,False,0.0
CUST_00117,TXN_009718,122.05,card,failed,authentication_failed,1,6,0,246,True,send_reminder,False,0.0
CUST_02759,TXN_009719,9.16,wallet,success,,1,14,2,71,False,,False,0.0
CUST_01394,TXN_009720,45.04,netbanking,success,,2,10,3,680,False,,False,0.0
CUST_04038,TXN_009721,16.45,card,success,,1,8,4,424,False,,False,0.0
CUST_02527,TXN_009722,32.86,upi,failed,network_error,2,5,2,1352,True,send_reminder,False,0.0
CUST_00619,TXN_009723,56.42,card,failed,card_declined,3,10,1,889,True,offer_support,True,56.42
CUST_04431,TXN_009724,75.01,wallet,success,,3,11,1,1336,False,,False,0.0
CUST_01422,TXN_009725,31.55,card,success,,2,10,2,927,False,,False,0.0
CUST_01357,TXN_009726,60.88,card,success,,1,10,3,171,False,,False,0.0
CUST_04681,TXN_009727,19.49,wallet,success,,2,7,1,1199,False,,False,0.0
CUST_03876,TXN_009728,40.3,upi,success,,1,13,2,1294,False,,False,0.0
CUST_04297,TXN_009729,73.83,card,success,,1,7,1,80,False,,False,0.0
CUST_03311,TXN_009730,43.19,upi,success,,3,11,1,232,False,,False,0.0
CUST_04552,TXN_009731,21.68,netbanking,success,,3,10,6,1183,False,,False,0.0
CUST_00577,TXN_009732,26.49,card,success,,1,12,1,523,False,,False,0.0
CUST_03000,TXN_009733,74.63,upi,success,,2,9,1,80,False,,False,0.0
CUST_01467,TXN_009734,13.83,upi,failed,authentication_failed,2,8,2,916,False,,False,0.0
CUST_01992,TXN_009735,15.56,upi,success,,2,7,1,1099,False,,False,0.0
CUST_01190,TXN_009736,53.59,wallet,failed,insufficient_funds,3,5,1,420,True,retry_payment,False,0.0
CUST_01025,TXN_009737,23.31,upi,success,,3,8,4,1202,False,,False,0.0
CUST_02213,TXN_009738,10.36,upi,success,,1,8,1,428,False,,False,0.0
CUST_04591,TXN_009739,97.58,netbanking,success,,1,6,0,746,False,,False,0.0
CUST_03177,TXN_009740,13.74,card,success,,3,6,0,436,False,,False,0.0
CUST_01747,TXN_009741,28.23,card,failed,card_declined,2,6,1,512,True,offer_support,True,28.23
CUST_02167,TXN_009742,20.17,wallet,success,,2,9,1,673,False,,False,0.0
CUST_02649,TXN_009743,26.1,upi,success,,3,5,2,832,False,,False,0.0
CUST_01223,TXN_009744,16.32,card,success,,3,12,0,69,False,,False,0.0
CUST_02606,TXN_009745,58.64,card,success,,2,10,2,680,False,,False,0.0
CUST_03479,TXN_009746,36.19,card,success,,3,11,0,918,False,,False,0.0
CUST_01216,TXN_009747,72.74,card,success,,2,12,2,1266,False,,False,0.0
CUST_02922,TXN_009748,20.34,card,failed,network_error,3,10,2,565,True,offer_support,False,0.0
CUST_03542,TXN_009749,182.44,upi,success,,2,9,3,2,False,,False,0.0
CUST_02597,TXN_009750,7.22,card,success,,1,5,2,926,False,,False,0.0
CUST_01460,TXN_009751,9.32,upi,success,,1,13,4,227,False,,False,0.0
CUST_02772,TXN_009752,134.62,wallet,success,,2,11,1,214,False,,False,0.0
CUST_03966,TXN_009753,48.39,wallet,success,,3,8,1,1460,False,,False,0.0
CUST_01110,TXN_009754,43.52,netbanking,success,,2,3,2,1083,False,,False,0.0
CUST_02873,TXN_009755,46.76,card,success,,3,6,0,472,False,,False,0.0
CUST_03402,TXN_009756,52.3,upi,success,,2,7,3,720,False,,False,0.0
CUST_01608,TXN_009757,42.09,upi,failed,authentication_failed,3,10,1,1387,True,update_payment_method,True,42.09
CUST_01938,TXN_009758,15.29,card,failed,authentication_failed,3,6,2,158,True,update_payment_method,True,15.29
CUST_04444,TXN_009759,63.72,netbanking,success,,3,8,0,1039,False,,False,0.0
CUST_01817,TXN_009760,56.18,upi,success,,2,9,3,993,False,,False,0.0
CUST_02991,TXN_009761,103.83,upi,success,,2,9,0,51,False,,False,0.0
CUST_00749,TXN_009762,135.83,card,success,,2,11,1,942,False,,False,0.0
CUST_04629,TXN_009763,43.14,card,success,,3,7,0,512,False,,False,0.0
CUST_02984,TXN_009764,12.4,netbanking,success,,2,9,1,1215,False,,False,0.0
CUST_03802,TXN_009765,136.73,card,success,,1,11,1,1148,False,,False,0.0
CUST_03013,TXN_009766,14.67,card,success,,1,7,4,1356,False,,False,0.0
CUST_01778,TXN_009767,43.4,upi,success,,1,7,1,901,False,,False,0.0
CUST_01702,TXN_009768,26.97,upi,success,,2,3,4,942,False,,False,0.0
CUST_03506,TXN_009769,23.46,card,success,,3,9,4,1325,False,,False,0.0
CUST_04299,TXN_009770,61.03,card,success,,1,6,0,624,False,,False,0.0
CUST_00639,TXN_009771,40.27,netbanking,failed,expired_card,3,8,0,274,True,retry_payment,True,40.27
CUST_04227,TXN_009772,49.93,wallet,success,,2,9,0,1163,False,,False,0.0
CUST_04150,TXN_009773,17.24,upi,success,,1,11,2,728,False,,False,0.0
CUST_00546,TXN_009774,28.81,netbanking,success,,1,9,2,1138,False,,False,0.0
CUST_00541,TXN_009775,17.89,card,success,,1,7,4,1092,False,,False,0.0
CUST_03475,TXN_009776,28.24,upi,success,,3,3,2,1338,False,,False,0.0
CUST_04214,TXN_009777,30.11,upi,success,,1,7,0,1286,False,,False,0.0
CUST_01969,TXN_009778,144.81,netbanking,failed,expired_card,1,8,1,1148,True,send_reminder,False,0.0
CUST_03203,TXN_009779,26.91,netbanking,failed,expired_card,2,5,0,1390,True,send_reminder,True,26.91
CUST_04998,TXN_009780,6.05,card,success,,2,7,2,911,False,,False,0.0
CUST_01614,TXN_009781,101.1,card,success,,2,10,3,625,False,,False,0.0
CUST_01125,TXN_009782,47.44,netbanking,success,,2,8,1,855,False,,False,0.0
CUST_04958,TXN_009783,29.82,card,success,,2,11,1,1420,False,,False,0.0
CUST_01403,TXN_009784,23.34,upi,success,,2,5,2,865,False,,False,0.0
CUST_02363,TXN_009785,15.53,upi,success,,2,7,2,538,False,,False,0.0
CUST_02211,TXN_009786,156.09,card,failed,card_declined,2,11,0,711,False,,False,0.0
CUST_02616,TXN_009787,34.52,upi,success,,3,15,1,249,False,,False,0.0
CUST_01344,TXN_009788,8.25,upi,success,,3,6,2,1035,False,,False,0.0
CUST_03395,TXN_009789,43.04,netbanking,success,,1,17,1,1121,False,,False,0.0
CUST_03460,TXN_009790,86.92,card,success,,1,4,2,1301,False,,False,0.0
CUST_01003,TXN_009791,37.53,card,success,,1,8,2,1475,False,,False,0.0
CUST_02405,TXN_009792,16.1,card,success,,3,4,4,318,False,,False,0.0
CUST_00287,TXN_009793,14.99,card,success,,2,7,1,775,False,,False,0.0
CUST_01105,TXN_009794,15.9,upi,failed,card_declined,2,6,2,930,True,send_reminder,False,0.0
CUST_04936,TXN_009795,111.87,card,success,,3,9,3,1043,False,,False,0.0
CUST_02532,TXN_009796,31.27,card,success,,3,8,3,959,False,,False,0.0
CUST_03114,TXN_009797,8.65,wallet,failed,card_declined,3,9,1,1076,False,,False,0.0
CUST_04444,TXN_009798,45.03,card,success,,3,11,2,1132,False,,False,0.0
CUST_03568,TXN_009799,37.07,card,success,,3,7,1,389,False,,False,0.0
CUST_03962,TXN_009800,23.12,netbanking,failed,expired_card,2,10,2,930,True,retry_payment,True,23.12
CUST_03560,TXN_009801,14.64,upi,success,,3,8,4,1024,False,,False,0.0
CUST_02494,TXN_009802,14.14,card,success,,1,8,1,459,False,,False,0.0
CUST_03163,TXN_009803,78.99,wallet,success,,3,9,1,183,False,,False,0.0
CUST_01443,TXN_009804,40.37,upi,success,,2,8,1,97,False,,False,0.0
CUST_04452,TXN_009805,48.57,card,success,,1,11,1,7,False,,False,0.0
CUST_00900,TXN_009806,40.28,card,success,,2,11,0,514,False,,False,0.0
CUST_04420,TXN_009807,43.04,wallet,success,,3,6,1,917,False,,False,0.0
CUST_04392,TXN_009808,22.77,card,success,,1,6,1,526,False,,False,0.0
CUST_00712,TXN_009809,28.09,netbanking,success,,1,10,5,1221,False,,False,0.0
CUST_03551,TXN_009810,84.09,card,success,,2,11,2,890,False,,False,0.0
CUST_04948,TXN_009811,102.69,card,success,,3,5,3,57,False,,False,0.0
CUST_02861,TXN_009812,12.46,netbanking,success,,3,8,5,1082,False,,False,0.0
CUST_01702,TXN_009813,28.03,wallet,success,,3,5,0,686,False,,False,0.0
CUST_04397,TXN_009814,64.81,card,success,,3,7,1,1314,False,,False,0.0
CUST_02563,TXN_009815,149.26,card,failed,authentication_failed,3,2,2,1304,True,update_payment_method,True,149.26
CUST_00609,TXN_009816,137.77,upi,success,,1,10,0,442,False,,False,0.0
CUST_01247,TXN_009817,17.52,upi,success,,2,11,1,1065,False,,False,0.0
CUST_03412,TXN_009818,91.84,card,success,,3,7,6,1011,False,,False,0.0
CUST_02277,TXN_009819,34.71,card,success,,3,6,0,653,False,,False,0.0
CUST_01084,TXN_009820,76.37,wallet,success,,2,9,4,302,False,,False,0.0
CUST_03995,TXN_009821,62.22,card,success,,2,4,1,881,False,,False,0.0
CUST_00603,TXN_009822,12.05,card,success,,1,9,0,24,False,,False,0.0
CUST_01096,TXN_009823,51.42,card,failed,authentication_failed,3,8,2,970,False,,False,0.0
CUST_02328,TXN_009824,74.04,card,success,,2,4,2,1047,False,,False,0.0
CUST_00198,TXN_009825,32.59,upi,success,,1,7,1,434,False,,False,0.0
CUST_01937,TXN_009826,27.19,card,success,,2,9,2,842,False,,False,0.0
CUST_04549,TXN_009827,9.42,upi,success,,1,12,2,595,False,,False,0.0
CUST_04705,TXN_009828,57.22,card,success,,2,9,0,1354,False,,False,0.0
CUST_04359,TXN_009829,39.13,card,success,,2,11,1,108,False,,False,0.0
CUST_01620,TXN_009830,15.84,netbanking,success,,3,8,3,917,False,,False,0.0
CUST_00325,TXN_009831,25.52,upi,success,,3,6,3,672,False,,False,0.0
CUST_04074,TXN_009832,37.47,card,success,,1,7,0,1283,False,,False,0.0
CUST_01867,TXN_009833,21.18,card,success,,1,9,1,1486,False,,False,0.0
CUST_03744,TXN_009834,33.19,upi,success,,2,6,2,1491,False,,False,0.0
CUST_00596,TXN_009835,8.17,netbanking,success,,3,4,2,607,False,,False,0.0
CUST_03339,TXN_009836,97.47,upi,success,,1,8,3,653,False,,False,0.0
CUST_02932,TXN_009837,33.54,netbanking,success,,3,8,2,1132,False,,False,0.0
CUST_04602,TXN_009838,13.74,card,success,,1,7,1,556,False,,False,0.0
CUST_00510,TXN_009839,4.63,wallet,success,,3,6,1,719,False,,False,0.0
CUST_02040,TXN_009840,75.44,card,success,,2,7,5,130,False,,False,0.0
CUST_04949,TXN_009841,51.75,card,success,,1,10,0,1339,False,,False,0.0
CUST_01948,TXN_009842,39.19,upi,success,,3,15,2,1330,False,,False,0.0
CUST_03290,TXN_009843,66.08,card,success,,2,12,0,1482,False,,False,0.0
CUST_00805,TXN_009844,65.94,card,success,,2,6,2,1441,False,,False,0.0
CUST_03642,TXN_009845,38.69,card,success,,3,3,1,541,False,,False,0.0
CUST_01379,TXN_009846,27.02,upi,success,,2,9,3,1498,False,,False,0.0
CUST_02861,TXN_009847,23.72,netbanking,success,,2,12,0,1015,False,,False,0.0
CUST_04399,TXN_009848,46.37,upi,success,,2,10,0,500,False,,False,0.0
CUST_03305,TXN_009849,101.25,card,success,,1,7,0,1307,False,,False,0.0
CUST_02372,TXN_009850,30.5,card,success,,1,9,1,682,False,,False,0.0
CUST_00951,TXN_009851,107.9,netbanking,success,,2,5,1,600,False,,False,0.0
CUST_01707,TXN_009852,44.64,upi,success,,1,6,4,265,False,,False,0.0
CUST_04246,TXN_009853,44.91,upi,success,,3,9,2,140,False,,False,0.0
CUST_01081,TXN_009854,226.8,card,success,,2,2,2,802,False,,False,0.0
CUST_03281,TXN_009855,124.23,card,failed,insufficient_funds,2,9,2,860,True,update_payment_method,True,124.23
CUST_02425,TXN_009856,126.84,card,success,,3,9,1,308,False,,False,0.0
CUST_01605,TXN_009857,17.49,upi,success,,2,11,0,28,False,,False,0.0
CUST_03583,TXN_009858,191.28,netbanking,success,,3,10,1,167,False,,False,0.0
CUST_01811,TXN_009859,31.01,wallet,success,,3,7,0,515,False,,False,0.0
CUST_01434,TXN_009860,27.61,card,success,,1,6,3,135,False,,False,0.0
CUST_02646,TXN_009861,5.89,upi,success,,1,5,3,940,False,,False,0.0
CUST_03788,TXN_009862,42.99,netbanking,success,,2,5,0,236,False,,False,0.0
CUST_04320,TXN_009863,13.92,card,success,,1,10,1,772,False,,False,0.0
CUST_03149,TXN_009864,45.91,upi,success,,2,5,1,691,False,,False,0.0
CUST_03310,TXN_009865,13.08,upi,success,,3,12,0,428,False,,False,0.0
CUST_03938,TXN_009866,139.51,card,success,,3,13,1,462,False,,False,0.0
CUST_01346,TXN_009867,51.48,card,failed,network_error,3,9,4,125,True,offer_support,False,0.0
CUST_01255,TXN_009868,205.18,card,success,,1,5,2,861,False,,False,0.0
CUST_02420,TXN_009869,14.61,upi,success,,3,15,1,568,False,,False,0.0
CUST_03155,TXN_009870,114.36,card,success,,1,12,1,731,False,,False,0.0
CUST_03230,TXN_009871,7.83,card,success,,2,2,2,1277,False,,False,0.0
CUST_00769,TXN_009872,39.11,card,success,,3,3,3,835,False,,False,0.0
CUST_03903,TXN_009873,19.98,netbanking,failed,network_error,3,8,3,123,True,update_payment_method,False,0.0
CUST_01819,TXN_009874,23.14,netbanking,success,,1,8,1,596,False,,False,0.0
CUST_04386,TXN_009875,21.91,wallet,success,,2,9,0,753,False,,False,0.0
CUST_03622,TXN_009876,15.93,netbanking,success,,3,6,2,74,False,,False,0.0
CUST_04914,TXN_009877,12.09,card,success,,2,6,2,80,False,,False,0.0
CUST_03158,TXN_009878,23.24,card,success,,2,7,0,526,False,,False,0.0
CUST_02637,TXN_009879,36.34,upi,success,,2,11,1,473,False,,False,0.0
CUST_00940,TXN_009880,84.01,upi,success,,2,9,2,873,False,,False,0.0
CUST_01993,TXN_009881,41.94,upi,success,,2,11,3,470,False,,False,0.0
CUST_04291,TXN_009882,84.2,card,success,,1,9,3,571,False,,False,0.0
CUST_01910,TXN_009883,10.15,wallet,success,,3,11,2,983,False,,False,0.0
CUST_00267,TXN_009884,23.42,card,success,,3,8,4,226,False,,False,0.0
CUST_01226,TXN_009885,58.49,upi,success,,1,8,1,22,False,,False,0.0
CUST_02976,TXN_009886,43.58,netbanking,success,,1,11,2,514,False,,False,0.0
CUST_03145,TXN_009887,16.63,upi,success,,2,9,2,1248,False,,False,0.0
CUST_04919,TXN_009888,69.91,netbanking,success,,2,6,1,210,False,,False,0.0
CUST_04669,TXN_009889,21.65,upi,success,,3,10,1,1094,False,,False,0.0
CUST_02657,TXN_009890,17.78,netbanking,failed,network_error,1,8,0,1473,False,,False,0.0
CUST_02773,TXN_009891,48.89,netbanking,success,,3,11,2,877,False,,False,0.0
CUST_04003,TXN_009892,33.28,card,success,,1,9,2,719,False,,False,0.0
CUST_00244,TXN_009893,21.79,card,success,,1,13,3,1322,False,,False,0.0
CUST_02976,TXN_009894,21.21,netbanking,failed,card_declined,3,11,3,1365,True,send_reminder,True,21.21
CUST_02370,TXN_009895,14.07,upi,success,,2,9,1,85,False,,False,0.0
CUST_03915,TXN_009896,24.13,upi,success,,1,9,2,234,False,,False,0.0
CUST_04001,TXN_009897,79.84,card,success,,3,11,2,788,False,,False,0.0
CUST_03278,TXN_009898,40.27,card,success,,2,9,3,629,False,,False,0.0
CUST_03286,TXN_009899,71.3,upi,success,,1,7,1,1051,False,,False,0.0
CUST_03455,TXN_009900,50.04,wallet,success,,3,5,4,695,False,,False,0.0
CUST_02901,TXN_009901,20.29,card,success,,1,8,2,12,False,,False,0.0
CUST_01139,TXN_009902,8.85,card,success,,2,8,1,575,False,,False,0.0
CUST_01423,TXN_009903,15.78,card,success,,1,10,2,394,False,,False,0.0
CUST_03709,TXN_009904,19.36,upi,failed,insufficient_funds,2,9,1,459,True,send_reminder,True,19.36
CUST_03092,TXN_009905,18.19,card,success,,1,8,1,1304,False,,False,0.0
CUST_01190,TXN_009906,72.59,upi,success,,1,6,0,939,False,,False,0.0
CUST_04389,TXN_009907,71.99,card,success,,1,10,1,1199,False,,False,0.0
CUST_04903,TXN_009908,194.32,card,success,,3,4,2,1417,False,,False,0.0
CUST_03130,TXN_009909,17.98,card,success,,3,5,0,433,False,,False,0.0
CUST_01139,TXN_009910,118.86,card,success,,1,8,1,1304,False,,False,0.0
CUST_04691,TXN_009911,118.28,netbanking,failed,insufficient_funds,1,6,1,752,False,,False,0.0
CUST_01184,TXN_009912,27.5,wallet,success,,2,11,2,1034,False,,False,0.0
CUST_02162,TXN_009913,48.37,netbanking,failed,network_error,2,12,2,752,True,send_reminder,True,48.37
CUST_04293,TXN_009914,89.35,netbanking,success,,3,4,1,904,False,,False,0.0
CUST_02603,TXN_009915,31.59,card,success,,3,3,1,1303,False,,False,0.0
CUST_01215,TXN_009916,29.69,netbanking,success,,3,9,0,554,False,,False,0.0
CUST_00401,TXN_009917,20.05,upi,success,,1,5,0,159,False,,False,0.0
CUST_01805,TXN_009918,5.01,netbanking,success,,1,6,1,838,False,,False,0.0
CUST_03360,TXN_009919,35.04,upi,success,,1,6,3,438,False,,False,0.0
CUST_03573,TXN_009920,18.77,card,success,,2,6,0,1315,False,,False,0.0
CUST_01115,TXN_009921,14.01,card,success,,3,1,2,873,False,,False,0.0
CUST_00794,TXN_009922,46.42,card,success,,3,8,0,1373,False,,False,0.0
CUST_03507,TXN_009923,10.37,card,success,,3,7,2,1378,False,,False,0.0
CUST_00796,TXN_009924,63.11,upi,failed,card_declined,3,15,0,744,False,,False,0.0
CUST_00322,TXN_009925,48.76,wallet,success,,2,6,2,356,False,,False,0.0
CUST_02432,TXN_009926,24.04,card,success,,2,6,0,1046,False,,False,0.0
CUST_02854,TXN_009927,31.48,upi,success,,1,6,4,1353,False,,False,0.0
CUST_01219,TXN_009928,12.78,upi,success,,1,6,3,848,False,,False,0.0
CUST_01056,TXN_009929,60.36,card,success,,3,12,2,1486,False,,False,0.0
CUST_01179,TXN_009930,38.47,card,success,,2,9,1,4,False,,False,0.0
CUST_01714,TXN_009931,40.83,card,success,,3,4,1,1320,False,,False,0.0
CUST_00047,TXN_009932,49.48,upi,success,,3,10,1,986,False,,False,0.0
CUST_00059,TXN_009933,19.81,card,failed,authentication_failed,2,10,0,211,True,retry_payment,True,19.81
CUST_01852,TXN_009934,9.82,card,success,,1,11,3,172,False,,False,0.0
CUST_00100,TXN_009935,71.23,card,success,,2,9,1,1139,False,,False,0.0
CUST_01591,TXN_009936,57.45,netbanking,failed,authentication_failed,3,7,4,203,True,retry_payment,False,0.0
CUST_02904,TXN_009937,21.58,netbanking,success,,1,10,2,1392,False,,False,0.0
CUST_00156,TXN_009938,45.94,card,success,,2,6,1,625,False,,False,0.0
CUST_03089,TXN_009939,90.59,upi,success,,2,9,1,7,False,,False,0.0
CUST_03106,TXN_009940,82.35,wallet,success,,3,9,1,1220,False,,False,0.0
CUST_02867,TXN_009941,21.08,card,success,,1,5,2,1313,False,,False,0.0
CUST_03133,TXN_009942,10.06,card,success,,1,9,0,517,False,,False,0.0
CUST_04046,TXN_009943,11.54,card,success,,2,9,4,1260,False,,False,0.0
CUST_00354,TXN_009944,25.81,card,success,,1,5,1,959,False,,False,0.0
CUST_00844,TXN_009945,106.68,netbanking,success,,2,12,1,1479,False,,False,0.0
CUST_01585,TXN_009946,18.49,netbanking,success,,1,8,3,246,False,,False,0.0
CUST_03440,TXN_009947,20.55,upi,success,,2,9,2,783,False,,False,0.0
CUST_04364,TXN_009948,20.22,card,success,,3,8,1,1444,False,,False,0.0
CUST_04593,TXN_009949,21.64,netbanking,success,,3,5,3,37,False,,False,0.0
CUST_02911,TXN_009950,32.82,card,failed,card_declined,3,7,2,137,False,,False,0.0
CUST_02051,TXN_009951,11.89,card,success,,2,14,3,409,False,,False,0.0
CUST_02060,TXN_009952,78.85,card,success,,2,5,2,304,False,,False,0.0
CUST_00300,TXN_009953,29.49,netbanking,success,,1,4,1,1183,False,,False,0.0
CUST_02326,TXN_009954,240.64,upi,failed,authentication_failed,3,3,2,714,True,send_reminder,False,0.0
CUST_02564,TXN_009955,12.95,upi,success,,3,6,1,599,False,,False,0.0
CUST_01042,TXN_009956,118.14,upi,success,,2,7,3,1496,False,,False,0.0
CUST_03839,TXN_009957,100.79,card,success,,1,6,1,743,False,,False,0.0
CUST_04059,TXN_009958,23.82,card,success,,3,12,1,102,False,,False,0.0
CUST_01510,TXN_009959,24.14,netbanking,success,,1,4,1,361,False,,False,0.0
CUST_04570,TXN_009960,15.85,wallet,success,,1,10,2,618,False,,False,0.0
CUST_00536,TXN_009961,15.99,upi,success,,1,11,3,398,False,,False,0.0
CUST_04553,TXN_009962,33.1,card,success,,1,4,6,949,False,,False,0.0
CUST_03840,TXN_009963,33.67,wallet,success,,3,9,1,190,False,,False,0.0
CUST_01120,TXN_009964,9.19,card,success,,2,7,0,35,False,,False,0.0
CUST_03251,TXN_009965,207.43,card,success,,1,6,1,1100,False,,False,0.0
CUST_01554,TXN_009966,26.91,card,success,,3,9,3,909,False,,False,0.0
CUST_03998,TXN_009967,34.9,card,success,,2,8,2,1317,False,,False,0.0
CUST_00803,TXN_009968,20.07,upi,failed,authentication_failed,3,8,3,168,True,update_payment_method,True,20.07
CUST_01225,TXN_009969,26.75,upi,success,,2,11,3,628,False,,False,0.0
CUST_01536,TXN_009970,24.87,card,success,,1,6,1,682,False,,False,0.0
CUST_00999,TXN_009971,33.04,card,success,,3,9,0,489,False,,False,0.0
CUST_01664,TXN_009972,32.73,upi,success,,3,11,4,425,False,,False,0.0
CUST_03013,TXN_009973,63.05,card,success,,3,12,1,1357,False,,False,0.0
CUST_03165,TXN_009974,39.72,card,failed,authentication_failed,3,7,2,1199,True,retry_payment,True,39.72
CUST_02770,TXN_009975,58.17,card,success,,3,9,1,460,False,,False,0.0
CUST_00949,TXN_009976,32.86,netbanking,success,,3,9,1,785,False,,False,0.0
CUST_01013,TXN_009977,39.85,wallet,success,,3,4,0,253,False,,False,0.0
CUST_04597,TXN_009978,27.3,card,success,,2,9,1,905,False,,False,0.0
CUST_01257,TXN_009979,73.88,upi,success,,3,6,3,1227,False,,False,0.0
CUST_00516,TXN_009980,42.87,netbanking,failed,network_error,2,7,1,490,True,offer_support,False,0.0
CUST_02270,TXN_009981,29.18,card,success,,1,9,1,24,False,,False,0.0
CUST_00035,TXN_009982,28.49,wallet,success,,1,6,0,322,False,,False,0.0
CUST_01713,TXN_009983,30.34,upi,failed,card_declined,2,2,3,151,False,,False,0.0
CUST_04274,TXN_009984,33.93,upi,success,,2,11,1,976,False,,False,0.0
CUST_01337,TXN_009985,31.66,upi,success,,2,5,1,870,False,,False,0.0
CUST_03519,TXN_009986,21.18,card,success,,1,6,1,395,False,,False,0.0
CUST_02449,TXN_009987,61.06,netbanking,success,,2,6,0,862,False,,False,0.0
CUST_01777,TXN_009988,64.23,upi,success,,2,9,3,159,False,,False,0.0
CUST_03308,TXN_009989,137.98,card,success,,1,8,0,822,False,,False,0.0
CUST_02977,TXN_009990,20.43,upi,failed,insufficient_funds,2,9,0,193,True,offer_support,True,20.43
CUST_01591,TXN_009991,56.44,wallet,success,,2,11,0,380,False,,False,0.0
CUST_01118,TXN_009992,7.19,netbanking,failed,card_declined,2,12,0,596,False,,False,0.0
CUST_04584,TXN_009993,64.28,upi,success,,1,9,5,982,False,,False,0.0
CUST_00842,TXN_009994,10.33,card,success,,3,12,2,1167,False,,False,0.0
CUST_04797,TXN_009995,15.07,card,success,,2,10,1,308,False,,False,0.0
CUST_02356,TXN_009996,43.2,card,success,,2,6,3,711,False,,False,0.0
CUST_04983,TXN_009997,20.14,netbanking,success,,1,6,1,1001,False,,False,0.0
CUST_01766,TXN_009998,18.05,netbanking,success,,2,8,0,1484,False,,False,0.0
CUST_02827,TXN_009999,22.47,wallet,failed,expired_card,2,6,2,314,False,,False,0.0
CUST_03076,TXN_010000,59.36,card,success,,1,8,2,116,False,,False,0.0
